{
  "program": "raw_identity",
  "domain": "fred_md",
  "weight_decay": 0.001,
  "u_adam_L2_per_seed": {
    "0": 0.22964674023736575,
    "1": 0.22645146841133024,
    "2": 0.23200394948811454
  },
  "u_adam_L2_mean": 0.2293673860456035,
  "u_cf": 0.20110639714410383,
  "u_cf_band_10pct": [
    0.18099575742969345,
    0.22121703685851424
  ],
  "in_band": false,
  "u_adam_noL2_frozen": 0.230857623954379,
  "conclusion": "Adam+L2(λ=1e-3) U_adam_L2=0.229367；U_cf±10%带=[0.1810,0.2212]；仍不在带内→正则不足以完全解释（vs 无L2冻结0.2309）",
  "_written_at_utc": "2026-07-12T03:57:06+00:00"
}