{
  "program": "raw_identity",
  "domain": "fred_md",
  "baseline_gap_x1": 0.029751226810275172,
  "u_cf": 0.20110639714410383,
  "u_adam_x1_frozen": 0.230857623954379,
  "extended": {
    "x2_epochs240": {
      "per_seed": {
        "0": 0.219350808447146,
        "1": 0.25726843619330675,
        "2": 0.23083112993721497
      },
      "mean": 0.23581679152588922,
      "gap_to_cf": 0.03471039438178539
    },
    "x4_epochs480": {
      "per_seed": {
        "0": 0.2483326333664755,
        "1": 0.23927432173609528,
        "2": 0.22997947148821682
      },
      "mean": 0.23919547553026255,
      "gap_to_cf": 0.038089078386158715
    }
  },
  "monotone_narrowing": false,
  "conclusion": "gap(U_adamâˆ’U_cf): x1=0.0298 â†’ x2=0.0347 â†’ x4=0.0381ï¼›وœھهچ•è°ƒو”¶çھ„â†’é‌‍ç؛¯و¬ و”¶و•›",
  "_written_at_utc": "2026-07-12T03:58:22+00:00"
}