{
  "domain": "fred_md",
  "source": "C0_FREEZE per_domain_utilities",
  "per_program": {
    "il+median_w15": {
      "u_cf": 0.2474020874452872,
      "u_adam": 0.26129642343560544,
      "delta_cf_minus_adam": -0.013894335990318252,
      "rel_delta": -0.05317461221868736
    },
    "il+median_w25": {
      "u_cf": 0.19760622440344444,
      "u_adam": 0.21269218458501576,
      "delta_cf_minus_adam": -0.015085960181571323,
      "rel_delta": -0.07092860610278454
    },
    "il+median_w9": {
      "u_cf": 0.20139626631254756,
      "u_adam": 0.22203835209250194,
      "delta_cf_minus_adam": -0.020642085779954383,
      "rel_delta": -0.09296630778161612
    },
    "il+smooth_ma_w5": {
      "u_cf": 0.30514392903346976,
      "u_adam": 0.3191485397043787,
      "delta_cf_minus_adam": -0.014004610670908912,
      "rel_delta": -0.04388116794731733
    },
    "il+winsorize": {
      "u_cf": 0.233494262144054,
      "u_adam": 0.2591527687018264,
      "delta_cf_minus_adam": -0.02565850655777241,
      "rel_delta": -0.09900919325038868
    },
    "il+winsorize+savgol": {
      "u_cf": 0.3398745977410694,
      "u_adam": 0.3341680392195596,
      "delta_cf_minus_adam": 0.0057065585215097525,
      "rel_delta": 0.017076912965217336
    },
    "impute_linear": {
      "u_cf": 0.20110639714410383,
      "u_adam": 0.230857623954379,
      "delta_cf_minus_adam": -0.029751226810275172,
      "rel_delta": -0.12887261984535744
    },
    "raw_identity": {
      "u_cf": 0.20110639714410383,
      "u_adam": 0.230857623954379,
      "delta_cf_minus_adam": -0.029751226810275172,
      "rel_delta": -0.12887261984535744
    }
  },
  "delta_range": [
    -0.029751226810275172,
    0.0057065585215097525
  ],
  "delta_spread": 0.035457785331784925,
  "uniform_level_shift": false,
  "conclusion": "fred 8程序 Δ(cf−adam): 全≤0=False，范围[-0.0298,0.0057]，极差=0.0355；程序相关（非纯均匀位移）",
  "_written_at_utc": "2026-07-12T03:58:22+00:00"
}