{
  "source": "C0_FREEZE criterion1_raw_level",
  "per_domain": {
    "covid_deaths": {
      "u_cf_raw": 1.3738401600225636,
      "u_adam_raw": 1.3837675834814909,
      "delta_cf_minus_adam": -0.009927423458927276,
      "rel_delta": -0.007174198599124839,
      "cf_better": true,
      "gate1_pass": true
    },
    "fred_md": {
      "u_cf_raw": 0.20110639714410383,
      "u_adam_raw": 0.230857623954379,
      "delta_cf_minus_adam": -0.029751226810275172,
      "rel_delta": -0.12887261984535744,
      "cf_better": true,
      "gate1_pass": false
    },
    "nn5_daily": {
      "u_cf_raw": 0.5866972150006133,
      "u_adam_raw": 0.6069345059053453,
      "delta_cf_minus_adam": -0.02023729090473192,
      "rel_delta": -0.03334345091245815,
      "cf_better": true,
      "gate1_pass": true
    },
    "tourism_monthly": {
      "u_cf_raw": 1.0142873832249302,
      "u_adam_raw": 1.01401880766196,
      "delta_cf_minus_adam": 0.0002685755629701081,
      "rel_delta": 0.0002648625064355238,
      "cf_better": false,
      "gate1_pass": true
    }
  },
  "n_cf_better": 3,
  "rel_tol": 0.1,
  "conclusion": "四域 raw: 闭式更优(U_cf<U_adam)域数=3/4；rel Δ={'covid_deaths': -0.0072, 'fred_md': -0.1289, 'nn5_daily': -0.0333, 'tourism_monthly': 0.0003}；仅 fred 越 ±10% 线（-0.1289），其余|rel|≤0.0333",
  "_written_at_utc": "2026-07-12T03:58:22+00:00"
}