{
  "program": "raw_identity",
  "lam": 0.001,
  "per_domain": {
    "covid_deaths": {
      "n_series_with_windows": 16,
      "total_windows": 288,
      "cond_data_gram": 1.1323241886979588e+19,
      "cond_regularized_gram": 2845182.0249659563,
      "min_eig_data": -7.315936953046329e-13
    },
    "fred_md": {
      "n_series_with_windows": 16,
      "total_windows": 2352,
      "cond_data_gram": 9.312561011173292e+18,
      "cond_regularized_gram": 49113655.758136876,
      "min_eig_data": -1.0828190722773588e-11
    },
    "nn5_daily": {
      "n_series_with_windows": 16,
      "total_windows": 2592,
      "cond_data_gram": 2.0411012524276378e+18,
      "cond_regularized_gram": 17228257.653908767,
      "min_eig_data": -4.946913606218518e-12
    },
    "tourism_monthly": {
      "n_series_with_windows": 16,
      "total_windows": 392,
      "cond_data_gram": 4.3998992181146455e+18,
      "cond_regularized_gram": 2725674.731738026,
      "min_eig_data": -2.1690497194824426e-12
    }
  },
  "worst_conditioned": "covid_deaths",
  "fred_rank": 3,
  "conclusion": "data-Gram 条件数: {'covid_deaths': '1.13e+19', 'fred_md': '9.31e+18', 'nn5_daily': '2.04e+18', 'tourism_monthly': '4.40e+18'}；最病态域=covid_deaths；fred 排名 3/4（fred 非最病态）",
  "_written_at_utc": "2026-07-12T03:58:23+00:00"
}