{
  "domain": "fred_md",
  "program": "raw_identity",
  "per_series": {
    "fred_md:T16": {
      "n_windows": 147,
      "cf_rmse_mean": 0.24771357939058225,
      "adam120_rmse_mean": 0.272663074823354,
      "adam480_rmse_mean": 0.2794899297097788,
      "adam120_minus_cf": 0.02494949543277175,
      "adam480_minus_cf": 0.03177635031919657
    },
    "fred_md:T19": {
      "n_windows": 147,
      "cf_rmse_mean": 0.14182520733829135,
      "adam120_rmse_mean": 0.17518497778556788,
      "adam480_rmse_mean": 0.1873083404244394,
      "adam120_minus_cf": 0.03335977044727653,
      "adam480_minus_cf": 0.04548313308614804
    },
    "fred_md:T8": {
      "n_windows": 147,
      "cf_rmse_mean": 0.09308437978693063,
      "adam120_rmse_mean": 0.12520226988319336,
      "adam480_rmse_mean": 0.13258147826582783,
      "adam120_minus_cf": 0.03211789009626273,
      "adam480_minus_cf": 0.03949709847889721
    },
    "fred_md:T20": {
      "n_windows": 147,
      "cf_rmse_mean": 0.32180242206061116,
      "adam120_rmse_mean": 0.35038017332540083,
      "adam480_rmse_mean": 0.3574021537210041,
      "adam120_minus_cf": 0.028577751264789675,
      "adam480_minus_cf": 0.03559973166039293
    }
  },
  "order_by_n_windows": [
    "fred_md:T16",
    "fred_md:T19",
    "fred_md:T8",
    "fred_md:T20"
  ],
  "n_windows_sorted": [
    147,
    147,
    147,
    147
  ],
  "gap_adam120_minus_cf_sorted": [
    0.02494949543277175,
    0.03335977044727653,
    0.03211789009626273,
    0.028577751264789675
  ],
  "gap_adam480_minus_cf_sorted": [
    0.03177635031919657,
    0.04548313308614804,
    0.03949709847889721,
    0.03559973166039293
  ],
  "corr_nwin_gap120": NaN,
  "low_window_worse": false,
  "specialization_deepens_x4": true,
  "conclusion": "按窗数升序 [('fred_md:T16', 147), ('fred_md:T19', 147), ('fred_md:T8', 147), ('fred_md:T20', 147)]；Adam−cf(120) [0.0249, 0.0334, 0.0321, 0.0286]；corr(n_win,gap)=nan；窗少序列更差=False；×4时短序列特化加深=True",
  "_written_at_utc": "2026-07-12T04:54:28+00:00"
}