{
  "note": "诊断层 weighted-Adam（每窗 w_i=n̄/nᵢ）全 96-fit；其余 == 冻结 trainer（同 seeds/epoch=120/lr=1e-2/无L2）",
  "j_raw_c0": 0.7939827888480528,
  "epsilon": 0.015879655776961057,
  "delta_safe": 0.039699139442402644,
  "criterion1_weighted_per_domain": {
    "covid_deaths": {
      "abs_diff": 0.009927423458927276,
      "tol": 0.13837675834814908,
      "u_cf_raw": 1.3738401600225636,
      "u_adam_raw": 1.3837675834814909,
      "pass": true
    },
    "fred_md": {
      "abs_diff": 0.029751226810275172,
      "tol": 0.0230857623954379,
      "u_cf_raw": 0.20110639714410383,
      "u_adam_raw": 0.230857623954379,
      "pass": false
    },
    "nn5_daily": {
      "abs_diff": 0.02023729090473192,
      "tol": 0.06069345059053453,
      "u_cf_raw": 0.5866972150006133,
      "u_adam_raw": 0.6069345059053453,
      "pass": true
    },
    "tourism_monthly": {
      "abs_diff": 0.0009310470261707504,
      "tol": 0.1015218430251101,
      "u_cf_raw": 1.0142873832249302,
      "u_adam_raw": 1.015218430251101,
      "pass": true
    }
  },
  "criterion1_official_per_domain": {
    "covid_deaths": {
      "abs_diff": 0.009927423458927276,
      "tol": 0.13837675834814908,
      "pass": true
    },
    "fred_md": {
      "abs_diff": 0.029751226810275172,
      "tol": 0.0230857623954379,
      "pass": false
    },
    "nn5_daily": {
      "abs_diff": 0.02023729090473192,
      "tol": 0.06069345059053453,
      "pass": true
    },
    "tourism_monthly": {
      "abs_diff": 0.0002685755629701081,
      "tol": 0.10140188076619601,
      "pass": true
    }
  },
  "full_gate_weighted": {
    "epsilon": 0.015879655776961057,
    "criterion1_raw_level": {
      "per_domain": {
        "covid_deaths": {
          "u_cf_raw": 1.3738401600225636,
          "u_adam_raw": 1.3837675834814909,
          "abs_diff": 0.009927423458927276,
          "tol": 0.13837675834814908,
          "pass": true
        },
        "fred_md": {
          "u_cf_raw": 0.20110639714410383,
          "u_adam_raw": 0.230857623954379,
          "abs_diff": 0.029751226810275172,
          "tol": 0.0230857623954379,
          "pass": false
        },
        "nn5_daily": {
          "u_cf_raw": 0.5866972150006133,
          "u_adam_raw": 0.6069345059053453,
          "abs_diff": 0.02023729090473192,
          "tol": 0.06069345059053453,
          "pass": true
        },
        "tourism_monthly": {
          "u_cf_raw": 1.0142873832249302,
          "u_adam_raw": 1.015218430251101,
          "abs_diff": 0.0009310470261707504,
          "tol": 0.1015218430251101,
          "pass": true
        }
      },
      "rel_tol": 0.1,
      "pass": false
    },
    "criterion2_spearman": {
      "per_domain_rho": {
        "covid_deaths": 1.0,
        "fred_md": 0.927710843373494,
        "nn5_daily": 1.0,
        "tourism_monthly": 1.0
      },
      "median_rho": 1.0,
      "threshold": 0.7,
      "pass": true
    },
    "criterion3_prime_top1": {
      "n_episodes": 64,
      "n_agree": 56,
      "rate": 0.875,
      "loss_tol": 0.007939827888480529,
      "threshold": 0.6,
      "pass": true
    },
    "criterion4_preset_sign": {
      "n_pairs_total": 32,
      "n_excluded_near_zero": 8,
      "n_evaluated": 24,
      "n_agree": 24,
      "rate": 1.0,
      "near_zero_band": 0.003969913944240264,
      "threshold": 0.75,
      "pass": true,
      "preset_gains": {
        "G_hi_full": {
          "raw_identity": {
            "gain_cf": 0.0,
            "gain_adam": 0.0
          },
          "impute_linear": {
            "gain_cf": 0.0,
            "gain_adam": 0.0
          },
          "il+winsorize": {
            "gain_cf": -0.748364734391429,
            "gain_adam": -0.7541611432245565
          },
          "il+winsorize+savgol": {
            "gain_cf": -1.4777583938612517,
            "gain_adam": -1.4815668267706041
          },
          "il+median_w9": {
            "gain_cf": -1.2881675514943476,
            "gain_adam": -1.313733047932611
          },
          "il+median_w15": {
            "gain_cf": -1.4590122880693626,
            "gain_adam": -1.474982604330296
          },
          "il+median_w25": {
            "gain_cf": -1.6904993977478195,
            "gain_adam": -1.6972201053430631
          },
          "il+smooth_ma_w5": {
            "gain_cf": -0.5879987731672491,
            "gain_adam": -0.5879411823391585
          }
        },
        "G_hi_miss": {
          "raw_identity": {
            "gain_cf": 0.0,
            "gain_adam": 0.0
          },
          "impute_linear": {
            "gain_cf": 0.0,
            "gain_adam": 0.0
          },
          "il+winsorize": {
            "gain_cf": -0.757791909860479,
            "gain_adam": -0.7668098394681369
          },
          "il+winsorize+savgol": {
            "gain_cf": -1.4389396387797637,
            "gain_adam": -1.4077236551488697
          },
          "il+median_w9": {
            "gain_cf": -1.2600079499799515,
            "gain_adam": -1.2890357848244198
          },
          "il+median_w15": {
            "gain_cf": -1.465197535265753,
            "gain_adam": -1.4692227137396596
          },
          "il+median_w25": {
            "gain_cf": -1.6155687393290834,
            "gain_adam": -1.6413081497375268
          },
          "il+smooth_ma_w5": {
            "gain_cf": -0.6013856979889792,
            "gain_adam": -0.5984014941286437
          }
        },
        "G_lo_full": {
          "raw_identity": {
            "gain_cf": 0.0,
            "gain_adam": 0.0
          },
          "impute_linear": {
            "gain_cf": 0.0,
            "gain_adam": 0.0
          },
          "il+winsorize": {
            "gain_cf": -0.2767078522336418,
            "gain_adam": -0.2785103945095033
          },
          "il+winsorize+savgol": {
            "gain_cf": -1.1101320367026015,
            "gain_adam": -1.0635028883891193
          },
          "il+median_w9": {
            "gain_cf": -1.0149557126527693,
            "gain_adam": -1.0357337618829339
          },
          "il+median_w15": {
            "gain_cf": -1.2483122471769552,
            "gain_adam": -1.2447272902169793
          },
          "il+median_w25": {
            "gain_cf": -1.469017287030662,
            "gain_adam": -1.4622284937911674
          },
          "il+smooth_ma_w5": {
            "gain_cf": -0.5312027653456574,
            "gain_adam": -0.5138321682055789
          }
        },
        "G_lo_miss": {
          "raw_identity": {
            "gain_cf": 0.0,
            "gain_adam": 0.0
          },
          "impute_linear": {
            "gain_cf": 0.0,
            "gain_adam": 0.0
          },
          "il+winsorize": {
            "gain_cf": -0.24081901384478188,
            "gain_adam": -0.24210538619523425
          },
          "il+winsorize+savgol": {
            "gain_cf": -1.1670723873541373,
            "gain_adam": -1.112165601720848
          },
          "il+median_w9": {
            "gain_cf": -0.9943522697151647,
            "gain_adam": -1.003328681071442
          },
          "il+median_w15": {
            "gain_cf": -1.1847634326465855,
            "gain_adam": -1.1874989497687793
          },
          "il+median_w25": {
            "gain_cf": -1.321687630012562,
            "gain_adam": -1.3368031547206927
          },
          "il+smooth_ma_w5": {
            "gain_cf": -0.5426490533387137,
            "gain_adam": -0.5455135124965944
          }
        }
      }
    },
    "pass": false
  },
  "summary_vs_official": {
    "epsilon_weighted": 0.015879655776961057,
    "epsilon_official": 0.015879655776961057,
    "criterion1_pass_weighted": false,
    "criterion1_pass_official": false,
    "criterion2_weighted": {
      "median_rho": 1.0,
      "pass": true
    },
    "criterion2_official": {
      "median_rho": 1.0,
      "pass": true
    },
    "criterion3_weighted": {
      "rate": 0.875,
      "pass": true
    },
    "criterion3_official": {
      "rate": 0.890625,
      "pass": true
    },