{
 "freeze_config_sha": "d27acaf5f6c5bf7e",
 "smoke_dev": false,
 "verdict": {
  "C1_vs_global": {
   "point": -0.18071050281094292,
   "fullrefit_ci_hi": -0.09283509691148571,
   "passed": true
  },
  "C2_vs_d_lookup": {
   "point": -0.1576556367252856,
   "fullrefit_ci_hi": -0.07452249910136664,
   "passed": true
  },
  "C3_vs_d_gbdt": {
   "point": -0.17755510422779475,
   "fullrefit_ci_hi": -0.10734063254523224,
   "passed": true
  },
  "C4_season_worst_lcb": {
   "fullrefit_q05_by_subgroup": {
    "forecast|snrHigh|full|S_season": 0.015541450837562169,
    "forecast|snrHigh|miss|S_season": -0.016446238639732994,
    "forecast|snrLow|full|S_season": -0.03927142189547941,
    "forecast|snrLow|miss|S_season": -0.020576753612201806
   },
   "worst": -0.03927142189547941,
   "passed": true
  },
  "C5_trend_retention": {
   "retention": 1.1267682275923572,
   "passed": true
  },
  "C6_reporter": {
   "passed": false,
   "directions_ok": [
    false,
    false,
    false,
    true
   ],
   "significant_reversals": [
    true,
    true,
    false,
    false
   ],
   "rule": "两报告器 perf(dp)>perf(global)∧>perf(d_lookup) 且无显著反向（freeze C6）"
  }
 },
 "gates_passed": false,
 "all_gates_decided": true,
 "report_only": {
  "overall_worst_group": {
   "subgroup": "forecast|snrLow|full|S_trend",
   "fullrefit_q05": -0.41049129189046607,
   "note": "不作门；不得写'全局安全'（A-40⑦）"
  },
  "cell_equal": {
   "d_gbdt": {
    "per_cell": {
     "forecast|snrHigh|full": 0.17223790900717173,
     "forecast|snrHigh|miss": 0.4075082185677789,
     "forecast|snrLow|full": 0.6130197275190419,
     "forecast|snrLow|miss": 0.6134767270878069
    },
    "cell_equal_mean_regret": 0.45156064554544983
   },
   "d_lookup": {
    "per_cell": {
     "forecast|snrHigh|full": 0.2599855012268799,
     "forecast|snrHigh|miss": 0.3368280028571205,
     "forecast|snrLow|full": 0.6172188016383262,
     "forecast|snrLow|miss": 0.5126124064494364
    },
    "cell_equal_mean_regret": 0.43166117804294074
   },
   "dp_abstain": {
    "per_cell": {
     "forecast|snrHigh|full": 0.11719971863126769,
     "forecast|snrHigh|miss": 0.12050541319558912,
     "forecast|snrLow|full": 0.563898440191866,
     "forecast|snrLow|miss": 0.2944185932518976
    },
    "cell_equal_mean_regret": 0.2740055413176551
   },
   "dp_gbdt": {
    "per_cell": {
     "forecast|snrHigh|full": 0.09757156944038949,
     "forecast|snrHigh|miss": 0.12668371100442502,
     "forecast|snrLow|full": 0.5270846687813999,
     "forecast|snrLow|miss": 0.2327018358873095
    },
    "cell_equal_mean_regret": 0.246010446278381
   },
   "global": {
    "per_cell": {
     "forecast|snrHigh|full": 0.2599855012268799,
     "forecast|snrHigh|miss": 0.3368280028571205,
     "forecast|snrLow|full": 0.6773742485503824,
     "forecast|snrLow|miss": 0.5446764238800095
    },
    "cell_equal_mean_regret": 0.45471604412859806
   },
   "oracle_struct": {
    "per_cell": {
     "forecast|snrHigh|full": 0.05161883341371762,
     "forecast|snrHigh|miss": 0.048477543081549154,
     "forecast|snrLow|full": 0.37303152693008895,
     "forecast|snrLow|miss": 0.2054831405058097
    },
    "cell_equal_mean_regret": 0.16965276098279136
   },
   "p_gbdt": {
    "per_cell": {
     "forecast|snrHigh|full": 0.18220800767857218,
     "forecast|snrHigh|miss": 0.1418636371550597,
     "forecast|snrLow|full": 0.5363607296541433,
     "forecast|snrLow|miss": 0.2347131091238103
    },
    "cell_equal_mean_regret": 0.27378637090289637
   },
   "true_d_gbdt": {
    "per_cell": {
     "forecast|snrHigh|full": 0.24892359253099722,
     "forecast|snrHigh|miss": 0.3427124458823346,
     "forecast|snrLow|full": 0.595089705539007,
     "forecast|snrLow|miss": 0.45539661885143495
    },
    "cell_equal_mean_regret": 0.41053059070094344
   }
  },
  "comparisons_cell_equal": {
   "dp_abstain_vs_global": {
    "boot_mean": -0.17845646752224378,
    "ci_lo": -0.2747327007294265,
    "ci_hi": -0.0906805342370378,
    "n_boot": 1000
   },
   "dp_abstain_vs_d_lookup": {
    "boot_mean": -0.1473167824617107,
    "ci_lo": -0.21616375602614865,
    "ci_hi": -0.07109084906448328,
    "n_boot": 1000
   },
   "dp_abstain_vs_d_gbdt": {
    "boot_mean": -0.177340061724133,
    "ci_lo": -0.24964350570273705,
    "ci_hi": -0.10868651787471324,
    "n_boot": 1000
   },
   "dp_abstain_vs_true_d_gbdt": {
    "boot_mean": -0.13569432827908823,
    "ci_lo": -0.2077426328292318,
    "ci_hi": -0.061455910552577,
    "n_boot": 1000
   },
   "dp_abstain_vs_dp_gbdt": {
    "boot_mean": 0.03008604452328783,
    "ci_lo": -0.0034549994412863827,
    "ci_hi": 0.06755328338257666,
    "n_boot": 1000
   }
  },
  "report_comparators": {
   "dp_abstain_vs_true_d_gbdt": {
    "boot_mean": -0.13601370275419855,
    "ci_lo": -0.20864594992151797,
    "ci_hi": -0.06093366047454544,
    "n_boot": 1000
   },
   "dp_abstain_vs_dp_gbdt": {
    "boot_mean": 0.03007683886219297,
    "ci_lo": -0.00376826667503132,
    "ci_hi": 0.06721593217005326,
    "n_boot": 1000
   }
  }
 }
}