{"S2:S_ar:n_hi_block_hi:1": 1.0802484680088582, "S2:S_ar:n_hi_block_hi:6": 1.0638510699597643, "S2:S_ar:n_hi_block_lo:4": 1.0778932578990972, "S2:S_both:n_hi_block_hi:3": 2.5689713094509803, "S2:S_both:n_hi_block_lo:1": 2.5511639410064992, "S2:S_hetero:n_hi_block_hi:1": 1.0452961624433437, "S2:S_hetero:n_hi_block_hi:9": 1.0747790677314613, "S2:S_hetero:n_hi_block_lo:6": 0.9854115449573511, "S2:S_intermittent:n_hi_block_hi:6": 1.1766598444998781, "S2:S_intermittent:n_hi_block_lo:5": 1.0127180256327322, "S2:S_multiseason:n_hi_block_hi:2": 1.018988848038217, "S2:S_multiseason:n_hi_block_lo:0": 1.6348555643118312, "S2:S_regime:n_hi_block_hi:0": 1.113709469646993, "S2:S_regime:n_hi_block_hi:8": 4.374209345907134, "S2:S_regime:n_hi_block_lo:5": 1.536394141450851, "S2:S_season:n_hi_block_hi:5": 1.2431602703155615, "S2:S_season:n_hi_block_lo:2": 0.3686467737921786, "S2:S_trend:n_hi_block_hi:1": 8.620734421295802, "S2:S_trend:n_hi_block_hi:8": 10.761232672151955, "S2:S_trend:n_hi_block_lo:6": 8.767981919244527, "S2:S_ar:n_hi_block_hi:2": 1.166918523379282, "S2:S_ar:n_hi_block_hi:8": 1.21472943975118, "S2:S_ar:n_hi_block_lo:6": 1.0805738464274384, "S2:S_both:n_hi_block_hi:6": 3.0789023167559595, "S2:S_both:n_hi_block_lo:2": 2.4817887287038904, "S2:S_hetero:n_hi_block_hi:3": 1.1567888222749427, "S2:S_hetero:n_hi_block_lo:1": 1.2636929069480067, "S2:S_intermittent:n_hi_block_hi:2": 1.0418525427981709, "S2:S_intermittent:n_hi_block_hi:8": 1.0442721448618126, "S2:S_intermittent:n_hi_block_lo:6": 1.0357033592200056, "S2:S_multiseason:n_hi_block_hi:3": 1.5640074249530223, "S2:S_multiseason:n_hi_block_lo:2": 1.032727770883688, "S2:S_regime:n_hi_block_hi:2": 1.6821858268043377, "S2:S_regime:n_hi_block_hi:9": 3.4907157073750845, "S2:S_regime:n_hi_block_lo:7": 7.829405113312852, "S2:S_season:n_hi_block_hi:6": 0.38912764623991675, "S2:S_season:n_hi_block_lo:3": 0.43258966542042987, "S2:S_trend:n_hi_block_hi:3": 8.539502601116666, "S2:S_trend:n_hi_block_lo:0": 12.577803196786386, "S2:S_ar:n_hi_block_hi:3": 1.3860404551453698, "S2:S_ar:n_hi_block_lo:0": 1.2861812887249489, "S2:S_both:n_hi_block_hi:0": 2.7633449286895284, "S2:S_both:n_hi_block_hi:7": 2.516940342279038, "S2:S_both:n_hi_block_lo:4": 2.5200115491198813, "S2:S_hetero:n_hi_block_hi:4": 1.011476530320085, "S2:S_hetero:n_hi_block_lo:2": 1.0029618155681905, "S2:S_intermittent:n_hi_block_hi:3": 1.0173116098547288, "S2:S_intermittent:n_hi_block_hi:9": 1.3590665907920148, "S2:S_intermittent:n_hi_block_lo:7": 0.9800306838416601, "S2:S_multiseason:n_hi_block_hi:4": 1.6404586391914175, "S2:S_multiseason:n_hi_block_lo:3": 0.7574886228319913, "S2:S_regime:n_hi_block_hi:3": 9.236466131527717, "S2:S_regime:n_hi_block_lo:0": 3.8916860421901074, "S2:S_season:n_hi_block_hi:1": 1.083619843973742, "S2:S_season:n_hi_block_hi:7": 0.45760757462842394, "S2:S_season:n_hi_block_lo:5": 0.444345965574446, "S2:S_trend:n_hi_block_hi:4": 8.78694352926807, "S2:S_trend:n_hi_block_lo:1": 9.585078521362677, "S2:S_ar:n_hi_block_hi:4": 1.093607073517254, "S2:S_ar:n_hi_block_lo:1": 1.2260127818188309, "S2:S_both:n_hi_block_hi:1": 2.574511908127318, "S2:S_both:n_hi_block_hi:8": 2.4279543122670577, "S2:S_both:n_hi_block_lo:6": 2.535915205585985, "S2:S_hetero:n_hi_block_hi:7": 1.043111844918024, "S2:S_hetero:n_hi_block_lo:4": 1.0996487944973867, "S2:S_intermittent:n_hi_block_hi:4": 0.28488574766443675, "S2:S_intermittent:n_hi_block_lo:0": 1.0321780123645463, "S2:S_multiseason:n_hi_block_hi:0": 0.8119502458990644, "S2:S_multiseason:n_hi_block_hi:7": 0.7804017663856393, "S2:S_multiseason:n_hi_block_lo:4": 1.458354871713385, "S2:S_regime:n_hi_block_hi:6": 2.6759388400193735, "S2:S_regime:n_hi_block_lo:2": 6.9558222835900025, "S2:S_season:n_hi_block_hi:2": 0.48013127125993726, "S2:S_season:n_hi_block_hi:8": 0.5241698026036292, "S2:S_season:n_hi_block_lo:7": 0.4232814077831515, "S2:S_trend:n_hi_block_hi:5": 9.133241467988858, "S2:S_trend:n_hi_block_lo:3": 8.85882768784057, "S2:S_ar:n_hi_block_hi:5": 1.0499580253379504, "S2:S_ar:n_hi_block_lo:2": 1.0832066809361782, "S2:S_both:n_hi_block_hi:2": 2.395966076439753, "S2:S_both:n_hi_block_lo:0": 2.402983682622848, "S2:S_hetero:n_hi_block_hi:0": 1.1250578948532035, "S2:S_hetero:n_hi_block_hi:8": 1.019943216374405, "S2:S_hetero:n_hi_block_lo:5": 1.1094127225579133, "S2:S_intermittent:n_hi_block_hi:5": 1.074821747041234, "S2:S_intermittent:n_hi_block_lo:2": 1.1349055957542526, "S2:S_multiseason:n_hi_block_hi:1": 1.0499291578931327, "S2:S_multiseason:n_hi_block_hi:8": 1.1284030498045001, "S2:S_multiseason:n_hi_block_lo:7": 1.1292507295202254, "S2:S_regime:n_hi_block_hi:7": 6.885159330241049, "S2:S_regime:n_hi_block_lo:3": 1.363914280143612, "S2:S_season:n_hi_block_hi:3": 0.3869447027369231, "S2:S_season:n_hi_block_lo:1": 0.6578926558439231, "S2:S_trend:n_hi_block_hi:0": 9.111868547906, "S2:S_trend:n_hi_block_hi:6": 9.046903736784794, "S2:S_trend:n_hi_block_lo:4": 9.745859079295524}