{"S2:S_ar:n_hi_block_hi:1": 1.076120182892989, "S2:S_ar:n_hi_block_hi:6": 1.1072744608616443, "S2:S_ar:n_hi_block_lo:4": 1.0789045821295995, "S2:S_both:n_hi_block_hi:3": 2.4190071749455413, "S2:S_both:n_hi_block_lo:1": 2.4811236907509566, "S2:S_hetero:n_hi_block_hi:1": 1.0572835186739362, "S2:S_hetero:n_hi_block_hi:9": 1.0484938725126394, "S2:S_hetero:n_hi_block_lo:6": 0.9965856882707066, "S2:S_intermittent:n_hi_block_hi:6": 1.185654991738329, "S2:S_intermittent:n_hi_block_lo:5": 1.0130936115682816, "S2:S_multiseason:n_hi_block_hi:2": 1.0184287069711149, "S2:S_multiseason:n_hi_block_lo:0": 1.7082408329917476, "S2:S_regime:n_hi_block_hi:0": 1.3009860237831468, "S2:S_regime:n_hi_block_hi:8": 4.34112030653055, "S2:S_regime:n_hi_block_lo:5": 1.6008321848116653, "S2:S_season:n_hi_block_hi:5": 1.1718849975676278, "S2:S_season:n_hi_block_lo:2": 0.4275254950708728, "S2:S_trend:n_hi_block_hi:1": 8.768170329626813, "S2:S_trend:n_hi_block_hi:8": 10.296582174283172, "S2:S_trend:n_hi_block_lo:6": 8.898356732086038, "S2:S_ar:n_hi_block_hi:2": 1.1515673357909335, "S2:S_ar:n_hi_block_hi:8": 1.1778712163398637, "S2:S_ar:n_hi_block_lo:6": 1.1576670992562716, "S2:S_both:n_hi_block_hi:6": 2.915727343636067, "S2:S_both:n_hi_block_lo:2": 2.374788459875242, "S2:S_hetero:n_hi_block_hi:3": 1.1455812820477822, "S2:S_hetero:n_hi_block_lo:1": 1.3220706505414692, "S2:S_intermittent:n_hi_block_hi:2": 1.0694535656100916, "S2:S_intermittent:n_hi_block_hi:8": 1.0306752180121077, "S2:S_intermittent:n_hi_block_lo:6": 1.032904567880642, "S2:S_multiseason:n_hi_block_hi:3": 1.5577864965335606, "S2:S_multiseason:n_hi_block_lo:2": 1.1005803952578166, "S2:S_regime:n_hi_block_hi:2": 1.9300360541854937, "S2:S_regime:n_hi_block_hi:9": 3.4829143181422952, "S2:S_regime:n_hi_block_lo:7": 8.241113729695238, "S2:S_season:n_hi_block_hi:6": 0.4265061329942302, "S2:S_season:n_hi_block_lo:3": 0.533057810046295, "S2:S_trend:n_hi_block_hi:3": 8.628163034555199, "S2:S_trend:n_hi_block_lo:0": 14.874300595368691, "S2:S_ar:n_hi_block_hi:3": 1.420431578848991, "S2:S_ar:n_hi_block_lo:0": 1.3305365166366965, "S2:S_both:n_hi_block_hi:0": 2.799659139468546, "S2:S_both:n_hi_block_hi:7": 2.4295992060892986, "S2:S_both:n_hi_block_lo:4": 2.403596626181518, "S2:S_hetero:n_hi_block_hi:4": 1.0174483171830833, "S2:S_hetero:n_hi_block_lo:2": 0.9799458220076441, "S2:S_intermittent:n_hi_block_hi:3": 0.9943997559791784, "S2:S_intermittent:n_hi_block_hi:9": 1.3401654556070057, "S2:S_intermittent:n_hi_block_lo:7": 0.9819580011654567, "S2:S_multiseason:n_hi_block_hi:4": 1.592670859122582, "S2:S_multiseason:n_hi_block_lo:3": 0.8397718318725893, "S2:S_regime:n_hi_block_hi:3": 9.43644238284637, "S2:S_regime:n_hi_block_lo:0": 4.285876815012884, "S2:S_season:n_hi_block_hi:1": 1.0749000292951696, "S2:S_season:n_hi_block_hi:7": 0.4838578401201135, "S2:S_season:n_hi_block_lo:5": 0.48062051143662843, "S2:S_trend:n_hi_block_hi:4": 9.584232027285966, "S2:S_trend:n_hi_block_lo:1": 9.802013212102883, "S2:S_ar:n_hi_block_hi:4": 1.0307306226822242, "S2:S_ar:n_hi_block_lo:1": 1.2148114215692312, "S2:S_both:n_hi_block_hi:1": 2.4343912630546933, "S2:S_both:n_hi_block_hi:8": 2.356838779508558, "S2:S_both:n_hi_block_lo:6": 2.35257187238246, "S2:S_hetero:n_hi_block_hi:7": 1.051450064028492, "S2:S_hetero:n_hi_block_lo:4": 1.0005266956870849, "S2:S_intermittent:n_hi_block_hi:4": 0.27596773028807986, "S2:S_intermittent:n_hi_block_lo:0": 1.028077630592346, "S2:S_multiseason:n_hi_block_hi:0": 0.8671588513342067, "S2:S_multiseason:n_hi_block_hi:7": 0.8188033538378643, "S2:S_multiseason:n_hi_block_lo:4": 1.5061260426777643, "S2:S_regime:n_hi_block_hi:6": 3.033666436239109, "S2:S_regime:n_hi_block_lo:2": 6.885869071877874, "S2:S_season:n_hi_block_hi:2": 0.5336950971987087, "S2:S_season:n_hi_block_hi:8": 0.6044874719684251, "S2:S_season:n_hi_block_lo:7": 0.4825265808176861, "S2:S_trend:n_hi_block_hi:5": 9.10132525612239, "S2:S_trend:n_hi_block_lo:3": 9.048064775334145, "S2:S_ar:n_hi_block_hi:5": 1.035228038367189, "S2:S_ar:n_hi_block_lo:2": 1.0692711293435346, "S2:S_both:n_hi_block_hi:2": 2.411701051173327, "S2:S_both:n_hi_block_lo:0": 2.306114443412127, "S2:S_hetero:n_hi_block_hi:0": 0.9986035895618468, "S2:S_hetero:n_hi_block_hi:8": 1.0047733463749164, "S2:S_hetero:n_hi_block_lo:5": 0.9522149528312004, "S2:S_intermittent:n_hi_block_hi:5": 1.089765242935214, "S2:S_intermittent:n_hi_block_lo:2": 1.1602230671286682, "S2:S_multiseason:n_hi_block_hi:1": 1.0847038801073705, "S2:S_multiseason:n_hi_block_hi:8": 1.1869750238906085, "S2:S_multiseason:n_hi_block_lo:7": 1.1487210524190994, "S2:S_regime:n_hi_block_hi:7": 6.88463098475639, "S2:S_regime:n_hi_block_lo:3": 1.3007079663246568, "S2:S_season:n_hi_block_hi:3": 0.4432789573010154, "S2:S_season:n_hi_block_lo:1": 0.7509135468701558, "S2:S_trend:n_hi_block_hi:0": 9.235580897737352, "S2:S_trend:n_hi_block_hi:6": 9.168228371420662, "S2:S_trend:n_hi_block_lo:4": 9.845803513829011}