{"S2:S_ar:n_hi_block_hi:1": 1.1153780249848244, "S2:S_ar:n_hi_block_hi:6": 1.1583056838414025, "S2:S_ar:n_hi_block_lo:4": 1.0651485917830021, "S2:S_both:n_hi_block_hi:3": 2.6094661199084745, "S2:S_both:n_hi_block_lo:1": 2.6577009400303777, "S2:S_hetero:n_hi_block_hi:1": 1.1251451185443657, "S2:S_hetero:n_hi_block_hi:9": 1.0427306337987756, "S2:S_hetero:n_hi_block_lo:6": 1.1682195000803637, "S2:S_intermittent:n_hi_block_hi:6": 1.283942145160196, "S2:S_intermittent:n_hi_block_lo:5": 1.0458484608247551, "S2:S_multiseason:n_hi_block_hi:2": 1.0277437287539477, "S2:S_multiseason:n_hi_block_lo:0": 1.5460086241161066, "S2:S_regime:n_hi_block_hi:0": 1.2213263909780185, "S2:S_regime:n_hi_block_hi:8": 4.339037540785122, "S2:S_regime:n_hi_block_lo:5": 1.422101808601288, "S2:S_season:n_hi_block_hi:5": 1.5385316977111734, "S2:S_season:n_hi_block_lo:2": 0.37139957523107153, "S2:S_trend:n_hi_block_hi:1": 8.734771169068438, "S2:S_trend:n_hi_block_hi:8": 13.139229809683812, "S2:S_trend:n_hi_block_lo:6": 9.01388174743021, "S2:S_ar:n_hi_block_hi:2": 1.1592929064135924, "S2:S_ar:n_hi_block_hi:8": 1.19398772835402, "S2:S_ar:n_hi_block_lo:6": 1.0615370881362765, "S2:S_both:n_hi_block_hi:6": 3.0481752296035003, "S2:S_both:n_hi_block_lo:2": 2.4417561198089652, "S2:S_hetero:n_hi_block_hi:3": 1.1419559496516993, "S2:S_hetero:n_hi_block_lo:1": 1.3725361366297282, "S2:S_intermittent:n_hi_block_hi:2": 1.1894512228806833, "S2:S_intermittent:n_hi_block_hi:8": 1.0912931790485738, "S2:S_intermittent:n_hi_block_lo:6": 1.0299526582525542, "S2:S_multiseason:n_hi_block_hi:3": 1.5549614534485674, "S2:S_multiseason:n_hi_block_lo:2": 1.0710870623119586, "S2:S_regime:n_hi_block_hi:2": 1.8966320341558232, "S2:S_regime:n_hi_block_hi:9": 3.531568375930739, "S2:S_regime:n_hi_block_lo:7": 8.124018364156976, "S2:S_season:n_hi_block_hi:6": 0.38346383434863784, "S2:S_season:n_hi_block_lo:3": 0.46229098904529137, "S2:S_trend:n_hi_block_hi:3": 8.779827107601559, "S2:S_trend:n_hi_block_lo:0": 18.143637914777145, "S2:S_ar:n_hi_block_hi:3": 1.4255653774273227, "S2:S_ar:n_hi_block_lo:0": 1.6021807477354297, "S2:S_both:n_hi_block_hi:0": 2.6483438299189075, "S2:S_both:n_hi_block_hi:7": 2.504921656469046, "S2:S_both:n_hi_block_lo:4": 2.5194408766579657, "S2:S_hetero:n_hi_block_hi:4": 1.0095916073022755, "S2:S_hetero:n_hi_block_lo:2": 1.0984861759201694, "S2:S_intermittent:n_hi_block_hi:3": 1.0425563313036588, "S2:S_intermittent:n_hi_block_hi:9": 1.3307439905275107, "S2:S_intermittent:n_hi_block_lo:7": 0.9798461125930884, "S2:S_multiseason:n_hi_block_hi:4": 1.472648559841651, "S2:S_multiseason:n_hi_block_lo:3": 0.794136198553461, "S2:S_regime:n_hi_block_hi:3": 9.316530792670758, "S2:S_regime:n_hi_block_lo:0": 4.192358442878722, "S2:S_season:n_hi_block_hi:1": 1.0817976978526536, "S2:S_season:n_hi_block_hi:7": 0.4536466784582576, "S2:S_season:n_hi_block_lo:5": 0.44442939982275476, "S2:S_trend:n_hi_block_hi:4": 9.219547972467819, "S2:S_trend:n_hi_block_lo:1": 11.063685381931892, "S2:S_ar:n_hi_block_hi:4": 1.0966400176776052, "S2:S_ar:n_hi_block_lo:1": 1.2510214073274952, "S2:S_both:n_hi_block_hi:1": 2.4958652573000872, "S2:S_both:n_hi_block_hi:8": 2.43284515314891, "S2:S_both:n_hi_block_lo:6": 2.524823904694468, "S2:S_hetero:n_hi_block_hi:7": 1.1394886603742111, "S2:S_hetero:n_hi_block_lo:4": 1.077093486139132, "S2:S_intermittent:n_hi_block_hi:4": 0.2737866809038718, "S2:S_intermittent:n_hi_block_lo:0": 1.0276665333827761, "S2:S_multiseason:n_hi_block_hi:0": 0.8059070290572702, "S2:S_multiseason:n_hi_block_hi:7": 0.8159524668792778, "S2:S_multiseason:n_hi_block_lo:4": 1.4050096392532159, "S2:S_regime:n_hi_block_hi:6": 9.008684863592155, "S2:S_regime:n_hi_block_lo:2": 6.82604697425025, "S2:S_season:n_hi_block_hi:2": 0.5080124328522264, "S2:S_season:n_hi_block_hi:8": 0.578791200044823, "S2:S_season:n_hi_block_lo:7": 0.515698188758207, "S2:S_trend:n_hi_block_hi:5": 8.945059915834921, "S2:S_trend:n_hi_block_lo:3": 9.206816951798585, "S2:S_ar:n_hi_block_hi:5": 1.158063812384934, "S2:S_ar:n_hi_block_lo:2": 1.0530100483802565, "S2:S_both:n_hi_block_hi:2": 2.3710276665654586, "S2:S_both:n_hi_block_lo:0": 2.4906955329249847, "S2:S_hetero:n_hi_block_hi:0": 1.3113274752431754, "S2:S_hetero:n_hi_block_hi:8": 1.0333834285588903, "S2:S_hetero:n_hi_block_lo:5": 1.7075652998192352, "S2:S_intermittent:n_hi_block_hi:5": 1.0830037650345046, "S2:S_intermittent:n_hi_block_lo:2": 1.0057174304424858, "S2:S_multiseason:n_hi_block_hi:1": 1.1270967409050343, "S2:S_multiseason:n_hi_block_hi:8": 1.084090436432495, "S2:S_multiseason:n_hi_block_lo:7": 1.5960043986473256, "S2:S_regime:n_hi_block_hi:7": 6.7469147030492875, "S2:S_regime:n_hi_block_lo:3": 1.3613694210147842, "S2:S_season:n_hi_block_hi:3": 0.3995691373021714, "S2:S_season:n_hi_block_lo:1": 0.727193032565953, "S2:S_trend:n_hi_block_hi:0": 9.139674845022082, "S2:S_trend:n_hi_block_hi:6": 9.053456177360239, "S2:S_trend:n_hi_block_lo:4": 9.857859914082606}