{"S2:S_ar:n_hi_block_hi:1": 1.0374915057283445, "S2:S_ar:n_hi_block_hi:6": 1.101845055540121, "S2:S_ar:n_hi_block_lo:4": 1.0547311557875556, "S2:S_both:n_hi_block_hi:3": 2.370169169586973, "S2:S_both:n_hi_block_lo:1": 2.4613620774570655, "S2:S_hetero:n_hi_block_hi:1": 1.057876022645295, "S2:S_hetero:n_hi_block_hi:9": 1.1051283458415684, "S2:S_hetero:n_hi_block_lo:6": 1.0056550388414827, "S2:S_intermittent:n_hi_block_hi:6": 1.0620368188648046, "S2:S_intermittent:n_hi_block_lo:5": 1.0146202364413544, "S2:S_multiseason:n_hi_block_hi:2": 1.0190054865423674, "S2:S_multiseason:n_hi_block_lo:0": 1.5764065057425232, "S2:S_regime:n_hi_block_hi:0": 1.0209081911646953, "S2:S_regime:n_hi_block_hi:8": 4.507388439182993, "S2:S_regime:n_hi_block_lo:5": 1.4766501616060148, "S2:S_season:n_hi_block_hi:5": 1.0226662431788875, "S2:S_season:n_hi_block_lo:2": 0.34098440441067357, "S2:S_trend:n_hi_block_hi:1": 9.192107127171758, "S2:S_trend:n_hi_block_hi:8": 9.314502572476352, "S2:S_trend:n_hi_block_lo:6": 9.138351039439028, "S2:S_ar:n_hi_block_hi:2": 1.167823395220514, "S2:S_ar:n_hi_block_hi:8": 1.2252503539764414, "S2:S_ar:n_hi_block_lo:6": 1.0806654662682436, "S2:S_both:n_hi_block_hi:6": 2.7103267333492367, "S2:S_both:n_hi_block_lo:2": 2.172039309595466, "S2:S_hetero:n_hi_block_hi:3": 1.1557726502798797, "S2:S_hetero:n_hi_block_lo:1": 1.144444108639127, "S2:S_intermittent:n_hi_block_hi:2": 1.061462280032555, "S2:S_intermittent:n_hi_block_hi:8": 1.0324749141913991, "S2:S_intermittent:n_hi_block_lo:6": 1.0481709488913822, "S2:S_multiseason:n_hi_block_hi:3": 1.5215871994432968, "S2:S_multiseason:n_hi_block_lo:2": 0.9944247529060063, "S2:S_regime:n_hi_block_hi:2": 1.6585063574170191, "S2:S_regime:n_hi_block_hi:9": 3.6423855889884953, "S2:S_regime:n_hi_block_lo:7": 8.118279611884432, "S2:S_season:n_hi_block_hi:6": 0.36849933939045765, "S2:S_season:n_hi_block_lo:3": 0.35825031878746944, "S2:S_trend:n_hi_block_hi:3": 8.52448755909352, "S2:S_trend:n_hi_block_lo:0": 10.527616127296795, "S2:S_ar:n_hi_block_hi:3": 1.3403501387717986, "S2:S_ar:n_hi_block_lo:0": 1.2065020187129318, "S2:S_both:n_hi_block_hi:0": 2.6616538330479766, "S2:S_both:n_hi_block_hi:7": 2.1918985227736623, "S2:S_both:n_hi_block_lo:4": 2.2141132473875857, "S2:S_hetero:n_hi_block_hi:4": 1.0020106655751746, "S2:S_hetero:n_hi_block_lo:2": 1.0428224226445741, "S2:S_intermittent:n_hi_block_hi:3": 1.0078071223437521, "S2:S_intermittent:n_hi_block_hi:9": 1.3097839828769995, "S2:S_intermittent:n_hi_block_lo:7": 0.9882811170666368, "S2:S_multiseason:n_hi_block_hi:4": 1.5563030443679862, "S2:S_multiseason:n_hi_block_lo:3": 0.74810241068144, "S2:S_regime:n_hi_block_hi:3": 9.46570388530966, "S2:S_regime:n_hi_block_lo:0": 3.8723348623278366, "S2:S_season:n_hi_block_hi:1": 1.0804854416124676, "S2:S_season:n_hi_block_hi:7": 0.4146016867766545, "S2:S_season:n_hi_block_lo:5": 0.40635002139710774, "S2:S_trend:n_hi_block_hi:4": 9.105188316919035, "S2:S_trend:n_hi_block_lo:1": 9.384958670105116, "S2:S_ar:n_hi_block_hi:4": 1.0891770340761868, "S2:S_ar:n_hi_block_lo:1": 1.190754086627325, "S2:S_both:n_hi_block_hi:1": 2.20277613605805, "S2:S_both:n_hi_block_hi:8": 2.170844215051081, "S2:S_both:n_hi_block_lo:6": 2.2491012052380515, "S2:S_hetero:n_hi_block_hi:7": 1.0378800348069972, "S2:S_hetero:n_hi_block_lo:4": 1.076178320382993, "S2:S_intermittent:n_hi_block_hi:4": 0.24699837383133713, "S2:S_intermittent:n_hi_block_lo:0": 1.0115889870210566, "S2:S_multiseason:n_hi_block_hi:0": 0.7948203299519206, "S2:S_multiseason:n_hi_block_hi:7": 0.7465690969806575, "S2:S_multiseason:n_hi_block_lo:4": 1.4256132097300012, "S2:S_regime:n_hi_block_hi:6": 1.1565752728053569, "S2:S_regime:n_hi_block_lo:2": 7.1614255486582925, "S2:S_season:n_hi_block_hi:2": 0.39346631484262057, "S2:S_season:n_hi_block_hi:8": 0.40398831109518124, "S2:S_season:n_hi_block_lo:7": 0.3900173511865576, "S2:S_trend:n_hi_block_hi:5": 9.38142400209232, "S2:S_trend:n_hi_block_lo:3": 9.121146573615013, "S2:S_ar:n_hi_block_hi:5": 1.0840620650765675, "S2:S_ar:n_hi_block_lo:2": 1.0776547902970488, "S2:S_both:n_hi_block_hi:2": 2.2315104066481637, "S2:S_both:n_hi_block_lo:0": 2.1997748282719822, "S2:S_hetero:n_hi_block_hi:0": 1.1575296966545954, "S2:S_hetero:n_hi_block_hi:8": 1.0239303453002988, "S2:S_hetero:n_hi_block_lo:5": 1.1020998378370155, "S2:S_intermittent:n_hi_block_hi:5": 1.0872534455543692, "S2:S_intermittent:n_hi_block_lo:2": 1.1135053682490157, "S2:S_multiseason:n_hi_block_hi:1": 1.1190987547496218, "S2:S_multiseason:n_hi_block_hi:8": 1.0826758518423512, "S2:S_multiseason:n_hi_block_lo:7": 1.1026620011607484, "S2:S_regime:n_hi_block_hi:7": 6.597323474051583, "S2:S_regime:n_hi_block_lo:3": 1.4198858737542315, "S2:S_season:n_hi_block_hi:3": 0.34757067577291795, "S2:S_season:n_hi_block_lo:1": 0.5048191971106443, "S2:S_trend:n_hi_block_hi:0": 9.345013191338925, "S2:S_trend:n_hi_block_hi:6": 9.60382094865532, "S2:S_trend:n_hi_block_lo:4": 9.605523846959741}