{"S2:S_ar:n_hi_block_hi:1": 1.0974760216043538, "S2:S_ar:n_hi_block_hi:6": 1.3028814766675219, "S2:S_ar:n_hi_block_lo:4": 1.0511924323018065, "S2:S_both:n_hi_block_hi:3": 2.402638248809555, "S2:S_both:n_hi_block_lo:1": 2.4781929522454433, "S2:S_hetero:n_hi_block_hi:1": 1.1168399014956234, "S2:S_hetero:n_hi_block_hi:9": 1.0747349518614375, "S2:S_hetero:n_hi_block_lo:6": 1.1779593637128418, "S2:S_intermittent:n_hi_block_hi:6": 1.0340439074559924, "S2:S_intermittent:n_hi_block_lo:5": 1.1326827529874026, "S2:S_multiseason:n_hi_block_hi:2": 1.0380204292249802, "S2:S_multiseason:n_hi_block_lo:0": 1.517573885854554, "S2:S_regime:n_hi_block_hi:0": 1.0608350759431688, "S2:S_regime:n_hi_block_hi:8": 4.443265050308986, "S2:S_regime:n_hi_block_lo:5": 1.3551052652156788, "S2:S_season:n_hi_block_hi:5": 1.2942595714842884, "S2:S_season:n_hi_block_lo:2": 0.33584599722473535, "S2:S_trend:n_hi_block_hi:1": 9.283202565042998, "S2:S_trend:n_hi_block_hi:8": 11.153331111590658, "S2:S_trend:n_hi_block_lo:6": 9.261574363097678, "S2:S_ar:n_hi_block_hi:2": 1.205893156983553, "S2:S_ar:n_hi_block_hi:8": 1.2377164939418173, "S2:S_ar:n_hi_block_lo:6": 1.0029376914351087, "S2:S_both:n_hi_block_hi:6": 2.772535540592206, "S2:S_both:n_hi_block_lo:2": 2.1819322235265117, "S2:S_hetero:n_hi_block_hi:3": 1.1456776073362862, "S2:S_hetero:n_hi_block_lo:1": 1.1219740604356039, "S2:S_intermittent:n_hi_block_hi:2": 1.2143233374147384, "S2:S_intermittent:n_hi_block_hi:8": 1.1079247371240817, "S2:S_intermittent:n_hi_block_lo:6": 1.04980066291005, "S2:S_multiseason:n_hi_block_hi:3": 1.5125130747600621, "S2:S_multiseason:n_hi_block_lo:2": 1.043893360863079, "S2:S_regime:n_hi_block_hi:2": 1.7862695474466332, "S2:S_regime:n_hi_block_hi:9": 3.6584864621002926, "S2:S_regime:n_hi_block_lo:7": 8.26677238851744, "S2:S_season:n_hi_block_hi:6": 0.35673131214878573, "S2:S_season:n_hi_block_lo:3": 0.3437249782458002, "S2:S_trend:n_hi_block_hi:3": 8.595206820380621, "S2:S_trend:n_hi_block_lo:0": 14.67716195858249, "S2:S_ar:n_hi_block_hi:3": 1.2267066819346926, "S2:S_ar:n_hi_block_lo:0": 1.2843213340369934, "S2:S_both:n_hi_block_hi:0": 2.592266924919467, "S2:S_both:n_hi_block_hi:7": 2.2807695640931893, "S2:S_both:n_hi_block_lo:4": 2.2160293480070905, "S2:S_hetero:n_hi_block_hi:4": 1.0091050293770611, "S2:S_hetero:n_hi_block_lo:2": 1.1465079476963715, "S2:S_intermittent:n_hi_block_hi:3": 1.0066652793658466, "S2:S_intermittent:n_hi_block_hi:9": 1.289083262125918, "S2:S_intermittent:n_hi_block_lo:7": 0.9923631026058608, "S2:S_multiseason:n_hi_block_hi:4": 1.3904671016067593, "S2:S_multiseason:n_hi_block_lo:3": 0.7595889312623042, "S2:S_regime:n_hi_block_hi:3": 9.439336650856411, "S2:S_regime:n_hi_block_lo:0": 3.945069881781855, "S2:S_season:n_hi_block_hi:1": 1.0750553402772007, "S2:S_season:n_hi_block_hi:7": 0.40323543319671545, "S2:S_season:n_hi_block_lo:5": 0.39113719813366005, "S2:S_trend:n_hi_block_hi:4": 9.014992075462773, "S2:S_trend:n_hi_block_lo:1": 10.214988217559311, "S2:S_ar:n_hi_block_hi:4": 1.1287753076113434, "S2:S_ar:n_hi_block_lo:1": 1.255875990149088, "S2:S_both:n_hi_block_hi:1": 2.2186080413861955, "S2:S_both:n_hi_block_hi:8": 2.233829994807085, "S2:S_both:n_hi_block_lo:6": 2.271558097274232, "S2:S_hetero:n_hi_block_hi:7": 1.0576317635017, "S2:S_hetero:n_hi_block_lo:4": 1.0881662974213286, "S2:S_intermittent:n_hi_block_hi:4": 0.23011058687070382, "S2:S_intermittent:n_hi_block_lo:0": 1.0505520759644085, "S2:S_multiseason:n_hi_block_hi:0": 0.792829424586339, "S2:S_multiseason:n_hi_block_hi:7": 0.7305749014274941, "S2:S_multiseason:n_hi_block_lo:4": 1.3966220968374572, "S2:S_regime:n_hi_block_hi:6": 1.582626155021539, "S2:S_regime:n_hi_block_lo:2": 6.8439459129385884, "S2:S_season:n_hi_block_hi:2": 0.3929491176107486, "S2:S_season:n_hi_block_hi:8": 0.3932236796484878, "S2:S_season:n_hi_block_lo:7": 0.3750574592701763, "S2:S_trend:n_hi_block_hi:5": 9.479435994323415, "S2:S_trend:n_hi_block_lo:3": 9.372367101093136, "S2:S_ar:n_hi_block_hi:5": 1.247475889942458, "S2:S_ar:n_hi_block_lo:2": 1.0539945766418635, "S2:S_both:n_hi_block_hi:2": 2.235216852495436, "S2:S_both:n_hi_block_lo:0": 2.2418256501318874, "S2:S_hetero:n_hi_block_hi:0": 1.3954899798102005, "S2:S_hetero:n_hi_block_hi:8": 1.0409324838571257, "S2:S_hetero:n_hi_block_lo:5": 1.4353649919555898, "S2:S_intermittent:n_hi_block_hi:5": 1.0963108514808115, "S2:S_intermittent:n_hi_block_lo:2": 0.9548378429872236, "S2:S_multiseason:n_hi_block_hi:1": 1.1153954617178268, "S2:S_multiseason:n_hi_block_hi:8": 1.073440488119213, "S2:S_multiseason:n_hi_block_lo:7": 1.2796663055870012, "S2:S_regime:n_hi_block_hi:7": 6.6411321698121535, "S2:S_regime:n_hi_block_lo:3": 1.5391639089725848, "S2:S_season:n_hi_block_hi:3": 0.3332868286393905, "S2:S_season:n_hi_block_lo:1": 0.46572791808421077, "S2:S_trend:n_hi_block_hi:0": 9.44294979853102, "S2:S_trend:n_hi_block_hi:6": 9.64292099853511, "S2:S_trend:n_hi_block_lo:4": 9.750597458457936}