{"S2:S_ar:n_hi_block_hi:1": 1.1733415406671783, "S2:S_ar:n_hi_block_hi:6": 1.039763410964402, "S2:S_ar:n_hi_block_lo:4": 1.0263363882737682, "S2:S_both:n_hi_block_hi:3": 2.5494211104158953, "S2:S_both:n_hi_block_lo:1": 2.476284658066396, "S2:S_hetero:n_hi_block_hi:1": 1.0706289513094982, "S2:S_hetero:n_hi_block_hi:9": 1.0479183307888034, "S2:S_hetero:n_hi_block_lo:6": 0.9897060445454976, "S2:S_intermittent:n_hi_block_hi:6": 1.0639527756564047, "S2:S_intermittent:n_hi_block_lo:5": 1.4865298770519315, "S2:S_multiseason:n_hi_block_hi:2": 1.0226070465782209, "S2:S_multiseason:n_hi_block_lo:0": 1.8292787606596639, "S2:S_regime:n_hi_block_hi:0": 0.932000132581484, "S2:S_regime:n_hi_block_hi:8": 4.1563132754387935, "S2:S_regime:n_hi_block_lo:5": 1.736620050378436, "S2:S_season:n_hi_block_hi:5": 0.5447258791351626, "S2:S_season:n_hi_block_lo:2": 0.4322333849136778, "S2:S_trend:n_hi_block_hi:1": 9.015235709175618, "S2:S_trend:n_hi_block_hi:8": 9.09892393077152, "S2:S_trend:n_hi_block_lo:6": 9.079511815743771, "S2:S_ar:n_hi_block_hi:2": 1.1822766751671803, "S2:S_ar:n_hi_block_hi:8": 1.1826216335094923, "S2:S_ar:n_hi_block_lo:6": 1.1731543174263481, "S2:S_both:n_hi_block_hi:6": 2.4028935601774273, "S2:S_both:n_hi_block_lo:2": 2.406845244144988, "S2:S_hetero:n_hi_block_hi:3": 1.1362065378766617, "S2:S_hetero:n_hi_block_lo:1": 1.268822573264428, "S2:S_intermittent:n_hi_block_hi:2": 1.0744624904580535, "S2:S_intermittent:n_hi_block_hi:8": 1.0160011702400735, "S2:S_intermittent:n_hi_block_lo:6": 1.0396607724786056, "S2:S_multiseason:n_hi_block_hi:3": 1.481739855392016, "S2:S_multiseason:n_hi_block_lo:2": 1.2277367472886547, "S2:S_regime:n_hi_block_hi:2": 1.9534703233313555, "S2:S_regime:n_hi_block_hi:9": 3.4525708087561915, "S2:S_regime:n_hi_block_lo:7": 8.209676150390058, "S2:S_season:n_hi_block_hi:6": 0.41787113711232704, "S2:S_season:n_hi_block_lo:3": 0.4015007991092318, "S2:S_trend:n_hi_block_hi:3": 8.442745278942112, "S2:S_trend:n_hi_block_lo:0": 8.973759988318001, "S2:S_ar:n_hi_block_hi:3": 1.4505399587467207, "S2:S_ar:n_hi_block_lo:0": 1.016924588733491, "S2:S_both:n_hi_block_hi:0": 2.90687018166865, "S2:S_both:n_hi_block_hi:7": 2.577446726017661, "S2:S_both:n_hi_block_lo:4": 2.4884410420677856, "S2:S_hetero:n_hi_block_hi:4": 1.00660267210404, "S2:S_hetero:n_hi_block_lo:2": 1.0427194945979805, "S2:S_intermittent:n_hi_block_hi:3": 1.0104043412383281, "S2:S_intermittent:n_hi_block_hi:9": 1.2276483352354122, "S2:S_intermittent:n_hi_block_lo:7": 1.0110671525203554, "S2:S_multiseason:n_hi_block_hi:4": 1.7880219631989527, "S2:S_multiseason:n_hi_block_lo:3": 0.8400594405232114, "S2:S_regime:n_hi_block_hi:3": 9.647451565296372, "S2:S_regime:n_hi_block_lo:0": 3.7216540822846667, "S2:S_season:n_hi_block_hi:1": 1.0531962776885375, "S2:S_season:n_hi_block_hi:7": 0.4453271411247694, "S2:S_season:n_hi_block_lo:5": 0.42544342759617576, "S2:S_trend:n_hi_block_hi:4": 8.835868942811807, "S2:S_trend:n_hi_block_lo:1": 8.992532260714041, "S2:S_ar:n_hi_block_hi:4": 1.0565161207307399, "S2:S_ar:n_hi_block_lo:1": 1.4513988100699176, "S2:S_both:n_hi_block_hi:1": 2.564186834016003, "S2:S_both:n_hi_block_hi:8": 2.427102483187229, "S2:S_both:n_hi_block_lo:6": 2.4436009846190645, "S2:S_hetero:n_hi_block_hi:7": 1.0178649801873314, "S2:S_hetero:n_hi_block_lo:4": 1.0403177544061086, "S2:S_intermittent:n_hi_block_hi:4": 0.18349529305734322, "S2:S_intermittent:n_hi_block_lo:0": 1.0732155640572587, "S2:S_multiseason:n_hi_block_hi:0": 0.9331192433602139, "S2:S_multiseason:n_hi_block_hi:7": 0.7910979268862374, "S2:S_multiseason:n_hi_block_lo:4": 1.6946228568644421, "S2:S_regime:n_hi_block_hi:6": 1.1439176246192988, "S2:S_regime:n_hi_block_lo:2": 6.4431251361637445, "S2:S_season:n_hi_block_hi:2": 0.43346088427254326, "S2:S_season:n_hi_block_hi:8": 0.44123936574190914, "S2:S_season:n_hi_block_lo:7": 0.4471497733512408, "S2:S_trend:n_hi_block_hi:5": 9.165058314503915, "S2:S_trend:n_hi_block_lo:3": 9.234181495614026, "S2:S_ar:n_hi_block_hi:5": 1.1986026332349726, "S2:S_ar:n_hi_block_lo:2": 1.1305982916659119, "S2:S_both:n_hi_block_hi:2": 2.155368341261748, "S2:S_both:n_hi_block_lo:0": 2.1677105580021916, "S2:S_hetero:n_hi_block_hi:0": 1.254934281822779, "S2:S_hetero:n_hi_block_hi:8": 1.0354131804434996, "S2:S_hetero:n_hi_block_lo:5": 1.580244468013358, "S2:S_intermittent:n_hi_block_hi:5": 1.0938992158291774, "S2:S_intermittent:n_hi_block_lo:2": 1.248618109492095, "S2:S_multiseason:n_hi_block_hi:1": 1.1145833839151644, "S2:S_multiseason:n_hi_block_hi:8": 1.2969898174536652, "S2:S_multiseason:n_hi_block_lo:7": 1.7689882841744398, "S2:S_regime:n_hi_block_hi:7": 6.8266747063791735, "S2:S_regime:n_hi_block_lo:3": 1.6430936311954754, "S2:S_season:n_hi_block_hi:3": 0.4005268928705295, "S2:S_season:n_hi_block_lo:1": 0.5850783647700648, "S2:S_trend:n_hi_block_hi:0": 9.231233791850384, "S2:S_trend:n_hi_block_hi:6": 9.132586414729568, "S2:S_trend:n_hi_block_lo:4": 9.427637967111751}