{"S2:S_ar:n_hi_block_hi:1": 1.0488175646789641, "S2:S_ar:n_hi_block_hi:6": 1.0232046396694645, "S2:S_ar:n_hi_block_lo:4": 1.0342300819613648, "S2:S_both:n_hi_block_hi:3": 1.6997053429780846, "S2:S_both:n_hi_block_lo:1": 1.6490190093690837, "S2:S_hetero:n_hi_block_hi:1": 1.1020134552556955, "S2:S_hetero:n_hi_block_hi:9": 1.0090160956493224, "S2:S_hetero:n_hi_block_lo:6": 1.0383218527067979, "S2:S_intermittent:n_hi_block_hi:6": 1.0363631015818195, "S2:S_intermittent:n_hi_block_lo:5": 1.040764499422292, "S2:S_multiseason:n_hi_block_hi:2": 1.0163864215451435, "S2:S_multiseason:n_hi_block_lo:0": 2.006286335924495, "S2:S_regime:n_hi_block_hi:0": 0.8998372017361482, "S2:S_regime:n_hi_block_hi:8": 3.8459452562793683, "S2:S_regime:n_hi_block_lo:5": 1.6716278852675128, "S2:S_season:n_hi_block_hi:5": 1.004700734192932, "S2:S_season:n_hi_block_lo:2": 0.7734779575273298, "S2:S_trend:n_hi_block_hi:1": 10.014849272499399, "S2:S_trend:n_hi_block_hi:8": 10.069825488917887, "S2:S_trend:n_hi_block_lo:6": 9.875124946485515, "S2:S_ar:n_hi_block_hi:2": 1.3045944008012194, "S2:S_ar:n_hi_block_hi:8": 1.2222257526926932, "S2:S_ar:n_hi_block_lo:6": 1.1404781691593273, "S2:S_both:n_hi_block_hi:6": 1.4206383029440142, "S2:S_both:n_hi_block_lo:2": 1.4947326067624784, "S2:S_hetero:n_hi_block_hi:3": 1.12113102977748, "S2:S_hetero:n_hi_block_lo:1": 1.0309433355775899, "S2:S_intermittent:n_hi_block_hi:2": 1.0914025886125898, "S2:S_intermittent:n_hi_block_hi:8": 1.0263838220698616, "S2:S_intermittent:n_hi_block_lo:6": 1.0345096135818528, "S2:S_multiseason:n_hi_block_hi:3": 1.3948779489574448, "S2:S_multiseason:n_hi_block_lo:2": 1.4239445291388044, "S2:S_regime:n_hi_block_hi:2": 2.3239263804995964, "S2:S_regime:n_hi_block_hi:9": 3.3593500947003325, "S2:S_regime:n_hi_block_lo:7": 8.770885462434924, "S2:S_season:n_hi_block_hi:6": 0.7200400753431688, "S2:S_season:n_hi_block_lo:3": 0.905200576562122, "S2:S_trend:n_hi_block_hi:3": 9.108812166398058, "S2:S_trend:n_hi_block_lo:0": 9.400120188887659, "S2:S_ar:n_hi_block_hi:3": 1.419430826420307, "S2:S_ar:n_hi_block_lo:0": 1.0749840580577186, "S2:S_both:n_hi_block_hi:0": 3.0838657010182953, "S2:S_both:n_hi_block_hi:7": 1.4730017718195259, "S2:S_both:n_hi_block_lo:4": 1.6349245117362234, "S2:S_hetero:n_hi_block_hi:4": 1.012666515998987, "S2:S_hetero:n_hi_block_lo:2": 1.0227621287492927, "S2:S_intermittent:n_hi_block_hi:3": 1.018374677084255, "S2:S_intermittent:n_hi_block_hi:9": 1.0744212619652178, "S2:S_intermittent:n_hi_block_lo:7": 1.0183694002968167, "S2:S_multiseason:n_hi_block_hi:4": 1.9272444998385334, "S2:S_multiseason:n_hi_block_lo:3": 1.0635420889733067, "S2:S_regime:n_hi_block_hi:3": 10.088486938740363, "S2:S_regime:n_hi_block_lo:0": 4.072845916645175, "S2:S_season:n_hi_block_hi:1": 1.0127282779571853, "S2:S_season:n_hi_block_hi:7": 0.80892163606372, "S2:S_season:n_hi_block_lo:5": 0.8558889739698419, "S2:S_trend:n_hi_block_hi:4": 9.085652080063333, "S2:S_trend:n_hi_block_lo:1": 9.697901863845718, "S2:S_ar:n_hi_block_hi:4": 1.0242296340264232, "S2:S_ar:n_hi_block_lo:1": 1.6007135815669427, "S2:S_both:n_hi_block_hi:1": 1.6683849630277174, "S2:S_both:n_hi_block_hi:8": 1.6668460217852894, "S2:S_both:n_hi_block_lo:6": 1.6937500539046355, "S2:S_hetero:n_hi_block_hi:7": 1.018785781489206, "S2:S_hetero:n_hi_block_lo:4": 1.0237604302574494, "S2:S_intermittent:n_hi_block_hi:4": 0.1117298256670051, "S2:S_intermittent:n_hi_block_lo:0": 1.053113988414723, "S2:S_multiseason:n_hi_block_hi:0": 1.0165453739118215, "S2:S_multiseason:n_hi_block_hi:7": 1.0344918396857763, "S2:S_multiseason:n_hi_block_lo:4": 1.835703622867725, "S2:S_regime:n_hi_block_hi:6": 1.0716784492912077, "S2:S_regime:n_hi_block_lo:2": 5.684165547057471, "S2:S_season:n_hi_block_hi:2": 0.8140757301343867, "S2:S_season:n_hi_block_hi:8": 0.7997090069899279, "S2:S_season:n_hi_block_lo:7": 0.8769403167897274, "S2:S_trend:n_hi_block_hi:5": 9.84744122367805, "S2:S_trend:n_hi_block_lo:3": 9.685540120153487, "S2:S_ar:n_hi_block_hi:5": 0.946925867726039, "S2:S_ar:n_hi_block_lo:2": 1.0502784060628745, "S2:S_both:n_hi_block_hi:2": 1.5706187911127636, "S2:S_both:n_hi_block_lo:0": 1.5426938995125705, "S2:S_hetero:n_hi_block_hi:0": 1.2114454552249045, "S2:S_hetero:n_hi_block_hi:8": 1.0036503978602693, "S2:S_hetero:n_hi_block_lo:5": 1.450352901388184, "S2:S_intermittent:n_hi_block_hi:5": 1.1165740844603962, "S2:S_intermittent:n_hi_block_lo:2": 1.2748430748621233, "S2:S_multiseason:n_hi_block_hi:1": 1.0727268647551869, "S2:S_multiseason:n_hi_block_hi:8": 1.524666982494831, "S2:S_multiseason:n_hi_block_lo:7": 1.891796143700061, "S2:S_regime:n_hi_block_hi:7": 7.3168612279254015, "S2:S_regime:n_hi_block_lo:3": 2.3228870515197264, "S2:S_season:n_hi_block_hi:3": 0.7661015299045157, "S2:S_season:n_hi_block_lo:1": 1.0530291484723724, "S2:S_trend:n_hi_block_hi:0": 10.022286029077751, "S2:S_trend:n_hi_block_hi:6": 9.969505499100467, "S2:S_trend:n_hi_block_lo:4": 10.25076752894595}