{"S2:S_ar:n_hi_block_hi:1": 1.1459472699960571, "S2:S_ar:n_hi_block_hi:6": 1.1698540465507334, "S2:S_ar:n_hi_block_lo:4": 1.016140179253927, "S2:S_both:n_hi_block_hi:3": 2.6292173590145236, "S2:S_both:n_hi_block_lo:1": 2.515016813409967, "S2:S_hetero:n_hi_block_hi:1": 1.146641135700402, "S2:S_hetero:n_hi_block_hi:9": 1.0518135903590138, "S2:S_hetero:n_hi_block_lo:6": 1.1767676182073359, "S2:S_intermittent:n_hi_block_hi:6": 1.432404749059781, "S2:S_intermittent:n_hi_block_lo:5": 1.0711362094657642, "S2:S_multiseason:n_hi_block_hi:2": 0.968945170025113, "S2:S_multiseason:n_hi_block_lo:0": 1.5461628154394293, "S2:S_regime:n_hi_block_hi:0": 1.248226225583856, "S2:S_regime:n_hi_block_hi:8": 4.282806401708233, "S2:S_regime:n_hi_block_lo:5": 1.3977700427978883, "S2:S_season:n_hi_block_hi:5": 0.33595380598985997, "S2:S_season:n_hi_block_lo:2": 0.3244080777491707, "S2:S_trend:n_hi_block_hi:1": 8.331346819296872, "S2:S_trend:n_hi_block_hi:8": 13.3732851604094, "S2:S_trend:n_hi_block_lo:6": 8.597180340436854, "S2:S_ar:n_hi_block_hi:2": 1.1728902982771396, "S2:S_ar:n_hi_block_hi:8": 1.1995880074914826, "S2:S_ar:n_hi_block_lo:6": 1.1112196036799062, "S2:S_both:n_hi_block_hi:6": 3.0616246867209247, "S2:S_both:n_hi_block_lo:2": 2.3779031165625093, "S2:S_hetero:n_hi_block_hi:3": 1.1459363039653105, "S2:S_hetero:n_hi_block_lo:1": 1.393267902415563, "S2:S_intermittent:n_hi_block_hi:2": 1.2327645072707711, "S2:S_intermittent:n_hi_block_hi:8": 1.099960730078298, "S2:S_intermittent:n_hi_block_lo:6": 1.041860399633796, "S2:S_multiseason:n_hi_block_hi:3": 1.5544894505105544, "S2:S_multiseason:n_hi_block_lo:2": 0.968477867509997, "S2:S_regime:n_hi_block_hi:2": 1.8263927255628072, "S2:S_regime:n_hi_block_hi:9": 3.4869994795700863, "S2:S_regime:n_hi_block_lo:7": 7.413831982026636, "S2:S_season:n_hi_block_hi:6": 0.3303898224166073, "S2:S_season:n_hi_block_lo:3": 0.3386239903754876, "S2:S_trend:n_hi_block_hi:3": 8.021571663242163, "S2:S_trend:n_hi_block_lo:0": 17.820696147269476, "S2:S_ar:n_hi_block_hi:3": 1.5080399811076952, "S2:S_ar:n_hi_block_lo:0": 1.620312459529937, "S2:S_both:n_hi_block_hi:0": 2.4987008863752433, "S2:S_both:n_hi_block_hi:7": 2.416366080193963, "S2:S_both:n_hi_block_lo:4": 2.372678642672201, "S2:S_hetero:n_hi_block_hi:4": 1.0102571867232082, "S2:S_hetero:n_hi_block_lo:2": 1.1082601873709714, "S2:S_intermittent:n_hi_block_hi:3": 1.064125609224454, "S2:S_intermittent:n_hi_block_hi:9": 1.3067647257171067, "S2:S_intermittent:n_hi_block_lo:7": 0.9794769387985107, "S2:S_multiseason:n_hi_block_hi:4": 1.4266776358469047, "S2:S_multiseason:n_hi_block_lo:3": 0.7143459001505519, "S2:S_regime:n_hi_block_hi:3": 8.660383071790422, "S2:S_regime:n_hi_block_lo:0": 4.070415145865897, "S2:S_season:n_hi_block_hi:1": 0.396761722881027, "S2:S_season:n_hi_block_hi:7": 0.3799178873515201, "S2:S_season:n_hi_block_lo:5": 0.3763536899106695, "S2:S_trend:n_hi_block_hi:4": 8.596615259584667, "S2:S_trend:n_hi_block_lo:1": 10.983347241881043, "S2:S_ar:n_hi_block_hi:4": 1.100776514538903, "S2:S_ar:n_hi_block_lo:1": 1.2663844104403468, "S2:S_both:n_hi_block_hi:1": 2.3922341339141657, "S2:S_both:n_hi_block_hi:8": 1.9940240030530545, "S2:S_both:n_hi_block_lo:6": 2.4391618941065616, "S2:S_hetero:n_hi_block_hi:7": 1.1494144326239886, "S2:S_hetero:n_hi_block_lo:4": 1.0771425289055416, "S2:S_intermittent:n_hi_block_hi:4": 0.2592891378524149, "S2:S_intermittent:n_hi_block_lo:0": 1.0381148901375814, "S2:S_multiseason:n_hi_block_hi:0": 0.7886708808520839, "S2:S_multiseason:n_hi_block_hi:7": 0.7123295212519701, "S2:S_multiseason:n_hi_block_lo:4": 1.393148443295158, "S2:S_regime:n_hi_block_hi:6": 9.720232079481342, "S2:S_regime:n_hi_block_lo:2": 6.686983376668872, "S2:S_season:n_hi_block_hi:2": 0.38497398651042025, "S2:S_season:n_hi_block_hi:8": 0.36757212743538065, "S2:S_season:n_hi_block_lo:7": 0.3715567440713559, "S2:S_trend:n_hi_block_hi:5": 8.135836193387625, "S2:S_trend:n_hi_block_lo:3": 8.492220788081179, "S2:S_ar:n_hi_block_hi:5": 1.1751682997793536, "S2:S_ar:n_hi_block_lo:2": 1.0547248265151785, "S2:S_both:n_hi_block_hi:2": 2.3003368005079765, "S2:S_both:n_hi_block_lo:0": 2.475929353821257, "S2:S_hetero:n_hi_block_hi:0": 1.3159694387736873, "S2:S_hetero:n_hi_block_hi:8": 1.0461071633792547, "S2:S_hetero:n_hi_block_lo:5": 1.8052064929117504, "S2:S_intermittent:n_hi_block_hi:5": 1.0772079991838475, "S2:S_intermittent:n_hi_block_lo:2": 1.0001542863479553, "S2:S_multiseason:n_hi_block_hi:1": 0.8540523506505476, "S2:S_multiseason:n_hi_block_hi:8": 1.0831897262130956, "S2:S_multiseason:n_hi_block_lo:7": 1.4962371847026357, "S2:S_regime:n_hi_block_hi:7": 6.355027763857177, "S2:S_regime:n_hi_block_lo:3": 1.5478947216866663, "S2:S_season:n_hi_block_hi:3": 0.3481327229367679, "S2:S_season:n_hi_block_lo:1": 0.3536019070007551, "S2:S_trend:n_hi_block_hi:0": 8.454704025239108, "S2:S_trend:n_hi_block_hi:6": 8.36770317771184, "S2:S_trend:n_hi_block_lo:4": 9.170141392251274}