{"S2:S_ar:n_hi_block_hi:1": 1.1315847611905534, "S2:S_ar:n_hi_block_hi:6": 1.0997195171235137, "S2:S_ar:n_hi_block_lo:4": 1.0512874616771783, "S2:S_both:n_hi_block_hi:3": 2.5969199785532595, "S2:S_both:n_hi_block_lo:1": 2.523132160553087, "S2:S_hetero:n_hi_block_hi:1": 1.1449981246180683, "S2:S_hetero:n_hi_block_hi:9": 1.0811161536642162, "S2:S_hetero:n_hi_block_lo:6": 1.0476763894591499, "S2:S_intermittent:n_hi_block_hi:6": 1.052364067222661, "S2:S_intermittent:n_hi_block_lo:5": 1.0242612848122545, "S2:S_multiseason:n_hi_block_hi:2": 1.0299411013824524, "S2:S_multiseason:n_hi_block_lo:0": 1.7409874857108891, "S2:S_regime:n_hi_block_hi:0": 1.097303949619075, "S2:S_regime:n_hi_block_hi:8": 4.293243729334239, "S2:S_regime:n_hi_block_lo:5": 1.3452342526244812, "S2:S_season:n_hi_block_hi:5": 0.353725268236292, "S2:S_season:n_hi_block_lo:2": 0.32834514913257445, "S2:S_trend:n_hi_block_hi:1": 8.82569423433684, "S2:S_trend:n_hi_block_hi:8": 8.92395683513684, "S2:S_trend:n_hi_block_lo:6": 8.954559022114536, "S2:S_ar:n_hi_block_hi:2": 1.1825456987237986, "S2:S_ar:n_hi_block_hi:8": 1.2297641039068088, "S2:S_ar:n_hi_block_lo:6": 1.1035824779311845, "S2:S_both:n_hi_block_hi:6": 2.551290748133998, "S2:S_both:n_hi_block_lo:2": 2.4887177761271784, "S2:S_hetero:n_hi_block_hi:3": 1.1475126664532003, "S2:S_hetero:n_hi_block_lo:1": 1.155742617289335, "S2:S_intermittent:n_hi_block_hi:2": 1.265304930333178, "S2:S_intermittent:n_hi_block_hi:8": 1.0040645303711406, "S2:S_intermittent:n_hi_block_lo:6": 1.0436153419104766, "S2:S_multiseason:n_hi_block_hi:3": 1.506659122312228, "S2:S_multiseason:n_hi_block_lo:2": 1.0944073867812083, "S2:S_regime:n_hi_block_hi:2": 1.8010059495088178, "S2:S_regime:n_hi_block_hi:9": 3.3696171385403226, "S2:S_regime:n_hi_block_lo:7": 8.094329310160465, "S2:S_season:n_hi_block_hi:6": 0.3373253827559771, "S2:S_season:n_hi_block_lo:3": 0.347278764441729, "S2:S_trend:n_hi_block_hi:3": 8.53712619397665, "S2:S_trend:n_hi_block_lo:0": 8.740156678004663, "S2:S_ar:n_hi_block_hi:3": 1.489184790588761, "S2:S_ar:n_hi_block_lo:0": 1.0577231932251736, "S2:S_both:n_hi_block_hi:0": 2.8858550680358683, "S2:S_both:n_hi_block_hi:7": 2.629646549037811, "S2:S_both:n_hi_block_lo:4": 2.5611653231334226, "S2:S_hetero:n_hi_block_hi:4": 1.0389471826818093, "S2:S_hetero:n_hi_block_lo:2": 1.0033350537946877, "S2:S_intermittent:n_hi_block_hi:3": 1.006497074463318, "S2:S_intermittent:n_hi_block_hi:9": 1.287282454817974, "S2:S_intermittent:n_hi_block_lo:7": 1.0262245788601116, "S2:S_multiseason:n_hi_block_hi:4": 1.6971580377226814, "S2:S_multiseason:n_hi_block_lo:3": 0.6998634709623548, "S2:S_regime:n_hi_block_hi:3": 9.577965208058782, "S2:S_regime:n_hi_block_lo:0": 3.6894934692982604, "S2:S_season:n_hi_block_hi:1": 1.0749704813816734, "S2:S_season:n_hi_block_hi:7": 0.3794150290355187, "S2:S_season:n_hi_block_lo:5": 0.38879373221840396, "S2:S_trend:n_hi_block_hi:4": 8.668224224449805, "S2:S_trend:n_hi_block_lo:1": 8.830776705399067, "S2:S_ar:n_hi_block_hi:4": 1.0569231244638195, "S2:S_ar:n_hi_block_lo:1": 1.4119406756071304, "S2:S_both:n_hi_block_hi:1": 2.53233538423578, "S2:S_both:n_hi_block_hi:8": 2.488469000053864, "S2:S_both:n_hi_block_lo:6": 2.516690776147727, "S2:S_hetero:n_hi_block_hi:7": 1.011079855282248, "S2:S_hetero:n_hi_block_lo:4": 1.0633291821405748, "S2:S_intermittent:n_hi_block_hi:4": 0.21091710130984628, "S2:S_intermittent:n_hi_block_lo:0": 1.0036319063350287, "S2:S_multiseason:n_hi_block_hi:0": 0.8012694873926264, "S2:S_multiseason:n_hi_block_hi:7": 0.7053421354141048, "S2:S_multiseason:n_hi_block_lo:4": 1.4444063183934583, "S2:S_regime:n_hi_block_hi:6": 1.1630754308450848, "S2:S_regime:n_hi_block_lo:2": 6.681418649228902, "S2:S_season:n_hi_block_hi:2": 0.36915152702636495, "S2:S_season:n_hi_block_hi:8": 0.3679717352786389, "S2:S_season:n_hi_block_lo:7": 0.3852975248296634, "S2:S_trend:n_hi_block_hi:5": 8.87295717671198, "S2:S_trend:n_hi_block_lo:3": 9.06144545040099, "S2:S_ar:n_hi_block_hi:5": 1.187617133351992, "S2:S_ar:n_hi_block_lo:2": 1.0955080408359184, "S2:S_both:n_hi_block_hi:2": 2.2492383859643312, "S2:S_both:n_hi_block_lo:0": 2.3329958254158307, "S2:S_hetero:n_hi_block_hi:0": 1.1406383699678422, "S2:S_hetero:n_hi_block_hi:8": 1.0381276489037325, "S2:S_hetero:n_hi_block_lo:5": 1.428372459685461, "S2:S_intermittent:n_hi_block_hi:5": 1.0945628670304648, "S2:S_intermittent:n_hi_block_lo:2": 1.1885137909832648, "S2:S_multiseason:n_hi_block_hi:1": 1.1107187139058863, "S2:S_multiseason:n_hi_block_hi:8": 1.1611258197192176, "S2:S_multiseason:n_hi_block_lo:7": 1.5342139011165772, "S2:S_regime:n_hi_block_hi:7": 6.818821795040815, "S2:S_regime:n_hi_block_lo:3": 1.3474539062659312, "S2:S_season:n_hi_block_hi:3": 0.33696294506032487, "S2:S_season:n_hi_block_lo:1": 0.39799158760592734, "S2:S_trend:n_hi_block_hi:0": 9.173410431065168, "S2:S_trend:n_hi_block_hi:6": 9.071819307625782, "S2:S_trend:n_hi_block_lo:4": 9.452105892334634}