{"S2:S_ar:n_hi_block_hi:1": 0.9952760245552585, "S2:S_ar:n_hi_block_hi:6": 0.9986953220094251, "S2:S_ar:n_hi_block_lo:4": 0.9747765255370866, "S2:S_both:n_hi_block_hi:3": 2.204554142288791, "S2:S_both:n_hi_block_lo:1": 2.1070256870498034, "S2:S_hetero:n_hi_block_hi:1": 1.2831502086460629, "S2:S_hetero:n_hi_block_hi:9": 1.0270951174543896, "S2:S_hetero:n_hi_block_lo:6": 1.0166440257476164, "S2:S_intermittent:n_hi_block_hi:6": 1.0080161615571828, "S2:S_intermittent:n_hi_block_lo:5": 1.0699980469272017, "S2:S_multiseason:n_hi_block_hi:2": 1.02365066053358, "S2:S_multiseason:n_hi_block_lo:0": 1.6787837765038147, "S2:S_regime:n_hi_block_hi:0": 0.8905634058628462, "S2:S_regime:n_hi_block_hi:8": 3.5383518120903044, "S2:S_regime:n_hi_block_lo:5": 1.3675919036200084, "S2:S_season:n_hi_block_hi:5": 0.9911211266473477, "S2:S_season:n_hi_block_lo:2": 1.1529490673943705, "S2:S_trend:n_hi_block_hi:1": 8.998064452149666, "S2:S_trend:n_hi_block_hi:8": 9.56238258911976, "S2:S_trend:n_hi_block_lo:6": 9.048864430745988, "S2:S_ar:n_hi_block_hi:2": 1.204303604053029, "S2:S_ar:n_hi_block_hi:8": 1.1946580424450304, "S2:S_ar:n_hi_block_lo:6": 1.1547712980498421, "S2:S_both:n_hi_block_hi:6": 1.9908792371258592, "S2:S_both:n_hi_block_lo:2": 2.023538312584734, "S2:S_hetero:n_hi_block_hi:3": 1.124708330172964, "S2:S_hetero:n_hi_block_lo:1": 1.1519258801104022, "S2:S_intermittent:n_hi_block_hi:2": 1.0972357204893524, "S2:S_intermittent:n_hi_block_hi:8": 1.036189123258898, "S2:S_intermittent:n_hi_block_lo:6": 1.0518107808426322, "S2:S_multiseason:n_hi_block_hi:3": 1.423189184901666, "S2:S_multiseason:n_hi_block_lo:2": 1.3973826579792443, "S2:S_regime:n_hi_block_hi:2": 2.286451326323167, "S2:S_regime:n_hi_block_hi:9": 3.2096501394268193, "S2:S_regime:n_hi_block_lo:7": 8.210679152255233, "S2:S_season:n_hi_block_hi:6": 1.0890439222775659, "S2:S_season:n_hi_block_lo:3": 1.1479157522234744, "S2:S_trend:n_hi_block_hi:3": 8.542529284381445, "S2:S_trend:n_hi_block_lo:0": 8.378577501897247, "S2:S_ar:n_hi_block_hi:3": 1.4192219946109177, "S2:S_ar:n_hi_block_lo:0": 1.1357783518624616, "S2:S_both:n_hi_block_hi:0": 2.839297456791063, "S2:S_both:n_hi_block_hi:7": 2.1041479950471866, "S2:S_both:n_hi_block_lo:4": 2.1412785595821933, "S2:S_hetero:n_hi_block_hi:4": 1.0159940352566197, "S2:S_hetero:n_hi_block_lo:2": 0.9986743732524961, "S2:S_intermittent:n_hi_block_hi:3": 1.0180453039310906, "S2:S_intermittent:n_hi_block_hi:9": 1.1175454185660145, "S2:S_intermittent:n_hi_block_lo:7": 1.0113812757028438, "S2:S_multiseason:n_hi_block_hi:4": 1.539719482729241, "S2:S_multiseason:n_hi_block_lo:3": 1.2103103486692615, "S2:S_regime:n_hi_block_hi:3": 9.453145462203915, "S2:S_regime:n_hi_block_lo:0": 3.84745374316272, "S2:S_season:n_hi_block_hi:1": 1.0296300218824772, "S2:S_season:n_hi_block_hi:7": 1.1070418392378598, "S2:S_season:n_hi_block_lo:5": 1.1280169896208363, "S2:S_trend:n_hi_block_hi:4": 8.811244684232243, "S2:S_trend:n_hi_block_lo:1": 9.080620163408124, "S2:S_ar:n_hi_block_hi:4": 1.0246767765075044, "S2:S_ar:n_hi_block_lo:1": 1.7768825260442962, "S2:S_both:n_hi_block_hi:1": 2.110763156504249, "S2:S_both:n_hi_block_hi:8": 2.176639923273658, "S2:S_both:n_hi_block_lo:6": 2.182306385098, "S2:S_hetero:n_hi_block_hi:7": 0.9960542147446776, "S2:S_hetero:n_hi_block_lo:4": 1.0361120984123486, "S2:S_intermittent:n_hi_block_hi:4": 0.10392163934653507, "S2:S_intermittent:n_hi_block_lo:0": 1.0440278123499758, "S2:S_multiseason:n_hi_block_hi:0": 0.96178802600325, "S2:S_multiseason:n_hi_block_hi:7": 1.1926927638599454, "S2:S_multiseason:n_hi_block_lo:4": 1.6821723281482874, "S2:S_regime:n_hi_block_hi:6": 1.006329004817967, "S2:S_regime:n_hi_block_lo:2": 4.993926106110702, "S2:S_season:n_hi_block_hi:2": 1.0954018394675786, "S2:S_season:n_hi_block_hi:8": 1.1148658382690906, "S2:S_season:n_hi_block_lo:7": 1.2134581491340912, "S2:S_trend:n_hi_block_hi:5": 9.30711412291513, "S2:S_trend:n_hi_block_lo:3": 9.465481352913562, "S2:S_ar:n_hi_block_hi:5": 1.078797658951043, "S2:S_ar:n_hi_block_lo:2": 1.1162006163191736, "S2:S_both:n_hi_block_hi:2": 2.128437546405195, "S2:S_both:n_hi_block_lo:0": 2.0430778504066702, "S2:S_hetero:n_hi_block_hi:0": 1.0881722355376744, "S2:S_hetero:n_hi_block_hi:8": 1.1019103623535718, "S2:S_hetero:n_hi_block_lo:5": 1.5505745976471972, "S2:S_intermittent:n_hi_block_hi:5": 1.106659497511533, "S2:S_intermittent:n_hi_block_lo:2": 1.2865518412932029, "S2:S_multiseason:n_hi_block_hi:1": 1.0620753156816805, "S2:S_multiseason:n_hi_block_hi:8": 1.3907616520914705, "S2:S_multiseason:n_hi_block_lo:7": 1.5781147620658584, "S2:S_regime:n_hi_block_hi:7": 6.942378944450221, "S2:S_regime:n_hi_block_lo:3": 1.0724812833867605, "S2:S_season:n_hi_block_hi:3": 1.101516051277527, "S2:S_season:n_hi_block_lo:1": 1.2244348466839878, "S2:S_trend:n_hi_block_hi:0": 9.376407231064992, "S2:S_trend:n_hi_block_hi:6": 9.212179561679383, "S2:S_trend:n_hi_block_lo:4": 9.432226643368839}