{"S2:S_ar:n_hi_block_hi:1": 1.133578844731967, "S2:S_ar:n_hi_block_hi:6": 1.3190049717742462, "S2:S_ar:n_hi_block_lo:4": 1.0338711395679576, "S2:S_both:n_hi_block_hi:3": 2.350551050433214, "S2:S_both:n_hi_block_lo:1": 2.4121606708707817, "S2:S_hetero:n_hi_block_hi:1": 1.1362435115240261, "S2:S_hetero:n_hi_block_hi:9": 1.0709336596568173, "S2:S_hetero:n_hi_block_lo:6": 1.1585286378289386, "S2:S_intermittent:n_hi_block_hi:6": 1.0484272585811802, "S2:S_intermittent:n_hi_block_lo:5": 1.1483473927742371, "S2:S_multiseason:n_hi_block_hi:2": 0.9494984642853249, "S2:S_multiseason:n_hi_block_lo:0": 1.5309702731751806, "S2:S_regime:n_hi_block_hi:0": 1.0908784328420287, "S2:S_regime:n_hi_block_hi:8": 4.422333052692918, "S2:S_regime:n_hi_block_lo:5": 1.3412990699962761, "S2:S_season:n_hi_block_hi:5": 0.2938600021552952, "S2:S_season:n_hi_block_lo:2": 0.27734450235325114, "S2:S_trend:n_hi_block_hi:1": 8.930231891094685, "S2:S_trend:n_hi_block_hi:8": 10.722263470780907, "S2:S_trend:n_hi_block_lo:6": 8.890927042226657, "S2:S_ar:n_hi_block_hi:2": 1.2251408660881402, "S2:S_ar:n_hi_block_hi:8": 1.249003700571836, "S2:S_ar:n_hi_block_lo:6": 1.0224404138976038, "S2:S_both:n_hi_block_hi:6": 2.1597799177163988, "S2:S_both:n_hi_block_lo:2": 2.119171833553565, "S2:S_hetero:n_hi_block_hi:3": 1.1518371117884694, "S2:S_hetero:n_hi_block_lo:1": 1.1187106879012372, "S2:S_intermittent:n_hi_block_hi:2": 1.2243917398101833, "S2:S_intermittent:n_hi_block_hi:8": 1.1200333989776483, "S2:S_intermittent:n_hi_block_lo:6": 1.0615652322122633, "S2:S_multiseason:n_hi_block_hi:3": 1.5175522211468389, "S2:S_multiseason:n_hi_block_lo:2": 0.9758261745523854, "S2:S_regime:n_hi_block_hi:2": 1.696856534521562, "S2:S_regime:n_hi_block_hi:9": 3.6286728330318914, "S2:S_regime:n_hi_block_lo:7": 7.704775128101467, "S2:S_season:n_hi_block_hi:6": 0.3061438403837494, "S2:S_season:n_hi_block_lo:3": 0.2887216098339403, "S2:S_trend:n_hi_block_hi:3": 8.025352249246033, "S2:S_trend:n_hi_block_lo:0": 14.284967845804974, "S2:S_ar:n_hi_block_hi:3": 1.2366659178277568, "S2:S_ar:n_hi_block_lo:0": 1.2850107032294729, "S2:S_both:n_hi_block_hi:0": 2.518974948937738, "S2:S_both:n_hi_block_hi:7": 2.1540649297464487, "S2:S_both:n_hi_block_lo:4": 2.138396527427769, "S2:S_hetero:n_hi_block_hi:4": 1.0110824047112892, "S2:S_hetero:n_hi_block_lo:2": 1.1472908219702187, "S2:S_intermittent:n_hi_block_hi:3": 1.0071923456232235, "S2:S_intermittent:n_hi_block_hi:9": 1.28214228949782, "S2:S_intermittent:n_hi_block_lo:7": 0.9875548788364279, "S2:S_multiseason:n_hi_block_hi:4": 1.3841885620720968, "S2:S_multiseason:n_hi_block_lo:3": 0.6656930330258218, "S2:S_regime:n_hi_block_hi:3": 8.902818641507418, "S2:S_regime:n_hi_block_lo:0": 3.765671423753967, "S2:S_season:n_hi_block_hi:1": 0.39962114643865176, "S2:S_season:n_hi_block_hi:7": 0.3372178746599078, "S2:S_season:n_hi_block_lo:5": 0.3282157339587755, "S2:S_trend:n_hi_block_hi:4": 8.440455339243659, "S2:S_trend:n_hi_block_lo:1": 9.705728274022942, "S2:S_ar:n_hi_block_hi:4": 1.1309261868345133, "S2:S_ar:n_hi_block_lo:1": 1.2710682382522127, "S2:S_both:n_hi_block_hi:1": 2.131907100838739, "S2:S_both:n_hi_block_hi:8": 2.156466386264241, "S2:S_both:n_hi_block_lo:6": 2.1861496754473237, "S2:S_hetero:n_hi_block_hi:7": 1.0527406067452185, "S2:S_hetero:n_hi_block_lo:4": 1.0807806794852262, "S2:S_intermittent:n_hi_block_hi:4": 0.22265084831706927, "S2:S_intermittent:n_hi_block_lo:0": 1.0557458369082513, "S2:S_multiseason:n_hi_block_hi:0": 0.7802030459682078, "S2:S_multiseason:n_hi_block_hi:7": 0.6709204830641095, "S2:S_multiseason:n_hi_block_lo:4": 1.4094429568178481, "S2:S_regime:n_hi_block_hi:6": 1.6033109397124814, "S2:S_regime:n_hi_block_lo:2": 6.8202745864942065, "S2:S_season:n_hi_block_hi:2": 0.33351148504743383, "S2:S_season:n_hi_block_hi:8": 0.3239767414055753, "S2:S_season:n_hi_block_lo:7": 0.32846422366659295, "S2:S_trend:n_hi_block_hi:5": 8.912393544784473, "S2:S_trend:n_hi_block_lo:3": 8.820681379787345, "S2:S_ar:n_hi_block_hi:5": 1.2574864854728192, "S2:S_ar:n_hi_block_lo:2": 1.0484249826244745, "S2:S_both:n_hi_block_hi:2": 2.206516000220221, "S2:S_both:n_hi_block_lo:0": 2.129608623290776, "S2:S_hetero:n_hi_block_hi:0": 1.401794820323354, "S2:S_hetero:n_hi_block_hi:8": 1.0501772447095403, "S2:S_hetero:n_hi_block_lo:5": 1.4347789557259962, "S2:S_intermittent:n_hi_block_hi:5": 1.0926545237903562, "S2:S_intermittent:n_hi_block_lo:2": 0.9636657386205089, "S2:S_multiseason:n_hi_block_hi:1": 0.7369901760364551, "S2:S_multiseason:n_hi_block_hi:8": 1.0870073507731557, "S2:S_multiseason:n_hi_block_lo:7": 1.5606266726627822, "S2:S_regime:n_hi_block_hi:7": 6.345908655725985, "S2:S_regime:n_hi_block_lo:3": 1.4674409605471632, "S2:S_season:n_hi_block_hi:3": 0.2921717913184318, "S2:S_season:n_hi_block_lo:1": 0.2920179576830387, "S2:S_trend:n_hi_block_hi:0": 8.88766181436235, "S2:S_trend:n_hi_block_hi:6": 9.086364675504935, "S2:S_trend:n_hi_block_lo:4": 9.211853913151106}