{"S2:S_ar:n_hi_block_hi:1": 1.0752714359788331, "S2:S_ar:n_hi_block_hi:6": 1.0694872281000753, "S2:S_ar:n_hi_block_lo:4": 1.0746147291042443, "S2:S_both:n_hi_block_hi:3": 2.5349538455977383, "S2:S_both:n_hi_block_lo:1": 2.518725775504455, "S2:S_hetero:n_hi_block_hi:1": 1.0470686832316465, "S2:S_hetero:n_hi_block_hi:9": 1.0735709009600298, "S2:S_hetero:n_hi_block_lo:6": 0.9841676758711227, "S2:S_intermittent:n_hi_block_hi:6": 1.1686662749499226, "S2:S_intermittent:n_hi_block_lo:5": 1.0125077425322873, "S2:S_multiseason:n_hi_block_hi:2": 1.0835430399986343, "S2:S_multiseason:n_hi_block_lo:0": 1.6368397788115723, "S2:S_regime:n_hi_block_hi:0": 1.1089570428097277, "S2:S_regime:n_hi_block_hi:8": 4.378195325984552, "S2:S_regime:n_hi_block_lo:5": 1.538871802908474, "S2:S_season:n_hi_block_hi:5": 1.2443772426031732, "S2:S_season:n_hi_block_lo:2": 0.35985977941376557, "S2:S_trend:n_hi_block_hi:1": 12.852893091428072, "S2:S_trend:n_hi_block_hi:8": 10.74855931594855, "S2:S_trend:n_hi_block_lo:6": 8.74980960548599, "S2:S_ar:n_hi_block_hi:2": 1.1729326601572911, "S2:S_ar:n_hi_block_hi:8": 1.2159313401029799, "S2:S_ar:n_hi_block_lo:6": 1.0827117091839096, "S2:S_both:n_hi_block_hi:6": 3.038009302970574, "S2:S_both:n_hi_block_lo:2": 2.45709396165189, "S2:S_hetero:n_hi_block_hi:3": 1.1351211055716142, "S2:S_hetero:n_hi_block_lo:1": 1.269930814450487, "S2:S_intermittent:n_hi_block_hi:2": 1.0432826642820319, "S2:S_intermittent:n_hi_block_hi:8": 1.044915550919862, "S2:S_intermittent:n_hi_block_lo:6": 1.0366434124049029, "S2:S_multiseason:n_hi_block_hi:3": 1.7239144392054624, "S2:S_multiseason:n_hi_block_lo:2": 1.0387029506911425, "S2:S_regime:n_hi_block_hi:2": 1.6746679066380177, "S2:S_regime:n_hi_block_hi:9": 3.491160194757994, "S2:S_regime:n_hi_block_lo:7": 7.754415718298879, "S2:S_season:n_hi_block_hi:6": 0.3809835527700728, "S2:S_season:n_hi_block_lo:3": 0.424045665350263, "S2:S_trend:n_hi_block_hi:3": 8.380249912348503, "S2:S_trend:n_hi_block_lo:0": 12.370386059892505, "S2:S_ar:n_hi_block_hi:3": 1.390628561510209, "S2:S_ar:n_hi_block_lo:0": 1.2856485969147096, "S2:S_both:n_hi_block_hi:0": 3.1598100803050384, "S2:S_both:n_hi_block_hi:7": 2.486406168559531, "S2:S_both:n_hi_block_lo:4": 2.4996949154086328, "S2:S_hetero:n_hi_block_hi:4": 1.0124372707998788, "S2:S_hetero:n_hi_block_lo:2": 1.002976502174965, "S2:S_intermittent:n_hi_block_hi:3": 1.0185552401380134, "S2:S_intermittent:n_hi_block_hi:9": 1.1433326582920915, "S2:S_intermittent:n_hi_block_lo:7": 0.9788438606807457, "S2:S_multiseason:n_hi_block_hi:4": 1.6389391224189107, "S2:S_multiseason:n_hi_block_lo:3": 0.7755954580400033, "S2:S_regime:n_hi_block_hi:3": 9.13766832990863, "S2:S_regime:n_hi_block_lo:0": 3.866904022036051, "S2:S_season:n_hi_block_hi:1": 1.01798982769646, "S2:S_season:n_hi_block_hi:7": 0.44787854950822265, "S2:S_season:n_hi_block_lo:5": 0.4348215076439127, "S2:S_trend:n_hi_block_hi:4": 8.694803531121211, "S2:S_trend:n_hi_block_lo:1": 9.55679954100672, "S2:S_ar:n_hi_block_hi:4": 1.094786952177249, "S2:S_ar:n_hi_block_lo:1": 1.2318063936631436, "S2:S_both:n_hi_block_hi:1": 2.5867385741374918, "S2:S_both:n_hi_block_hi:8": 2.4051507978978472, "S2:S_both:n_hi_block_lo:6": 2.5099088754102636, "S2:S_hetero:n_hi_block_hi:7": 1.0446308014967944, "S2:S_hetero:n_hi_block_lo:4": 1.1019705373634698, "S2:S_intermittent:n_hi_block_hi:4": 0.19049572354667182, "S2:S_intermittent:n_hi_block_lo:0": 1.0291934734945427, "S2:S_multiseason:n_hi_block_hi:0": 0.8189774225828347, "S2:S_multiseason:n_hi_block_hi:7": 0.7896129480771775, "S2:S_multiseason:n_hi_block_lo:4": 1.462365269487527, "S2:S_regime:n_hi_block_hi:6": 2.6880233261747617, "S2:S_regime:n_hi_block_lo:2": 6.960808156179743, "S2:S_season:n_hi_block_hi:2": 0.47229612808477817, "S2:S_season:n_hi_block_hi:8": 0.5173253159921304, "S2:S_season:n_hi_block_lo:7": 0.41411696768028544, "S2:S_trend:n_hi_block_hi:5": 9.087432837849216, "S2:S_trend:n_hi_block_lo:3": 8.817318291269089, "S2:S_ar:n_hi_block_hi:5": 1.053289896326623, "S2:S_ar:n_hi_block_lo:2": 1.0820239316916105, "S2:S_both:n_hi_block_hi:2": 2.365464173250849, "S2:S_both:n_hi_block_lo:0": 2.3748502022290383, "S2:S_hetero:n_hi_block_hi:0": 1.1246577606164128, "S2:S_hetero:n_hi_block_hi:8": 1.0189260804275428, "S2:S_hetero:n_hi_block_lo:5": 1.1117340724570803, "S2:S_intermittent:n_hi_block_hi:5": 1.0416266786656567, "S2:S_intermittent:n_hi_block_lo:2": 1.1320487365386407, "S2:S_multiseason:n_hi_block_hi:1": 1.0553840667679324, "S2:S_multiseason:n_hi_block_hi:8": 1.1326592600604046, "S2:S_multiseason:n_hi_block_lo:7": 1.1423442588266026, "S2:S_regime:n_hi_block_hi:7": 6.823908416253548, "S2:S_regime:n_hi_block_lo:3": 1.3540928620777948, "S2:S_season:n_hi_block_hi:3": 0.3772710772982563, "S2:S_season:n_hi_block_lo:1": 0.6553402621053768, "S2:S_trend:n_hi_block_hi:0": 9.050400606881889, "S2:S_trend:n_hi_block_hi:6": 15.082017284162616, "S2:S_trend:n_hi_block_lo:4": 9.666587954730348}