{"S2:S_ar:n_hi_block_hi:1": 1.1303800471615526, "S2:S_ar:n_hi_block_hi:6": 1.0196267872044142, "S2:S_ar:n_hi_block_lo:4": 1.0722800020865262, "S2:S_both:n_hi_block_hi:3": 2.5538732141839007, "S2:S_both:n_hi_block_lo:1": 2.629172343183653, "S2:S_hetero:n_hi_block_hi:1": 1.1055206607583519, "S2:S_hetero:n_hi_block_hi:9": 1.0339992669477511, "S2:S_hetero:n_hi_block_lo:6": 0.9880180606548529, "S2:S_intermittent:n_hi_block_hi:6": 1.5002204149849425, "S2:S_intermittent:n_hi_block_lo:5": 1.2103080620466158, "S2:S_multiseason:n_hi_block_hi:2": 1.0338698578552943, "S2:S_multiseason:n_hi_block_lo:0": 1.8916741276621978, "S2:S_regime:n_hi_block_hi:0": 1.7405492094992616, "S2:S_regime:n_hi_block_hi:8": 4.2452637775187165, "S2:S_regime:n_hi_block_lo:5": 1.8619742110956294, "S2:S_season:n_hi_block_hi:5": 0.8934615527167317, "S2:S_season:n_hi_block_lo:2": 0.48080157136206897, "S2:S_trend:n_hi_block_hi:1": 9.274688304306345, "S2:S_trend:n_hi_block_hi:8": 8.836815603103041, "S2:S_trend:n_hi_block_lo:6": 9.298388129312794, "S2:S_ar:n_hi_block_hi:2": 1.1976114819539232, "S2:S_ar:n_hi_block_hi:8": 1.1726515633298855, "S2:S_ar:n_hi_block_lo:6": 1.1508772723411502, "S2:S_both:n_hi_block_hi:6": 2.8649646223280745, "S2:S_both:n_hi_block_lo:2": 2.446235031536787, "S2:S_hetero:n_hi_block_hi:3": 1.1280940034604914, "S2:S_hetero:n_hi_block_lo:1": 1.4893733460071776, "S2:S_intermittent:n_hi_block_hi:2": 1.0137323388478081, "S2:S_intermittent:n_hi_block_hi:8": 1.0732326143194675, "S2:S_intermittent:n_hi_block_lo:6": 1.0191939619852808, "S2:S_multiseason:n_hi_block_hi:3": 1.5370608117942413, "S2:S_multiseason:n_hi_block_lo:2": 1.1944872963551592, "S2:S_regime:n_hi_block_hi:2": 2.218965283211628, "S2:S_regime:n_hi_block_hi:9": 3.447351992661197, "S2:S_regime:n_hi_block_lo:7": 8.405995622323532, "S2:S_season:n_hi_block_hi:6": 0.4614217736342515, "S2:S_season:n_hi_block_lo:3": 0.5356866506469301, "S2:S_trend:n_hi_block_hi:3": 8.8199520595669, "S2:S_trend:n_hi_block_lo:0": 10.16848716461818, "S2:S_ar:n_hi_block_hi:3": 1.3577025214475464, "S2:S_ar:n_hi_block_lo:0": 1.354159346280254, "S2:S_both:n_hi_block_hi:0": 2.739802105695272, "S2:S_both:n_hi_block_hi:7": 2.466033377229727, "S2:S_both:n_hi_block_lo:4": 2.502595146025007, "S2:S_hetero:n_hi_block_hi:4": 1.0254060122128237, "S2:S_hetero:n_hi_block_lo:2": 0.9925986277181954, "S2:S_intermittent:n_hi_block_hi:3": 1.0974472846857921, "S2:S_intermittent:n_hi_block_hi:9": 1.299260073302372, "S2:S_intermittent:n_hi_block_lo:7": 0.9746536433377679, "S2:S_multiseason:n_hi_block_hi:4": 1.8170627019375105, "S2:S_multiseason:n_hi_block_lo:3": 1.0519991459796023, "S2:S_regime:n_hi_block_hi:3": 9.637204439875422, "S2:S_regime:n_hi_block_lo:0": 4.332018198361371, "S2:S_season:n_hi_block_hi:1": 1.069770572793361, "S2:S_season:n_hi_block_hi:7": 0.5494445105700869, "S2:S_season:n_hi_block_lo:5": 0.49830840706493174, "S2:S_trend:n_hi_block_hi:4": 9.853136848092218, "S2:S_trend:n_hi_block_lo:1": 9.193628794811085, "S2:S_ar:n_hi_block_hi:4": 1.0758854808921874, "S2:S_ar:n_hi_block_lo:1": 1.3459681295436765, "S2:S_both:n_hi_block_hi:1": 2.4490941588631476, "S2:S_both:n_hi_block_hi:8": 2.409451387983685, "S2:S_both:n_hi_block_lo:6": 2.453812467002757, "S2:S_hetero:n_hi_block_hi:7": 1.0020422508061229, "S2:S_hetero:n_hi_block_lo:4": 1.0009057688085712, "S2:S_intermittent:n_hi_block_hi:4": 0.2515634942615927, "S2:S_intermittent:n_hi_block_lo:0": 1.0567336840712631, "S2:S_multiseason:n_hi_block_hi:0": 0.9262394227810021, "S2:S_multiseason:n_hi_block_hi:7": 0.9142456857399164, "S2:S_multiseason:n_hi_block_lo:4": 1.6429306053429913, "S2:S_regime:n_hi_block_hi:6": 1.0634069709395726, "S2:S_regime:n_hi_block_lo:2": 6.583774543715794, "S2:S_season:n_hi_block_hi:2": 0.6310096238440103, "S2:S_season:n_hi_block_hi:8": 0.6848272862106145, "S2:S_season:n_hi_block_lo:7": 0.5396498171696493, "S2:S_trend:n_hi_block_hi:5": 9.446632243964327, "S2:S_trend:n_hi_block_lo:3": 9.379793132853285, "S2:S_ar:n_hi_block_hi:5": 1.1611455860943425, "S2:S_ar:n_hi_block_lo:2": 1.079104892906609, "S2:S_both:n_hi_block_hi:2": 2.375632885475868, "S2:S_both:n_hi_block_lo:0": 2.4047219792895485, "S2:S_hetero:n_hi_block_hi:0": 1.1465209083905465, "S2:S_hetero:n_hi_block_hi:8": 0.9996456310494258, "S2:S_hetero:n_hi_block_lo:5": 1.475470700889878, "S2:S_intermittent:n_hi_block_hi:5": 1.0932236448638764, "S2:S_intermittent:n_hi_block_lo:2": 1.18844848355887, "S2:S_multiseason:n_hi_block_hi:1": 1.0361323048944524, "S2:S_multiseason:n_hi_block_hi:8": 1.3738307901253417, "S2:S_multiseason:n_hi_block_lo:7": 1.6453858899039513, "S2:S_regime:n_hi_block_hi:7": 6.948456718890707, "S2:S_regime:n_hi_block_lo:3": 1.3367775963604955, "S2:S_season:n_hi_block_hi:3": 0.4701124333221728, "S2:S_season:n_hi_block_lo:1": 0.8697905792279566, "S2:S_trend:n_hi_block_hi:0": 9.496299489423407, "S2:S_trend:n_hi_block_hi:6": 9.445309601984158, "S2:S_trend:n_hi_block_lo:4": 10.089271565712474}