{"S2:S_ar:n_hi_block_hi:1": 1.0705546202929925, "S2:S_ar:n_hi_block_hi:6": 1.039333158314714, "S2:S_ar:n_hi_block_lo:4": 1.0254236667054133, "S2:S_both:n_hi_block_hi:3": 2.3265023566625493, "S2:S_both:n_hi_block_lo:1": 2.391077535744778, "S2:S_hetero:n_hi_block_hi:1": 1.0716298499922297, "S2:S_hetero:n_hi_block_hi:9": 1.0481359709217235, "S2:S_hetero:n_hi_block_lo:6": 0.989057504152301, "S2:S_intermittent:n_hi_block_hi:6": 1.0644634026149902, "S2:S_intermittent:n_hi_block_lo:5": 1.4970435077271602, "S2:S_multiseason:n_hi_block_hi:2": 1.0206577065348819, "S2:S_multiseason:n_hi_block_lo:0": 1.8290395331959004, "S2:S_regime:n_hi_block_hi:0": 0.9346473728934866, "S2:S_regime:n_hi_block_hi:8": 4.449432391860237, "S2:S_regime:n_hi_block_lo:5": 1.7316910794455223, "S2:S_season:n_hi_block_hi:5": 0.5418309675066977, "S2:S_season:n_hi_block_lo:2": 0.4249616339514156, "S2:S_trend:n_hi_block_hi:1": 9.409376402676001, "S2:S_trend:n_hi_block_hi:8": 9.26060129120525, "S2:S_trend:n_hi_block_lo:6": 9.469055258237098, "S2:S_ar:n_hi_block_hi:2": 1.1860498178125083, "S2:S_ar:n_hi_block_hi:8": 1.186387504499205, "S2:S_ar:n_hi_block_lo:6": 1.1759102129976062, "S2:S_both:n_hi_block_hi:6": 2.3077165447644883, "S2:S_both:n_hi_block_lo:2": 2.147630487329544, "S2:S_hetero:n_hi_block_hi:3": 1.1367120733332587, "S2:S_hetero:n_hi_block_lo:1": 1.2692677683350075, "S2:S_intermittent:n_hi_block_hi:2": 1.0747825316333748, "S2:S_intermittent:n_hi_block_hi:8": 1.0155901918565875, "S2:S_intermittent:n_hi_block_lo:6": 1.0402125779343359, "S2:S_multiseason:n_hi_block_hi:3": 1.481080743084795, "S2:S_multiseason:n_hi_block_lo:2": 1.2024523951661805, "S2:S_regime:n_hi_block_hi:2": 1.939322907859403, "S2:S_regime:n_hi_block_hi:9": 3.7019458847623454, "S2:S_regime:n_hi_block_lo:7": 8.336077103698837, "S2:S_season:n_hi_block_hi:6": 0.4141701546055757, "S2:S_season:n_hi_block_lo:3": 0.3973752864098085, "S2:S_trend:n_hi_block_hi:3": 8.604811362336505, "S2:S_trend:n_hi_block_lo:0": 8.716987164274574, "S2:S_ar:n_hi_block_hi:3": 1.4561072638770614, "S2:S_ar:n_hi_block_lo:0": 1.015584324523666, "S2:S_both:n_hi_block_hi:0": 2.6708657646521456, "S2:S_both:n_hi_block_hi:7": 2.2000363629799233, "S2:S_both:n_hi_block_lo:4": 2.1902829583348487, "S2:S_hetero:n_hi_block_hi:4": 1.006637415675344, "S2:S_hetero:n_hi_block_lo:2": 1.042510441677441, "S2:S_intermittent:n_hi_block_hi:3": 1.0103871491196037, "S2:S_intermittent:n_hi_block_hi:9": 1.2295142217097748, "S2:S_intermittent:n_hi_block_lo:7": 1.0110322006160946, "S2:S_multiseason:n_hi_block_hi:4": 1.7924466696344719, "S2:S_multiseason:n_hi_block_lo:3": 0.8380766541190211, "S2:S_regime:n_hi_block_hi:3": 9.570279223984127, "S2:S_regime:n_hi_block_lo:0": 3.7806533621516207, "S2:S_season:n_hi_block_hi:1": 1.0540783510718756, "S2:S_season:n_hi_block_hi:7": 0.44358119999643497, "S2:S_season:n_hi_block_lo:5": 0.42324671118642926, "S2:S_trend:n_hi_block_hi:4": 9.027719632097252, "S2:S_trend:n_hi_block_lo:1": 9.045761534251671, "S2:S_ar:n_hi_block_hi:4": 1.0562396605251612, "S2:S_ar:n_hi_block_lo:1": 1.4555898500809166, "S2:S_both:n_hi_block_hi:1": 2.2072952321007873, "S2:S_both:n_hi_block_hi:8": 2.173712105348108, "S2:S_both:n_hi_block_lo:6": 2.2454490456605876, "S2:S_hetero:n_hi_block_hi:7": 1.0177286460479784, "S2:S_hetero:n_hi_block_lo:4": 1.0393626617966556, "S2:S_intermittent:n_hi_block_hi:4": 0.18459580246710466, "S2:S_intermittent:n_hi_block_lo:0": 1.0720674808532946, "S2:S_multiseason:n_hi_block_hi:0": 0.933776256755462, "S2:S_multiseason:n_hi_block_hi:7": 0.7940186630610327, "S2:S_multiseason:n_hi_block_lo:4": 1.7031035384909832, "S2:S_regime:n_hi_block_hi:6": 1.138771912127714, "S2:S_regime:n_hi_block_lo:2": 6.710861641144022, "S2:S_season:n_hi_block_hi:2": 0.43095008736520046, "S2:S_season:n_hi_block_hi:8": 0.4380467453570092, "S2:S_season:n_hi_block_lo:7": 0.44354133940286433, "S2:S_trend:n_hi_block_hi:5": 9.262116748098858, "S2:S_trend:n_hi_block_lo:3": 9.320434762447457, "S2:S_ar:n_hi_block_hi:5": 1.2014111013962394, "S2:S_ar:n_hi_block_lo:2": 1.1308040324497255, "S2:S_both:n_hi_block_hi:2": 2.172526508271558, "S2:S_both:n_hi_block_lo:0": 2.0924623300894614, "S2:S_hetero:n_hi_block_hi:0": 1.2527084853335468, "S2:S_hetero:n_hi_block_hi:8": 1.0355375407549965, "S2:S_hetero:n_hi_block_lo:5": 1.5862088011031588, "S2:S_intermittent:n_hi_block_hi:5": 1.0939143580622175, "S2:S_intermittent:n_hi_block_lo:2": 1.24850368767901, "S2:S_multiseason:n_hi_block_hi:1": 1.1133954682203377, "S2:S_multiseason:n_hi_block_hi:8": 1.302590328539946, "S2:S_multiseason:n_hi_block_lo:7": 1.7781793490620712, "S2:S_regime:n_hi_block_hi:7": 6.553677543396826, "S2:S_regime:n_hi_block_lo:3": 1.6779481479460447, "S2:S_season:n_hi_block_hi:3": 0.3975646308964414, "S2:S_season:n_hi_block_lo:1": 0.5840076493897249, "S2:S_trend:n_hi_block_hi:0": 9.340954793817888, "S2:S_trend:n_hi_block_hi:6": 9.43621398661486, "S2:S_trend:n_hi_block_lo:4": 9.363383479285597}