{"S2:S_ar:n_hi_block_hi:1": 1.1116629458715368, "S2:S_ar:n_hi_block_hi:6": 1.09689691193655, "S2:S_ar:n_hi_block_lo:4": 1.0760342860122742, "S2:S_both:n_hi_block_hi:3": 2.5241168532944425, "S2:S_both:n_hi_block_lo:1": 2.6246764757518872, "S2:S_hetero:n_hi_block_hi:1": 1.0571812946304806, "S2:S_hetero:n_hi_block_hi:9": 1.0293004607500256, "S2:S_hetero:n_hi_block_lo:6": 1.0494252595217204, "S2:S_intermittent:n_hi_block_hi:6": 1.2458744824301178, "S2:S_intermittent:n_hi_block_lo:5": 0.9951298504578202, "S2:S_multiseason:n_hi_block_hi:2": 1.029156815191021, "S2:S_multiseason:n_hi_block_lo:0": 1.6950606339343266, "S2:S_regime:n_hi_block_hi:0": 1.595743872635199, "S2:S_regime:n_hi_block_hi:8": 4.2967323336855, "S2:S_regime:n_hi_block_lo:5": 1.5844725301749552, "S2:S_season:n_hi_block_hi:5": 1.0499509752258482, "S2:S_season:n_hi_block_lo:2": 0.40627969396891017, "S2:S_trend:n_hi_block_hi:1": 8.792213349484792, "S2:S_trend:n_hi_block_hi:8": 10.296536392740608, "S2:S_trend:n_hi_block_lo:6": 8.997770686738285, "S2:S_ar:n_hi_block_hi:2": 1.1612848066718566, "S2:S_ar:n_hi_block_hi:8": 1.2004192485140694, "S2:S_ar:n_hi_block_lo:6": 1.051759099015856, "S2:S_both:n_hi_block_hi:6": 2.9133683542141444, "S2:S_both:n_hi_block_lo:2": 2.4156770780006704, "S2:S_hetero:n_hi_block_hi:3": 1.1377766296953198, "S2:S_hetero:n_hi_block_lo:1": 1.5262081612265035, "S2:S_intermittent:n_hi_block_hi:2": 1.0163982862582035, "S2:S_intermittent:n_hi_block_hi:8": 1.0535996934142435, "S2:S_intermittent:n_hi_block_lo:6": 1.0256035458438162, "S2:S_multiseason:n_hi_block_hi:3": 1.5459041348146263, "S2:S_multiseason:n_hi_block_lo:2": 1.113955709114982, "S2:S_regime:n_hi_block_hi:2": 1.998233711202646, "S2:S_regime:n_hi_block_hi:9": 3.464249376856156, "S2:S_regime:n_hi_block_lo:7": 8.29174771285495, "S2:S_season:n_hi_block_hi:6": 0.4052387042161802, "S2:S_season:n_hi_block_lo:3": 0.5060347624304009, "S2:S_trend:n_hi_block_hi:3": 8.766088453927345, "S2:S_trend:n_hi_block_lo:0": 15.222803266593628, "S2:S_ar:n_hi_block_hi:3": 1.123787072858666, "S2:S_ar:n_hi_block_lo:0": 1.6202454989142487, "S2:S_both:n_hi_block_hi:0": 2.680242581318539, "S2:S_both:n_hi_block_hi:7": 2.426180852306851, "S2:S_both:n_hi_block_lo:4": 2.4574219445162764, "S2:S_hetero:n_hi_block_hi:4": 1.023423368955773, "S2:S_hetero:n_hi_block_lo:2": 1.039959092633504, "S2:S_intermittent:n_hi_block_hi:3": 1.0248456066746692, "S2:S_intermittent:n_hi_block_hi:9": 1.3189249222402837, "S2:S_intermittent:n_hi_block_lo:7": 0.9788726051308353, "S2:S_multiseason:n_hi_block_hi:4": 1.622170012017422, "S2:S_multiseason:n_hi_block_lo:3": 0.9036079351748388, "S2:S_regime:n_hi_block_hi:3": 9.306161027237708, "S2:S_regime:n_hi_block_lo:0": 4.154366814315414, "S2:S_season:n_hi_block_hi:1": 1.0742206903309313, "S2:S_season:n_hi_block_hi:7": 0.48160278500045567, "S2:S_season:n_hi_block_lo:5": 0.474233778842319, "S2:S_trend:n_hi_block_hi:4": 9.38747470894797, "S2:S_trend:n_hi_block_lo:1": 9.498609371962996, "S2:S_ar:n_hi_block_hi:4": 1.0594965143811612, "S2:S_ar:n_hi_block_lo:1": 1.2449695965011296, "S2:S_both:n_hi_block_hi:1": 2.4177908017949172, "S2:S_both:n_hi_block_hi:8": 2.384688979293381, "S2:S_both:n_hi_block_lo:6": 2.4073353493645446, "S2:S_hetero:n_hi_block_hi:7": 1.022298610272882, "S2:S_hetero:n_hi_block_lo:4": 1.071578709539928, "S2:S_intermittent:n_hi_block_hi:4": 0.26472329534078076, "S2:S_intermittent:n_hi_block_lo:0": 1.0151890379715174, "S2:S_multiseason:n_hi_block_hi:0": 0.8348036633407817, "S2:S_multiseason:n_hi_block_hi:7": 0.8594957351255748, "S2:S_multiseason:n_hi_block_lo:4": 1.4939982869719903, "S2:S_regime:n_hi_block_hi:6": 3.3017561160539164, "S2:S_regime:n_hi_block_lo:2": 6.767324233142845, "S2:S_season:n_hi_block_hi:2": 0.5502285211695588, "S2:S_season:n_hi_block_hi:8": 0.6217896652895369, "S2:S_season:n_hi_block_lo:7": 0.5053336444741199, "S2:S_trend:n_hi_block_hi:5": 9.010196590469363, "S2:S_trend:n_hi_block_lo:3": 9.231836239024432, "S2:S_ar:n_hi_block_hi:5": 1.0875123262737982, "S2:S_ar:n_hi_block_lo:2": 1.0543387158483681, "S2:S_both:n_hi_block_hi:2": 2.337778910261385, "S2:S_both:n_hi_block_lo:0": 2.387975247283835, "S2:S_hetero:n_hi_block_hi:0": 1.0807942269861335, "S2:S_hetero:n_hi_block_hi:8": 1.0027381955208157, "S2:S_hetero:n_hi_block_lo:5": 0.9992855358502368, "S2:S_intermittent:n_hi_block_hi:5": 1.0835386219168923, "S2:S_intermittent:n_hi_block_lo:2": 1.122286742910064, "S2:S_multiseason:n_hi_block_hi:1": 1.0821221137516033, "S2:S_multiseason:n_hi_block_hi:8": 1.2124871742966568, "S2:S_multiseason:n_hi_block_lo:7": 1.1366491084274704, "S2:S_regime:n_hi_block_hi:7": 6.787005509473145, "S2:S_regime:n_hi_block_lo:3": 1.330812946548488, "S2:S_season:n_hi_block_hi:3": 0.4304366950057081, "S2:S_season:n_hi_block_lo:1": 0.7839879300406687, "S2:S_trend:n_hi_block_hi:0": 9.173667112192947, "S2:S_trend:n_hi_block_hi:6": 9.112354861630244, "S2:S_trend:n_hi_block_lo:4": 9.859977885687984}