{
 "arms": {
  "A_frozen": {
   "cum_mean": 0.36770820423003087,
   "cum_range": [
    0.3677082042300308,
    0.3677082042300309
   ],
   "upgrade_blocks": 0,
   "up_mean_delta": 0.0,
   "up_max_harm": 0.0,
   "g1": {
    "mean_ok": true,
    "max_ok": true
   }
  },
  "C_llm_v2": {
   "cum_mean": 0.396382114559084,
   "cum_range": [
    0.39638211455908395,
    0.396382114559084
   ],
   "upgrade_blocks": 80,
   "up_mean_delta": 0.028673910329053077,
   "up_max_harm": 0.3425879804145693,
   "g1": {
    "mean_ok": false,
    "max_ok": false
   }
  },
  "D_llm_v2": {
   "cum_mean": 0.3897214258903175,
   "cum_range": [
    0.37254158445888597,
    0.40330581344354083
   ],
   "upgrade_blocks": 40,
   "up_mean_delta": 0.04402644332057321,
   "up_max_harm": 0.3425879804145693,
   "g1": {
    "mean_ok": false,
    "max_ok": false
   }
  },
  "C_llm_verify": {
   "cum_mean": 0.3979220519010138,
   "cum_range": [
    0.3979220519010138,
    0.3979220519010138
   ],
   "upgrade_blocks": 80,
   "up_mean_delta": 0.030213847670982952,
   "up_max_harm": 0.3425879804145693,
   "g1": {
    "mean_ok": false,
    "max_ok": false
   }
  },
  "Bplus_v2": {
   "cum_mean": 0.29755066509503436,
   "cum_range": [
    0.2975506650950343,
    0.29755066509503436
   ],
   "upgrade_blocks": 80,
   "up_mean_delta": -0.07015753913499656,
   "up_max_harm": 0.11823345883688718,
   "g1": {
    "mean_ok": true,
    "max_ok": false
   }
  },
  "D_bplus_v2": {
   "cum_mean": 0.3361882674224112,
   "cum_range": [
    0.2953499306001673,
    0.37512019445060873
   ],
   "upgrade_blocks": 40,
   "up_mean_delta": -0.06303987361523931,
   "up_max_harm": 0.11823345883688718,
   "g1": {
    "mean_ok": true,
    "max_ok": false
   }
  }
 },
 "gates": {
  "G2_D_llm_v2_vs_A": {
   "point": 0.01877231914896478,
   "ci": [
    -0.007162482010253571,
    0.04323529428434703
   ],
   "passed": false
  },
  "G2_Bplus_v2_vs_A": {
   "point": -0.07301846473310321,
   "ci": [
    -0.10879710472779994,
    -0.04017623537237185
   ],
   "passed": true
  },
  "G2_D_bplus_v2_vs_A": {
   "point": -0.03380859174515886,
   "ci": [
    -0.06253060527321169,
    -0.008246489429942367
   ],
   "passed": true
  },
  "G_main_llm_vs_bplus_on_triggered": {
   "point": 0.10466342452858733,
   "ci": [
    0.061290998395259616,
    0.1555464660910914
   ],
   "n_groups": 40,
   "llm_independent_value": false,
   "note": "负=LLM 优；注册预测=不成立（B+ 吸收）"
  },
  "G3_sboth_first": [
   {
    "perm": 0,
    "frozen": 0.6708,
    "C_llm_v2": 0.7587,
    "C_llm_verify": 0.7728,
    "Bplus_v2": 0.3405
   },
   {
    "perm": 1,
    "frozen": 0.612,
    "C_llm_v2": 0.8225,
    "C_llm_verify": 0.8225,
    "Bplus_v2": 0.2613
   },
   {
    "perm": 2,
    "frozen": 0.6708,
    "C_llm_v2": 0.7587,
    "C_llm_verify": 0.7728,
    "Bplus_v2": 0.3405
   },
   {
    "perm": 3,
    "frozen": 0.612,
    "C_llm_v2": 0.8225,
    "C_llm_verify": 0.8225,
    "Bplus_v2": 0.2613
   },
   {
    "perm": 4,
    "frozen": 0.6708,
    "C_llm_v2": 0.7587,
    "C_llm_verify": 0.7728,
    "Bplus_v2": 0.3405
   }
  ]
 },
 "diagnostics": {
  "llm_failures": {
   "v2": 0,
   "verify": 0
  },
  "verify_violations": 0,
  "v2_window_requests": 4,
  "per_family_delta": {
   "C_llm_v2": {
    "S_ar": 0.003171403675473604,
    "S_both": 0.1492115575390801,
    "S_hetero": 7.717686647896668e-05,
    "S_intermittent": -0.0007279399267143619,
    "S_multiseason": 0.020435793540801703,
    "S_regime": 0.07018183075450782,
    "S_season": -0.0036498762515299425,
    "S_trend": -0.00930866356567328
   },
   "C_llm_verify": {
    "S_ar": 0.003171403675473604,
    "S_both": 0.1562867644037081,
    "S_hetero": 7.717686647896668e-05,
    "S_intermittent": -0.0007279399267143619,
    "S_multiseason": 0.0,
    "S_regime": 0.08777899233938488,
    "S_season": 0.004433047575205712,
    "S_trend": -0.00930866356567328
   },
   "Bplus_v2": {
    "S_ar": 0.01165161467437937,
    "S_both": -0.34048747929072043,
    "S_hetero": -0.002705788964183449,
    "S_intermittent": -0.0075914747983479025,
    "S_multiseason": -0.10678310199927551,
    "S_regime": 0.031664416914682136,
    "S_season": -0.0015157980242028468,
    "S_trend": -0.14549270159230376
   }
  },
  "trigger_instance_share": "40/80=0.50（G4 教训：实例级）"
 },
 "config": {
  "seed_fit": 20260705,
  "seed_boot": 20260706,
  "skills_sha": "52bc954c517076b3",
  "prereg": "results/Stage2/prereg_skill_slice_v2.md",
  "prediction": "B+ 吸收大部分收益；LLM 独立价值不成立"
 }
}