{"seed": 20260705, "n_uid": 480, "state": {"done": 12, "comp": {"dp_abstain_vs_global": [-0.3599505467767555, -0.3852760049439422, -0.3970242563872716, -0.4464220829066887, -0.37530205108603865, -0.5423351420493254, -0.4040657010225127, -0.36561763955030124, -0.3762937141024624, -0.4513036145624343, -0.4095243828052402, -0.40541326878471906], "dp_abstain_vs_d_lookup": [-0.28252315299227937, -0.32483584025698, -0.354567289341127, -0.34119501464773194, -0.3406138779356576, -0.34892550041997694, -0.30154709981271, -0.2964939726273589, -0.3174912130771728, -0.34466105840037575, -0.3314901043292355, -0.34543475346744507], "dp_abstain_vs_d_gbdt": [-0.15743112980683854, -0.2128067840939821, -0.16288765533075428, -0.18784562093728252, -0.2074736142921671, -0.22401216694217865, -0.1608727960618672, -0.16656664044246475, -0.15396716688372386, -0.22004282570841885, -0.14915133866587643, -0.15101427524844996], "dp_abstain_vs_true_d_gbdt": [-0.15322635754170183, -0.20413339777541392, -0.17830457801203475, -0.19942447483116088, -0.1937953353979482, -0.18382971191150307, -0.16756871949400073, -0.14485808805005088, -0.1636733385822085, -0.23288381094264163, -0.17634281490968495, -0.1723663504623204], "dp_abstain_vs_dp_gbdt": [-0.0029881786535009836, -0.013245734427818123, -0.014019112037200618, -0.010804149014465095, -0.002815675960681635, -0.025918509525374334, -0.007858452247753125, 0.002201359530533034, -0.005206245869086842, -0.010769287435125216, -0.0057808384162347515, -0.01402897712648403]}, "arm_regret": {"d_gbdt": [0.27179049869872973, 0.30761503272702684, 0.2778691754538849, 0.30038837721664335, 0.3132844585078934, 0.3484030802745822, 0.27003817613744957, 0.2761198493227453, 0.2625722786139771, 0.3163622745897499, 0.23611509667600117, 0.262564578324808], "d_lookup": [0.39688252188417056, 0.41964408889002475, 0.46954880946425764, 0.4537377709270928, 0.4464247221513839, 0.4733164137523805, 0.41071247988829235, 0.4060471815076394, 0.42609632480742604, 0.4409805072817068, 0.4184538623393602, 0.4569850565438031], "dp_abstain": [0.1143593688918912, 0.09480824863304474, 0.11498152012313063, 0.11254275627936083, 0.10581084421572627, 0.12439091333240357, 0.10916538007558238, 0.10955320888028056, 0.10860511173025324, 0.09631944888133107, 0.08696375801012474, 0.11155030307635806], "dp_gbdt": [0.11734754754539219, 0.10805398306086286, 0.12900063216033125, 0.12334690529382593, 0.1086265201764079, 0.1503094228577779, 0.1170238323233355, 0.10735184934974752, 0.11381135759934008, 0.10708873631645628, 0.09274459642635949, 0.1255792802028421], "global": [0.47430991566864666, 0.4800842535769869, 0.5120057765104022, 0.5589648391860496, 0.48111289530176493, 0.666726055381729, 0.5132310810980951, 0.4751708484305818, 0.4848988258327156, 0.5476230634437653, 0.4964881408153649, 0.5169635718610771], "true_d_gbdt": [0.267585726433593, 0.29894164640845866, 0.2932860981351654, 0.3119672311105217, 0.2996061796136745, 0.30822062524390664, 0.2767340995695831, 0.25441129693033143, 0.27227845031246173, 0.3292032598239727, 0.2633065729198097, 0.28391665353867845]}, "comp_cell_eq": {"dp_abstain_vs_global": [-0.35703580373278404, -0.3932765143020465, -0.3843817368840584, -0.4304111071094316, -0.3708755859224849, -0.5418549365155343, -0.39947405978482364, -0.36639535992296246, -0.3783611921006938, -0.46026586500977074, -0.4085964694082502, -0.39793473055254663], "dp_abstain_vs_d_lookup": [-0.2811175684467237, -0.32440066533995393, -0.34519729460211984, -0.3344624669798105, -0.34121412830928505, -0.3467189090307188, -0.30154538350823334, -0.2966908218494072, -0.3186504299447378, -0.34581909548954365, -0.33363147351476263, -0.3388944934734567], "dp_abstain_vs_d_gbdt": [-0.15945150673663527, -0.21346659375617952, -0.16693852791825425, -0.1937407165660588, -0.21496572450421117, -0.22558372765872958, -0.1638957587478992, -0.16619615915786104, -0.15459031181546415, -0.2171657919296686, -0.149486469040458, -0.15519084016600568], "dp_abstain_vs_true_d_gbdt": [-0.15486812870857844, -0.2053280978430638, -0.1803165199941042, -0.19992106121236874, -0.20023954906263938, -0.18532232839627258, -0.17021137190431188, -0.1444589907499445, -0.1638947923950608, -0.2292213965667053, -0.17798489948744178, -0.1758237112698147], "dp_abstain_vs_dp_gbdt": [-0.0029864697703537516, -0.01222440760504139, -0.013310643943710686, -0.010162076584945147, -0.0026910557527720855, -0.026232527017322295, -0.00768173844272404, 0.002269891332222534, -0.005158094286885876, -0.010211876878011932, -0.006300537888838427, -0.013318641084876914]}, "sub_dp_delta": {"forecast|snrHigh|full|S_both": [-0.004140611929435163, 0.0037955610611468656, -0.0018932626010320073, 0.020293313208077975, 0.049679173417405555, -0.041047555606247996, 0.01940891417743782, -0.0668484496896233, 0.02870161986692593, -0.013448324435398555, 0.033650309927532665, 0.02647481289212682], "forecast|snrHigh|full|S_season": [0.011918433902643528, 0.02596252501583656, 0.013976027184046846, 0.0062689728355267375, 0.01631369845928515, 0.02700855101607708, 0.015390208810419827, 0.01986702463619471, 0.03347220218131213, 0.00975068968170633, 0.018289449958598675, 0.023222534090952332], "forecast|snrHigh|full|S_trend": [0.8776723936779872, 0.7214669819877715, 0.9764877915656113, 0.9938053418496355, 1.0030011321887893, 1.02069596514485, 0.9143548731863178, 0.9328299951132903, 0.8624910725284759, 0.8237402348750527, 1.1947988443081574, 0.8305087044037287], "forecast|snrHigh|miss|S_both": [0.12679447704884558, 0.07237231744297866, 0.07588475036721229, 0.1066008685720304, 0.11661058421315519, 0.04894641067600558, 0.023731672266911738, -0.018599935658224313, 0.18948072632906526, -0.02469514974840352, 0.02800188078487175, -0.004125749649020837], "forecast|snrHigh|miss|S_season": [0.023459975735766185, 0.02300911888126143, 0.019764988243267827, 0.017249132945154948, 0.02467961018227102, 0.027202160272648733, 0.02692463208441504, 0.03546343539464804, 0.032033866901587334, 0.02039283389911094, 0.0338077050670685, 0.027490573967563783], "forecast|snrHigh|miss|S_trend": [0.6505037955493743, 1.1789759089412672, 0.9267604311079599, 0.8509783102161478, 1.0142375841463571, 0.9385131574475616, 1.0274505166809473, 0.78165618396515, 0.7245761256066882, 1.1334242255440752, 0.8444062533248197, 0.8845570611031721], "forecast|snrLow|full|S_both": [0.22665353688634382, 0.10265964821413726, 0.21764747991064542, 0.05826513291307064, 0.16354664094779153, 0.11980153580504439, 0.20221560938738362, 0.12405101821693433, 0.1732105913291904, 0.17326786655029933, 0.19865362741430576, 0.09529842590123096], "forecast|snrLow|full|S_season": [0.028156449667623946, 0.034733353893541284, 0.012602830471661103, -0.009759333946883126, 0.04519613626279994, 0.01699235118362706, 0.04241918427795357, 0.016589860593983957, 0.008942192500357894, 0.04144427490801242, 0.019223331453278734, 0.020197808547850627], "forecast|snrLow|full|S_trend": [1.295702357584784, 0.8737228265744839, 1.6431822268464034, 1.5345060955725132, 1.7090425942699208, 1.7463317124905686, 2.0479112219537248, 1.7526499961071007, 1.2166575653635288, 2.160375302965511, 1.6495131337084974, 1.3939785463837984], "forecast|snrLow|miss|S_both": [0.2094526097179672, 0.033772122057433844, 0.1282832947154484, 0.12155919874490827, 0.269203965997652, 0.11805932980946426, 0.02959108008475564, 0.19981252028059115, 0.08489754972368935, 0.09155034602709555, 0.05735157005591418, 0.100984490274713], "forecast|snrLow|miss|S_season": [0.025263898418111615, 0.02408078007119725, 0.04047479428647873, 0.02923033186417617, 0.04425279761695828, 0.027242389635978387, 0.033237788893774343, 0.0051036343613647325, 0.029841498936857377, 0.0256376931849018, 0.05646659061991216, 0.03500895288222613], "forecast|snrLow|miss|S_trend": [1.5323143323887423, 1.5660553406670568, 1.905997829261041, 1.7521873327205728, 1.4883296194596467, 2.1777772592775535, 1.7081995020554082, 1.8322664973020835, 1.2733878524603965, 2.1075730576922767, 1.7649434208142387, 1.672517230382017]}}}