{
 "comparisons": {
  "dp_abstain_vs_global": {
   "boot_mean": -0.4098773670814744,
   "ci_lo": -0.5173014719904303,
   "ci_hi": -0.36150899728948055,
   "n_boot": 12
  },
  "dp_abstain_vs_d_lookup": {
   "boot_mean": -0.3274815731090042,
   "ci_lo": -0.35301579738781075,
   "ci_hi": -0.28636512839192624,
   "n_boot": 12
  },
  "dp_abstain_vs_d_gbdt": {
   "boot_mean": -0.179506001201167,
   "ci_lo": -0.22292059810289472,
   "ci_hi": -0.14966364622608416,
   "n_boot": 12
  },
  "dp_abstain_vs_true_d_gbdt": {
   "boot_mean": -0.18086724815922248,
   "ci_lo": -0.224977447321654,
   "ci_hi": -0.14715936216025488,
   "n_boot": 12
  },
  "dp_abstain_vs_dp_gbdt": {
   "boot_mean": -0.009269483431932643,
   "ci_lo": -0.0226488881156795,
   "ci_hi": 0.0008216747704489983,
   "n_boot": 12
  }
 },
 "comparisons_cell_equal": {
  "dp_abstain_vs_global": {
   "boot_mean": -0.40740528010378224,
   "ci_lo": -0.5194179418514493,
   "ci_hi": -0.3596096816850831,
   "n_boot": 12
  },
  "dp_abstain_vs_d_lookup": {
   "boot_mean": -0.3256952275407294,
   "ci_lo": -0.34647146030689563,
   "ci_hi": -0.28540021313246167,
   "n_boot": 12
  },
  "dp_abstain_vs_d_gbdt": {
   "boot_mean": -0.18172267733311875,
   "ci_lo": -0.22326879533323782,
   "ci_hi": -0.1508900258035847,
   "n_boot": 12
  },
  "dp_abstain_vs_true_d_gbdt": {
   "boot_mean": -0.1822992372991922,
   "ci_lo": -0.22265073941770389,
   "ci_hi": -0.14732150368856883,
   "n_boot": 12
  },
  "dp_abstain_vs_dp_gbdt": {
   "boot_mean": -0.009000681493605002,
   "ci_lo": -0.022681208385899813,
   "ci_hi": 0.0009056308838490121,
   "n_boot": 12
  }
 },
 "arm_regret_boot": {
  "d_gbdt": {
   "boot_mean": 0.28692690637862434,
   "ci_lo": 0.24338870412942304,
   "ci_hi": 0.3395918587112533,
   "n_boot": 12
  },
  "d_lookup": {
   "boot_mean": 0.4349024782864615,
   "ci_lo": 0.3994028032806245,
   "ci_hi": 0.4722803225731467,
   "n_boot": 12
  },
  "dp_abstain": {
   "boot_mean": 0.10742090517745728,
   "ci_lo": 0.08912099293142774,
   "ci_hi": 0.12180333019985351,
   "n_boot": 12
  },
  "dp_gbdt": {
   "boot_mean": 0.11669038860938992,
   "ci_lo": 0.09668923489613611,
   "ci_hi": 0.14444950541598006,
   "n_boot": 12
  },
  "global": {
   "boot_mean": 0.5172982722589315,
   "ci_lo": 0.4745466721781788,
   "ci_hi": 0.6370917209279171,
   "n_boot": 12
  },
  "true_d_gbdt": {
   "boot_mean": 0.28828815333667973,
   "ci_lo": 0.25685749782743794,
   "ci_hi": 0.32446335192777365,
   "n_boot": 12
  }
 },
 "subgroup_dp_delta_q05": {
  "forecast|snrHigh|full|S_both": -0.052657957943766875,
  "forecast|snrHigh|full|S_season": 0.008183917100925513,
  "forecast|snrHigh|full|S_trend": 0.7777172710757762,
  "forecast|snrHigh|miss|S_both": -0.021342781998804957,
  "forecast|snrHigh|miss|S_season": 0.018632853359117033,
  "forecast|snrHigh|miss|S_trend": 0.6912435770808969,
  "forecast|snrLow|full|S_both": 0.07863344405655881,
  "forecast|snrLow|full|S_season": 0.0005265055990994368,
  "forecast|snrLow|full|S_trend": 1.0623369329084587,
  "forecast|snrLow|miss|S_both": 0.03189065316972865,
  "forecast|snrLow|miss|S_season": 0.015541064501772617,
  "forecast|snrLow|miss|S_trend": 1.391605824309984
 },
 "n_boot": 12,
 "seed": 20260705,
 "k": 5,
 "method": "grouped_full_refit_bootstrap(locked-transfer: 头重拟合、picks 冻结)"
}