{
 "n": 480,
 "scope": "primary_no_Sar",
 "arm_summary": {
  "d_gbdt": {
   "mean_loss": 1.3542213979556237,
   "mean_regret": 0.2715987214254847,
   "worst_group_mean": -0.16933340975228245,
   "worst_group_lcb": -0.251875896318002,
   "abstain_rate": 0.0,
   "subgroups": {
    "forecast|snrHigh|full|S_both": {
     "n": 40,
     "mean": -0.0725672715029865,
     "lcb": -0.12786811963165748
    },
    "forecast|snrHigh|full|S_season": {
     "n": 40,
     "mean": -0.050041495641304834,
     "lcb": -0.10796078143986301
    },
    "forecast|snrHigh|full|S_trend": {
     "n": 40,
     "mean": 0.37652013935842527,
     "lcb": 0.22851315558935242
    },
    "forecast|snrHigh|miss|S_both": {
     "n": 40,
     "mean": 0.04605622930247704,
     "lcb": -0.03186506763508997
    },
    "forecast|snrHigh|miss|S_season": {
     "n": 40,
     "mean": -0.10259512298683733,
     "lcb": -0.16154908186686012
    },
    "forecast|snrHigh|miss|S_trend": {
     "n": 40,
     "mean": 0.4147598242904208,
     "lcb": 0.20919851067372822
    },
    "forecast|snrLow|full|S_both": {
     "n": 40,
     "mean": 0.16819712170332965,
     "lcb": 0.0748211920591524
    },
    "forecast|snrLow|full|S_season": {
     "n": 40,
     "mean": -0.1341450233605847,
     "lcb": -0.1917645806382715
    },
    "forecast|snrLow|full|S_trend": {
     "n": 40,
     "mean": 1.3051049512477015,
     "lcb": 0.8470016464248031
    },
    "forecast|snrLow|miss|S_both": {
     "n": 40,
     "mean": 0.0554663383896203,
     "lcb": -0.03682709989383015
    },
    "forecast|snrLow|miss|S_season": {
     "n": 40,
     "mean": -0.16933340975228245,
     "lcb": -0.251875896318002
    },
    "forecast|snrLow|miss|S_trend": {
     "n": 40,
     "mean": 1.3206611539738737,
     "lcb": 0.9436110783366369
    }
   }
  },
  "d_lookup": {
   "mean_loss": 1.5158733051106146,
   "mean_regret": 0.4332506285804756,
   "worst_group_mean": -0.8486102604234631,
   "worst_group_lcb": -0.9019839436426181,
   "abstain_rate": 0.0,
   "subgroups": {
    "forecast|snrHigh|full|S_both": {
     "n": 40,
     "mean": 0.03146336361559447,
     "lcb": -0.008819578956836466
    },
    "forecast|snrHigh|full|S_season": {
     "n": 40,
     "mean": -0.09447880354850251,
     "lcb": -0.10179410181209816
    },
    "forecast|snrHigh|full|S_trend": {
     "n": 40,
     "mean": 0.166021552095994,
     "lcb": 0.049892365194797506
    },
    "forecast|snrHigh|miss|S_both": {
     "n": 40,
     "mean": 0.08440951850567908,
     "lcb": 0.006509978621093038
    },
    "forecast|snrHigh|miss|S_season": {
     "n": 40,
     "mean": -0.11220181055425486,
     "lcb": -0.1215206866752618
    },
    "forecast|snrHigh|miss|S_trend": {
     "n": 40,
     "mean": 0.15675826759905628,
     "lcb": -0.02456680223484045
    },
    "forecast|snrLow|full|S_both": {
     "n": 40,
     "mean": 0.161541816646577,
     "lcb": 0.05984733382464753
    },
    "forecast|snrLow|full|S_season": {
     "n": 40,
     "mean": -0.7509397455620532,
     "lcb": -0.8217254873427213
    },
    "forecast|snrLow|full|S_trend": {
     "n": 40,
     "mean": 0.816400300523911,
     "lcb": 0.30300828923151246
    },
    "forecast|snrLow|miss|S_both": {
     "n": 40,
     "mean": 0.08784130326167175,
     "lcb": 0.009505928437423622
    },
    "forecast|snrLow|miss|S_season": {
     "n": 40,
     "mean": -0.8486102604234631,
     "lcb": -0.9019839436426181
    },
    "forecast|snrLow|miss|S_trend": {
     "n": 40,
     "mean": 1.520055047001752,
     "lcb": 1.1639716085562575
    }
   }
  },
  "dp_abstain": {
   "mean_loss": 1.1840622320582779,
   "mean_regret": 0.10143955552813903,
   "worst_group_mean": -0.0028926056000998096,
   "worst_group_lcb": -0.045734299949928184,
   "abstain_rate": 0.18333333333333332,
   "subgroups": {
    "forecast|snrHigh|full|S_both": {
     "n": 40,
     "mean": -0.0028926056000998096,
     "lcb": -0.045734299949928184
    },
    "forecast|snrHigh|full|S_season": {
     "n": 40,
     "mean": 0.018610230151370543,
     "lcb": 0.006629582800169087
    },
    "forecast|snrHigh|full|S_trend": {
     "n": 40,
     "mean": 0.8800882158417019,
     "lcb": 0.7284389786655359
    },
    "forecast|snrHigh|miss|S_both": {
     "n": 40,
     "mean": 0.06421196423375872,
     "lcb": -0.013167037498128586
    },
    "forecast|snrHigh|miss|S_season": {
     "n": 40,
     "mean": 0.02617588181880869,
     "lcb": 0.01786941181587589
    },
    "forecast|snrHigh|miss|S_trend": {
     "n": 40,
     "mean": 0.9658605370451199,
     "lcb": 0.742094600728398
    },
    "forecast|snrLow|full|S_both": {
     "n": 40,
     "mean": 0.12367449531838455,
     "lcb": 0.04417273444090354
    },
    "forecast|snrLow|full|S_season": {
     "n": 40,
     "mean": 0.03538852066028048,
     "lcb": 0.009771996579669776
    },
    "forecast|snrLow|full|S_trend": {
     "n": 40,
     "mean": 1.3385491935865719,
     "lcb": 0.8840520478897453
    },
    "forecast|snrLow|miss|S_both": {
     "n": 40,
     "mean": 0.11677231547322857,
     "lcb": 0.04259114645797239
    },
    "forecast|snrLow|miss|S_season": {
     "n": 40,
     "mean": 0.04364172715568228,
     "lcb": 0.01696056561045574
    },
    "forecast|snrLow|miss|S_trend": {
     "n": 40,
     "mean": 1.5899129501051927,
     "lcb": 1.236524085097728
    }
   }
  },
  "dp_gbdt": {
   "mean_loss": 1.193021524303884,
   "mean_regret": 0.11039884777374491,
   "worst_group_mean": -0.0012437468398842203,
   "worst_group_lcb": -0.05061682391998519,
   "abstain_rate": 0.0,
   "subgroups": {
    "forecast|snrHigh|full|S_both": {
     "n": 40,
     "mean": -0.0012437468398842203,
     "lcb": -0.05061682391998519
    },
    "forecast|snrHigh|full|S_season": {
     "n": 40,
     "mean": 0.026637545427513332,
     "lcb": 0.011385726148216289
    },
    "forecast|snrHigh|full|S_trend": {
     "n": 40,
     "mean": 0.8421351638396006,
     "lcb": 0.6847460180319778
    },
    "forecast|snrHigh|miss|S_both": {
     "n": 40,
     "mean": 0.0668879849702941,
     "lcb": -0.01478319394276563
    },
    "forecast|snrHigh|miss|S_season": {
     "n": 40,
     "mean": 0.023436810219099106,
     "lcb": 0.013224018312555874
    },
    "forecast|snrHigh|miss|S_trend": {
     "n": 40,
     "mean": 0.9442083536430129,
     "lcb": 0.7176451552034929
    },
    "forecast|snrLow|full|S_both": {
     "n": 40,
     "mean": 0.15756445464522112,
     "lcb": 0.06914926650960834
    },
    "forecast|snrLow|full|S_season": {
     "n": 40,
     "mean": 0.06701511949019567,
     "lcb": 0.026039339420320294
    },
    "forecast|snrLow|full|S_trend": {
     "n": 40,
     "mean": 1.2004993515939595,
     "lcb": 0.7110292732043033
    },
    "forecast|snrLow|miss|S_both": {
     "n": 40,
     "mean": 0.11173145516813401,
     "lcb": 0.036395683746914764
    },
    "forecast|snrLow|miss|S_season": {
     "n": 40,
     "mean": 0.048294239561484965,
     "lcb": 0.022033870101547583
    },
    "forecast|snrLow|miss|S_trend": {
     "n": 40,
     "mean": 1.605315187124099,
     "lcb": 1.2495468557863878
    }
   }
  },
  "global": {
   "mean_loss": 1.5602187152464302,
   "mean_regret": 0.4775960387162911,
   "worst_group_mean": -0.11238219663938495,
   "worst_group_lcb": -0.1494108419046068,
   "abstain_rate": 0.0,
   "subgroups": {
    "forecast|snrHigh|full|S_both": {
     "n": 40,
     "mean": 0.03146336361559447,
     "lcb": -0.008819578956836466
    },
    "forecast|snrHigh|full|S_season": {
     "n": 40,
     "mean": -0.09447880354850251,
     "lcb": -0.10179410181209816
    },
    "forecast|snrHigh|full|S_trend": {
     "n": 40,
     "mean": 0.166021552095994,
     "lcb": 0.049892365194797506
    },
    "forecast|snrHigh|miss|S_both": {
     "n": 40,
     "mean": 0.08440951850567908,
     "lcb": 0.006509978621093038
    },
    "forecast|snrHigh|miss|S_season": {
     "n": 40,
     "mean": -0.11220181055425486,
     "lcb": -0.1215206866752618
    },
    "forecast|snrHigh|miss|S_trend": {
     "n": 40,
     "mean": 0.15675826759905628,