{
 "scope": "primary_no_Sar",
 "smoke_dev": true,
 "n": 60,
 "policies": [
  "dp_abstain",
  "global",
  "d_lookup"
 ],
 "provenance": {
  "numpy": "2.2.6",
  "sklearn": "1.7.2",
  "dlinear": "evaluators._torch_models.DLinear(L_WIN,H) epochs=120",
  "L_WIN": 48,
  "H_FORECAST": 48,
  "torch": "2.12.0+cu126",
  "chronos_model": "amazon/chronos-bolt-small",
  "chronos_forecasting": "2.3.0"
 },
 "dlinear_seed_spread": {
  "dp_abstain": {
   "per_seed_batch_perf": [
    0.20558067866972038,
    0.19211121604577225,
    0.32935768718332237,
    0.3156281949719632,
    0.10923931072445658
   ],
   "batch_perf_std": 0.08224160748632273
  },
  "global": {
   "per_seed_batch_perf": [
    0.23474989964422188,
    0.21636107422995923,
    0.3484780526270804,
    0.29081273133973823,
    0.095071747121016
   ],
   "batch_perf_std": 0.0847322590330416
  },
  "d_lookup": {
   "per_seed_batch_perf": [
    0.2336412067186844,
    0.27992512419449644,
    0.3091724265881115,
    0.3066404694901432,
    0.09845068334179989
   ],
   "batch_perf_std": 0.07841114057640926
  }
 },
 "reporters": {
  "dlinear_scratch": {
   "perf": {
    "dp_abstain": 0.21396932307654576,
    "global": 0.21773335930868384,
    "d_lookup": 0.22757683654725402
   },
   "comparisons": {
    "dp_abstain_vs_global": {
     "nrmse_diff_ci": {
      "mean": 0.01743853709046524,
      "ci_lo": -0.08278215444364521,
      "ci_hi": 0.11553961075862632,
      "n": 60
     },
     "direction_ok": false,
     "significant_reversal": false
    },
    "dp_abstain_vs_d_lookup": {
     "nrmse_diff_ci": {
      "mean": 0.06165526979686467,
      "ci_lo": -0.05852972923162981,
      "ci_hi": 0.19177108801131765,
      "n": 60
     },
     "direction_ok": false,
     "significant_reversal": false
    }
   },
   "subgroup_direction": {
    "S_season_vs_global": {
     "mean_nrmse_diff": -0.03582516299778425,
     "dp_better": true,
     "n": 20
    },
    "S_trend_vs_global": {
     "mean_nrmse_diff": 0.07910576026649893,
     "dp_better": false,
     "n": 20
    },
    "S_season_vs_d_lookup": {
     "mean_nrmse_diff": -0.3198389117620722,
     "dp_better": true,
     "n": 20
    },
    "S_trend_vs_d_lookup": {
     "mean_nrmse_diff": 0.572456322553124,
     "dp_better": false,
     "n": 20
    }
   }
  },
  "chronos": {
   "perf": {
    "dp_abstain": 0.40733854834006133,
    "global": 0.4027870962994739,
    "d_lookup": 0.3353828597024329
   },
   "comparisons": {
    "dp_abstain_vs_global": {
     "nrmse_diff_ci": {
      "mean": -0.011236528455312889,
      "ci_lo": -0.1741936017819953,
      "ci_hi": 0.14853006788692502,
      "n": 60
     },
     "direction_ok": true,
     "significant_reversal": false
    },
    "dp_abstain_vs_d_lookup": {
     "nrmse_diff_ci": {
      "mean": -0.19437190974467117,
      "ci_lo": -0.3186972767695447,
      "ci_hi": -0.07385395204961924,
      "n": 60
     },
     "direction_ok": true,
     "significant_reversal": false
    }
   },
   "subgroup_direction": {
    "S_season_vs_global": {
     "mean_nrmse_diff": -0.1381110470427001,
     "dp_better": true,
     "n": 20
    },
    "S_trend_vs_global": {
     "mean_nrmse_diff": -0.057774904258113866,
     "dp_better": true,
     "n": 20
    },
    "S_season_vs_d_lookup": {
     "mean_nrmse_diff": -0.49648139235484956,
     "dp_better": true,
     "n": 20
    },
    "S_trend_vs_d_lookup": {
     "mean_nrmse_diff": 0.048122309050913234,
     "dp_better": false,
     "n": 20
    }
   }
  }
 },
 "gate": {
  "passed": false,
  "directions_ok": [
   false,
   false,
   true,
   true
  ],
  "significant_reversals": [
   false,
   false,
   false,
   false
  ],
  "rule": "两报告器 perf(dp)>perf(global)∧>perf(d_lookup) 且无显著反向（freeze C6）"
 }
}