{
 "specs": {
  "p0": {
   "dp_gbdt": {
    "mean_loss": 1.3495173125762359,
    "mean_regret": 0.26326794627460776,
    "abstain_rate": 0.0,
    "regret_by_origin": {
     "S_both": 0.19243189827615542,
     "S_season": 0.06366954469971878,
     "S_trend": 0.533702395847949
    },
    "regret_miss_cells": 0.16316503443538946,
    "regret_full_cells": 0.36337085811382597,
    "worst_group_mean": -0.056971533823041744,
    "worst_group_lcb": -0.42667826480936233,
    "delta_vs_incumbent": 0.26789154167524837
   },
   "dp_abstain": {
    "mean_loss": 1.3214872007288656,
    "mean_regret": 0.23523783442723753,
    "abstain_rate": 0.21458333333333332,
    "regret_by_origin": {
     "S_both": 0.17499899397236923,
     "S_season": 0.0654201914876336,
     "S_trend": 0.46529431782170966
    },
    "regret_miss_cells": 0.17051364856179418,
    "regret_full_cells": 0.2999620202926809,
    "worst_group_mean": -0.026112315667016595,
    "worst_group_lcb": -0.08319069096084693,
    "delta_vs_incumbent": 0.2959216535226185
   }
  },
  "p1a_fixp": {
   "dp_gbdt": {
    "mean_loss": 1.3140920579784088,
    "mean_regret": 0.2278426916767805,
    "abstain_rate": 0.0,
    "regret_by_origin": {
     "S_both": 0.18453969465242695,
     "S_season": 0.06877430104076093,
     "S_trend": 0.4302140793371537
    },
    "regret_miss_cells": 0.19398558645827343,
    "regret_full_cells": 0.26169979689528755,
    "worst_group_mean": -0.021753736444689236,
    "worst_group_lcb": -0.09191536664887776,
    "delta_vs_incumbent": 0.3033167962730756
   },
   "dp_abstain": {
    "mean_loss": 1.3459609291115417,
    "mean_regret": 0.2597115628099137,
    "abstain_rate": 0.2,
    "regret_by_origin": {
     "S_both": 0.16235573945820952,
     "S_season": 0.06157712898368164,
     "S_trend": 0.5552018199878499
    },
    "regret_miss_cells": 0.1824541551080611,
    "regret_full_cells": 0.3369689705117663,
    "worst_group_mean": 0.0034619272940215563,
    "worst_group_lcb": -0.2683667783645025,
    "delta_vs_incumbent": 0.2714479251399425
   }
  },
  "p1a_pd": {
   "dp_gbdt": {
    "mean_loss": 1.3704444815620864,
    "mean_regret": 0.2841951152604583,
    "abstain_rate": 0.0,
    "regret_by_origin": {
     "S_both": 0.16974030536212342,
     "S_season": 0.06133987840254547,
     "S_trend": 0.6215051620167061
    },
    "regret_miss_cells": 0.23449907610767398,
    "regret_full_cells": 0.3338911544132427,
    "worst_group_mean": -0.023790742147878942,
    "worst_group_lcb": -0.3371445625533458,
    "delta_vs_incumbent": 0.24696437268939775
   },
   "dp_abstain": {
    "mean_loss": 1.355206645250391,
    "mean_regret": 0.2689572789487631,
    "abstain_rate": 0.23125,
    "regret_by_origin": {
     "S_both": 0.16696344199429847,
     "S_season": 0.07284715206154709,
     "S_trend": 0.5670612427904438
    },
    "regret_miss_cells": 0.20913208351248025,
    "regret_full_cells": 0.328782474385046,
    "worst_group_mean": 0.002934627004311202,
    "worst_group_lcb": -0.16918843487265084,
    "delta_vs_incumbent": 0.262202209001093
   }
  },
  "p1a_pdc": {
   "dp_gbdt": {
    "mean_loss": 1.3373336760913062,
    "mean_regret": 0.2510843097896781,
    "abstain_rate": 0.0,
    "regret_by_origin": {
     "S_both": 0.18779764845617067,
     "S_season": 0.06267966334341482,
     "S_trend": 0.5027756175694487
    },
    "regret_miss_cells": 0.16883495995538694,
    "regret_full_cells": 0.3333336596239692,
    "worst_group_mean": -0.017254038315201142,
    "worst_group_lcb": -0.281387254175182,
    "delta_vs_incumbent": 0.280075178160178
   },
   "dp_abstain": {
    "mean_loss": 1.2884086663436014,
    "mean_regret": 0.20215930004197316,
    "abstain_rate": 0.23125,
    "regret_by_origin": {
     "S_both": 0.1726971605472319,
     "S_season": 0.0688002603859294,
     "S_trend": 0.36498047919275817
    },
    "regret_miss_cells": 0.15834332023966116,
    "regret_full_cells": 0.2459752798442852,
    "worst_group_mean": -0.010452180424059793,
    "worst_group_lcb": -0.07061897901644322,
    "delta_vs_incumbent": 0.32900018790788293
   }
  },
  "p1a_fixpc": {
   "dp_gbdt": {
    "mean_loss": 1.2822072316124833,
    "mean_regret": 0.19595786531085524,
    "abstain_rate": 0.0,
    "regret_by_origin": {
     "S_both": 0.15763361575348314,
     "S_season": 0.05930325033329091,
     "S_trend": 0.3709367298457916
    },
    "regret_miss_cells": 0.15130299744436632,
    "regret_full_cells": 0.2406127331773441,
    "worst_group_mean": -0.012767716265399775,
    "worst_group_lcb": -0.11042531195425542,
    "delta_vs_incumbent": 0.33520162263900083
   },
   "dp_abstain": {
    "mean_loss": 1.2849550642305478,
    "mean_regret": 0.19870569792891954,
    "abstain_rate": 0.20208333333333334,
    "regret_by_origin": {
     "S_both": 0.16627528406889897,
     "S_season": 0.07341672365975427,
     "S_trend": 0.3564250860581054
    },
    "regret_miss_cells": 0.13537337582604125,
    "regret_full_cells": 0.2620380200317978,
    "worst_group_mean": -0.04955472621391189,
    "worst_group_lcb": -0.09136018509978011,
    "delta_vs_incumbent": 0.33245379002093656
   }
  }
 },
 "comparisons": {
  "p1a_fixp_vs_p0[dp_gbdt]": {
   "mean": -0.035425254597827235,
   "ci_lo": -0.10143945604782446,
   "ci_hi": 0.024212308854907192,
   "frac_positive": 0.1235,
   "n": 480,
   "n_boot": 2000
  },
  "p1a_pd_vs_p0[dp_gbdt]": {
   "mean": 0.020927168985850626,
   "ci_lo": -0.044533449465711666,
   "ci_hi": 0.09844256891975649,
   "frac_positive": 0.69,
   "n": 480,
   "n_boot": 2000
  },
  "p1a_pdc_vs_p0[dp_gbdt]": {
   "mean": -0.012183636484929665,
   "ci_lo": -0.05588102385896031,
   "ci_hi": 0.03178364607508837,
   "frac_positive": 0.288,
   "n": 480,
   "n_boot": 2000
  },
  "p1a_fixpc_vs_p0[dp_gbdt]": {
   "mean": -0.06731008096375252,
   "ci_lo": -0.13145086045797075,
   "ci_hi": -0.009574264583693589,
   "frac_positive": 0.0095,
   "n": 480,
   "n_boot": 2000
  },
  "p1a_fixp_vs_p0[dp_abstain]": {
   "mean": 0.024473728382676148,
   "ci_lo": -0.02640603270770092,
   "ci_hi": 0.08148206374154154,
   "frac_positive": 0.8235,
   "n": 480,
   "n_boot": 2000
  },
  "p1a_pd_vs_p0[dp_abstain]": {
   "mean": 0.03371944452152557,
   "ci_lo": -0.023505741999596257,
   "ci_hi": 0.10498940006174214,
   "frac_positive": 0.8515,
   "n": 480,
   "n_boot": 2000
  },
  "p1a_pdc_vs_p0[dp_abstain]": {
   "mean": -0.033078534385264376,
   "ci_lo": -0.08891890914021792,
   "ci_hi": 0.015724924642422665,
   "frac_positive": 0.1025,
   "n": 480,
   "n_boot": 2000
  },
  "p1a_fixpc_vs_p0[dp_abstain]": {
   "mean": -0.036532136498317984,
   "ci_lo": -0.096644526238239,
   "ci_hi": 0.017650292289554493,
   "frac_positive": 0.1015,
   "n": 480,
   "n_boot": 2000
  }
 },
 "response_quality": {
  "p0": {
   "mean_per_uid_rank_corr": 0.5597979797979796,
   "pooled_r2": 0.5054294012756877
  },
  "p1a_fixp": {
   "mean_per_uid_rank_corr": 0.5632575757575757,
   "pooled_r2": 0.6196755778594353
  },
  "p1a_pd": {
   "mean_per_uid_rank_corr": 0.5661616161616162,
   "pooled_r2": 0.6149346622695321
  },
  "p1a_pdc": {
   "mean_per_uid_rank_corr": 0.5724747474747474,
   "pooled_r2": 0.6376280801235534
  },
  "p1a_fixpc": {
   "mean_per_uid_rank_corr": 0.5924494949494948,
   "pooled_r2": 0.6399068632499239
  }
 },
 "c_diagnostic": {
  "c_peak_sig": {
   "spearman_vs_regret": -0.012386135627166893,
   "regret_lowest_quartile": 0.5348101887683223,
   "regret_rest": 0.2006567574245037
  },
  "c_acf_confirm": {
   "spearman_vs_regret": -0.007407809394229063,
   "regret_lowest_quartile": 0.4731040707231743,
   "regret_rest": 0.22122546343955302
  },
  "c_obs_coverage": {
   "spearman_vs_regret": 0.06434390512293611,
   "regret_lowest_quartile": 0.18070873678796495,
   "regret_rest": 0.3186905747512895
  }
 },
 "caveat": "发现集乐观性：本表跑在发现 D1/D3 的同一批 dev records 上（修复方案盯着这批数据的失败设计）——幅度天然乐观。仅作设计级判定（P1a 特征集是否进 Router 轮）；引用级数字须在 S2 dev 语料上复制。",
 "frozen_inputs": {
  "freeze_config_sha": "f1b6c1b75a4e975c",
  "n_uids": 480,