{
 "results": {
  "legacy_cell": {
   "n_batches": 4,
   "oracle_agreement": 0.22172619047619047,
   "within_batch_response_var": 6.242287916410804,
   "family_purity": 0.23065476190476192
  },
  "P0_kmeans": {
   "n_batches": 8,
   "oracle_agreement": 0.3333333333333333,
   "within_batch_response_var": 4.092289765429876,
   "family_purity": 0.5
  },
  "P1b_kmeans": {
   "n_batches": 8,
   "oracle_agreement": 0.3288690476190476,
   "within_batch_response_var": 4.421633712435694,
   "family_purity": 0.5059523809523809
  }
 },
 "k": 8,
 "seed": 20260707,
 "n": 672,
 "note": "描述性/发现集/非转正证据；fresh-namespace scan=morning turnkey（须重建 L_test）"
}