{"domain": "S_ar", "action": "v_winsor_savgol", "model": "dlinear_pooled", "menu_sha": "a4c0f83191e5bd18fb8b7b9f52854e356268ef3cf0e7e3420e3a0221514db457", "train_cfg_sha": "812a71fdd8764baa", "n": 84, "n_missing": 0, "wallclock_s": 58.3, "cache_keys": {"S2:S_ar:n_hi_block_hi:1": "e564f2affaaba132"}, "per_series": {"S2:S_ar:n_hi_block_hi:1": 0.990735, "S2:S_ar:n_hi_block_hi:2": 1.072622, "S2:S_ar:n_hi_block_hi:3": 1.321134, "S2:S_ar:n_hi_block_hi:4": 1.118594, "S2:S_ar:n_hi_block_hi:5": 1.270319, "S2:S_ar:n_hi_block_hi:6": 1.116351, "S2:S_ar:n_hi_block_hi:8": 1.082858, "S2:S_ar:n_hi_block_lo:0": 1.189407, "S2:S_ar:n_hi_block_lo:1": 1.262494, "S2:S_ar:n_hi_block_lo:2": 1.088732, "S2:S_ar:n_hi_block_lo:4": 1.078081, "S2:S_ar:n_hi_block_lo:6": 1.162661, "S2:S_ar:n_hi_block_lo:7": 1.046437, "S2:S_ar:n_hi_block_lo:9": 1.043194, "S2:S_ar:n_hi_burst:1": 1.020046, "S2:S_ar:n_hi_burst:3": 1.123363, "S2:S_ar:n_hi_burst:4": 0.912865, "S2:S_ar:n_hi_burst:5": 1.142313, "S2:S_ar:n_hi_burst:6": 1.118497, "S2:S_ar:n_hi_burst:7": 0.964476, "S2:S_ar:n_hi_burst:8": 1.087195, "S2:S_ar:n_hi_full:0": 1.10311, "S2:S_ar:n_hi_full:1": 1.003241, "S2:S_ar:n_hi_full:2": 0.978425, "S2:S_ar:n_hi_full:3": 1.016205, "S2:S_ar:n_hi_full:6": 1.051013, "S2:S_ar:n_hi_full:7": 1.030627, "S2:S_ar:n_hi_full:8": 1.135854, "S2:S_ar:n_hi_rand_hi:1": 1.225661, "S2:S_ar:n_hi_rand_hi:2": 1.01107, "S2:S_ar:n_hi_rand_hi:4": 1.004438, "S2:S_ar:n_hi_rand_hi:5": 1.053878, "S2:S_ar:n_hi_rand_hi:7": 0.989258, "S2:S_ar:n_hi_rand_hi:8": 0.908689, "S2:S_ar:n_hi_rand_hi:9": 1.097359, "S2:S_ar:n_hi_rand_lo:0": 1.13852, "S2:S_ar:n_hi_rand_lo:1": 1.083042, "S2:S_ar:n_hi_rand_lo:2": 1.047336, "S2:S_ar:n_hi_rand_lo:3": 1.268053, "S2:S_ar:n_hi_rand_lo:5": 1.509027, "S2:S_ar:n_hi_rand_lo:6": 1.131661, "S2:S_ar:n_hi_rand_lo:9": 1.004943, "S2:S_ar:n_lo_block_hi:0": 1.653748, "S2:S_ar:n_lo_block_hi:2": 1.475835, "S2:S_ar:n_lo_block_hi:3": 1.050995, "S2:S_ar:n_lo_block_hi:4": 1.13179, "S2:S_ar:n_lo_block_hi:5": 0.99914, "S2:S_ar:n_lo_block_hi:6": 1.055272, "S2:S_ar:n_lo_block_hi:8": 0.904528, "S2:S_ar:n_lo_block_lo:0": 1.247714, "S2:S_ar:n_lo_block_lo:1": 1.187236, "S2:S_ar:n_lo_block_lo:2": 1.237401, "S2:S_ar:n_lo_block_lo:3": 1.064663, "S2:S_ar:n_lo_block_lo:4": 1.052429, "S2:S_ar:n_lo_block_lo:5": 1.710053, "S2:S_ar:n_lo_block_lo:7": 1.375456, "S2:S_ar:n_lo_burst:0": 0.928682, "S2:S_ar:n_lo_burst:3": 1.079451, "S2:S_ar:n_lo_burst:4": 1.033445, "S2:S_ar:n_lo_burst:5": 1.038966, "S2:S_ar:n_lo_burst:6": 0.969817, "S2:S_ar:n_lo_burst:7": 0.947387, "S2:S_ar:n_lo_burst:8": 1.105983, "S2:S_ar:n_lo_full:0": 1.091164, "S2:S_ar:n_lo_full:1": 1.100195, "S2:S_ar:n_lo_full:4": 0.966261, "S2:S_ar:n_lo_full:5": 1.428936, "S2:S_ar:n_lo_full:6": 1.328258, "S2:S_ar:n_lo_full:8": 1.036345, "S2:S_ar:n_lo_full:9": 1.01197, "S2:S_ar:n_lo_rand_hi:0": 0.908929, "S2:S_ar:n_lo_rand_hi:4": 1.144998, "S2:S_ar:n_lo_rand_hi:5": 1.205533, "S2:S_ar:n_lo_rand_hi:6": 1.125503, "S2:S_ar:n_lo_rand_hi:7": 1.135091, "S2:S_ar:n_lo_rand_hi:8": 1.07474, "S2:S_ar:n_lo_rand_hi:9": 1.389514, "S2:S_ar:n_lo_rand_lo:1": 1.173367, "S2:S_ar:n_lo_rand_lo:2": 1.056329, "S2:S_ar:n_lo_rand_lo:3": 1.053765, "S2:S_ar:n_lo_rand_lo:4": 1.068983, "S2:S_ar:n_lo_rand_lo:5": 0.887392, "S2:S_ar:n_lo_rand_lo:7": 0.996011, "S2:S_ar:n_lo_rand_lo:8": 1.047405}}