{"domain": "S_ar", "action": "f0_median_w25", "model": "seasonal_naive", "menu_sha": "a4c0f83191e5bd18fb8b7b9f52854e356268ef3cf0e7e3420e3a0221514db457", "train_cfg_sha": "812a71fdd8764baa", "n": 84, "n_missing": 0, "wallclock_s": 0.0, "cache_keys": {"S2:S_ar:n_hi_block_hi:1": "afa7b911a81da0a5"}, "per_series": {"S2:S_ar:n_hi_block_hi:1": 1.200378, "S2:S_ar:n_hi_block_hi:2": 1.200448, "S2:S_ar:n_hi_block_hi:3": 1.591731, "S2:S_ar:n_hi_block_hi:4": 1.032353, "S2:S_ar:n_hi_block_hi:5": 1.014744, "S2:S_ar:n_hi_block_hi:6": 1.057367, "S2:S_ar:n_hi_block_hi:8": 1.291293, "S2:S_ar:n_hi_block_lo:0": 1.34562, "S2:S_ar:n_hi_block_lo:1": 1.58407, "S2:S_ar:n_hi_block_lo:2": 0.998002, "S2:S_ar:n_hi_block_lo:4": 1.187252, "S2:S_ar:n_hi_block_lo:6": 1.152322, "S2:S_ar:n_hi_block_lo:7": 1.096897, "S2:S_ar:n_hi_block_lo:9": 1.258537, "S2:S_ar:n_hi_burst:1": 1.659207, "S2:S_ar:n_hi_burst:3": 1.142168, "S2:S_ar:n_hi_burst:4": 1.006424, "S2:S_ar:n_hi_burst:5": 1.020898, "S2:S_ar:n_hi_burst:6": 1.281853, "S2:S_ar:n_hi_burst:7": 1.205486, "S2:S_ar:n_hi_burst:8": 1.272468, "S2:S_ar:n_hi_full:0": 1.034034, "S2:S_ar:n_hi_full:1": 1.32923, "S2:S_ar:n_hi_full:2": 1.002381, "S2:S_ar:n_hi_full:3": 0.954917, "S2:S_ar:n_hi_full:6": 0.848341, "S2:S_ar:n_hi_full:7": 1.090843, "S2:S_ar:n_hi_full:8": 1.104378, "S2:S_ar:n_hi_rand_hi:1": 1.118796, "S2:S_ar:n_hi_rand_hi:2": 0.973001, "S2:S_ar:n_hi_rand_hi:4": 1.010097, "S2:S_ar:n_hi_rand_hi:5": 1.033528, "S2:S_ar:n_hi_rand_hi:7": 1.010075, "S2:S_ar:n_hi_rand_hi:8": 1.082406, "S2:S_ar:n_hi_rand_hi:9": 1.038151, "S2:S_ar:n_hi_rand_lo:0": 1.133947, "S2:S_ar:n_hi_rand_lo:1": 1.215421, "S2:S_ar:n_hi_rand_lo:2": 1.164817, "S2:S_ar:n_hi_rand_lo:3": 1.114996, "S2:S_ar:n_hi_rand_lo:5": 1.030622, "S2:S_ar:n_hi_rand_lo:6": 1.037751, "S2:S_ar:n_hi_rand_lo:9": 0.842435, "S2:S_ar:n_lo_block_hi:0": 4.317689, "S2:S_ar:n_lo_block_hi:2": 1.059969, "S2:S_ar:n_lo_block_hi:3": 1.690171, "S2:S_ar:n_lo_block_hi:4": 1.047588, "S2:S_ar:n_lo_block_hi:5": 1.103407, "S2:S_ar:n_lo_block_hi:6": 1.141065, "S2:S_ar:n_lo_block_hi:8": 1.288152, "S2:S_ar:n_lo_block_lo:0": 1.069159, "S2:S_ar:n_lo_block_lo:1": 1.084553, "S2:S_ar:n_lo_block_lo:2": 1.069072, "S2:S_ar:n_lo_block_lo:3": 1.078669, "S2:S_ar:n_lo_block_lo:4": 1.178622, "S2:S_ar:n_lo_block_lo:5": 1.163237, "S2:S_ar:n_lo_block_lo:7": 1.180111, "S2:S_ar:n_lo_burst:0": 1.17556, "S2:S_ar:n_lo_burst:3": 0.986504, "S2:S_ar:n_lo_burst:4": 1.289535, "S2:S_ar:n_lo_burst:5": 1.115726, "S2:S_ar:n_lo_burst:6": 1.089379, "S2:S_ar:n_lo_burst:7": 1.135521, "S2:S_ar:n_lo_burst:8": 1.084744, "S2:S_ar:n_lo_full:0": 1.24553, "S2:S_ar:n_lo_full:1": 2.030793, "S2:S_ar:n_lo_full:4": 1.635423, "S2:S_ar:n_lo_full:5": 1.058075, "S2:S_ar:n_lo_full:6": 1.158702, "S2:S_ar:n_lo_full:8": 1.266122, "S2:S_ar:n_lo_full:9": 1.128871, "S2:S_ar:n_lo_rand_hi:0": 1.459491, "S2:S_ar:n_lo_rand_hi:4": 1.065406, "S2:S_ar:n_lo_rand_hi:5": 1.364193, "S2:S_ar:n_lo_rand_hi:6": 1.531735, "S2:S_ar:n_lo_rand_hi:7": 1.346231, "S2:S_ar:n_lo_rand_hi:8": 1.026047, "S2:S_ar:n_lo_rand_hi:9": 1.667566, "S2:S_ar:n_lo_rand_lo:1": 1.726791, "S2:S_ar:n_lo_rand_lo:2": 1.070871, "S2:S_ar:n_lo_rand_lo:3": 1.039193, "S2:S_ar:n_lo_rand_lo:4": 1.128757, "S2:S_ar:n_lo_rand_lo:5": 0.988849, "S2:S_ar:n_lo_rand_lo:7": 1.02915, "S2:S_ar:n_lo_rand_lo:8": 1.223271}}