{"domain": "S_ar", "action": "v_median", "model": "seasonal_naive", "menu_sha": "a4c0f83191e5bd18fb8b7b9f52854e356268ef3cf0e7e3420e3a0221514db457", "train_cfg_sha": "812a71fdd8764baa", "n": 84, "n_missing": 0, "wallclock_s": 0.0, "cache_keys": {"S2:S_ar:n_hi_block_hi:1": "44973ef18fac108a"}, "per_series": {"S2:S_ar:n_hi_block_hi:1": 1.562722, "S2:S_ar:n_hi_block_hi:2": 1.384214, "S2:S_ar:n_hi_block_hi:3": 1.912087, "S2:S_ar:n_hi_block_hi:4": 1.075328, "S2:S_ar:n_hi_block_hi:5": 1.186391, "S2:S_ar:n_hi_block_hi:6": 1.343852, "S2:S_ar:n_hi_block_hi:8": 1.464069, "S2:S_ar:n_hi_block_lo:0": 1.133823, "S2:S_ar:n_hi_block_lo:1": 1.886124, "S2:S_ar:n_hi_block_lo:2": 1.178024, "S2:S_ar:n_hi_block_lo:4": 1.659467, "S2:S_ar:n_hi_block_lo:6": 1.220038, "S2:S_ar:n_hi_block_lo:7": 1.279976, "S2:S_ar:n_hi_block_lo:9": 1.366054, "S2:S_ar:n_hi_burst:1": 1.864953, "S2:S_ar:n_hi_burst:3": 1.204312, "S2:S_ar:n_hi_burst:4": 1.051404, "S2:S_ar:n_hi_burst:5": 1.005496, "S2:S_ar:n_hi_burst:6": 1.394109, "S2:S_ar:n_hi_burst:7": 1.234076, "S2:S_ar:n_hi_burst:8": 1.853401, "S2:S_ar:n_hi_full:0": 1.603305, "S2:S_ar:n_hi_full:1": 1.677524, "S2:S_ar:n_hi_full:2": 1.615158, "S2:S_ar:n_hi_full:3": 1.116284, "S2:S_ar:n_hi_full:6": 1.122152, "S2:S_ar:n_hi_full:7": 0.973598, "S2:S_ar:n_hi_full:8": 1.229402, "S2:S_ar:n_hi_rand_hi:1": 1.406068, "S2:S_ar:n_hi_rand_hi:2": 1.310243, "S2:S_ar:n_hi_rand_hi:4": 1.052431, "S2:S_ar:n_hi_rand_hi:5": 1.099137, "S2:S_ar:n_hi_rand_hi:7": 1.053472, "S2:S_ar:n_hi_rand_hi:8": 1.260103, "S2:S_ar:n_hi_rand_hi:9": 1.294192, "S2:S_ar:n_hi_rand_lo:0": 1.003513, "S2:S_ar:n_hi_rand_lo:1": 1.284389, "S2:S_ar:n_hi_rand_lo:2": 1.514031, "S2:S_ar:n_hi_rand_lo:3": 1.58546, "S2:S_ar:n_hi_rand_lo:5": 1.190901, "S2:S_ar:n_hi_rand_lo:6": 1.168716, "S2:S_ar:n_hi_rand_lo:9": 0.892365, "S2:S_ar:n_lo_block_hi:0": 4.317689, "S2:S_ar:n_lo_block_hi:2": 0.918671, "S2:S_ar:n_lo_block_hi:3": 1.70438, "S2:S_ar:n_lo_block_hi:4": 1.213337, "S2:S_ar:n_lo_block_hi:5": 1.271874, "S2:S_ar:n_lo_block_hi:6": 1.141065, "S2:S_ar:n_lo_block_hi:8": 1.547696, "S2:S_ar:n_lo_block_lo:0": 1.085698, "S2:S_ar:n_lo_block_lo:1": 1.180596, "S2:S_ar:n_lo_block_lo:2": 1.269797, "S2:S_ar:n_lo_block_lo:3": 1.148347, "S2:S_ar:n_lo_block_lo:4": 1.265045, "S2:S_ar:n_lo_block_lo:5": 1.313497, "S2:S_ar:n_lo_block_lo:7": 1.492332, "S2:S_ar:n_lo_burst:0": 1.340065, "S2:S_ar:n_lo_burst:3": 1.541458, "S2:S_ar:n_lo_burst:4": 1.514044, "S2:S_ar:n_lo_burst:5": 1.558251, "S2:S_ar:n_lo_burst:6": 1.169334, "S2:S_ar:n_lo_burst:7": 1.461891, "S2:S_ar:n_lo_burst:8": 1.302567, "S2:S_ar:n_lo_full:0": 1.014005, "S2:S_ar:n_lo_full:1": 2.246381, "S2:S_ar:n_lo_full:4": 1.785477, "S2:S_ar:n_lo_full:5": 1.111375, "S2:S_ar:n_lo_full:6": 1.563302, "S2:S_ar:n_lo_full:8": 1.470389, "S2:S_ar:n_lo_full:9": 1.292344, "S2:S_ar:n_lo_rand_hi:0": 1.591224, "S2:S_ar:n_lo_rand_hi:4": 1.337422, "S2:S_ar:n_lo_rand_hi:5": 1.662385, "S2:S_ar:n_lo_rand_hi:6": 2.306332, "S2:S_ar:n_lo_rand_hi:7": 1.62325, "S2:S_ar:n_lo_rand_hi:8": 1.338655, "S2:S_ar:n_lo_rand_hi:9": 1.926378, "S2:S_ar:n_lo_rand_lo:1": 1.606542, "S2:S_ar:n_lo_rand_lo:2": 1.357425, "S2:S_ar:n_lo_rand_lo:3": 0.962866, "S2:S_ar:n_lo_rand_lo:4": 1.93311, "S2:S_ar:n_lo_rand_lo:5": 1.093299, "S2:S_ar:n_lo_rand_lo:7": 1.217175, "S2:S_ar:n_lo_rand_lo:8": 1.531922}}