{"domain": "S_ar", "action": "v_none", "model": "chronos_bolt_small", "menu_sha": "a4c0f83191e5bd18fb8b7b9f52854e356268ef3cf0e7e3420e3a0221514db457", "train_cfg_sha": "812a71fdd8764baa", "n": 84, "n_missing": 0, "wallclock_s": 0.3, "cache_keys": {"S2:S_ar:n_hi_block_hi:1": "9813babd7626e285"}, "per_series": {"S2:S_ar:n_hi_block_hi:1": 1.187597, "S2:S_ar:n_hi_block_hi:2": 1.205576, "S2:S_ar:n_hi_block_hi:3": 1.34319, "S2:S_ar:n_hi_block_hi:4": 1.007425, "S2:S_ar:n_hi_block_hi:5": 1.078996, "S2:S_ar:n_hi_block_hi:6": 1.140466, "S2:S_ar:n_hi_block_hi:8": 0.983808, "S2:S_ar:n_hi_block_lo:0": 1.18175, "S2:S_ar:n_hi_block_lo:1": 1.07499, "S2:S_ar:n_hi_block_lo:2": 1.018353, "S2:S_ar:n_hi_block_lo:4": 1.024877, "S2:S_ar:n_hi_block_lo:6": 1.020421, "S2:S_ar:n_hi_block_lo:7": 1.047573, "S2:S_ar:n_hi_block_lo:9": 1.034364, "S2:S_ar:n_hi_burst:1": 1.226816, "S2:S_ar:n_hi_burst:3": 0.979386, "S2:S_ar:n_hi_burst:4": 0.956044, "S2:S_ar:n_hi_burst:5": 1.032809, "S2:S_ar:n_hi_burst:6": 1.164705, "S2:S_ar:n_hi_burst:7": 0.97855, "S2:S_ar:n_hi_burst:8": 1.051292, "S2:S_ar:n_hi_full:0": 1.035342, "S2:S_ar:n_hi_full:1": 1.019682, "S2:S_ar:n_hi_full:2": 0.973539, "S2:S_ar:n_hi_full:3": 1.044137, "S2:S_ar:n_hi_full:6": 1.035, "S2:S_ar:n_hi_full:7": 0.99567, "S2:S_ar:n_hi_full:8": 1.157809, "S2:S_ar:n_hi_rand_hi:1": 1.089536, "S2:S_ar:n_hi_rand_hi:2": 0.974151, "S2:S_ar:n_hi_rand_hi:4": 0.994654, "S2:S_ar:n_hi_rand_hi:5": 1.047783, "S2:S_ar:n_hi_rand_hi:7": 1.003445, "S2:S_ar:n_hi_rand_hi:8": 0.927827, "S2:S_ar:n_hi_rand_hi:9": 1.104309, "S2:S_ar:n_hi_rand_lo:0": 1.078532, "S2:S_ar:n_hi_rand_lo:1": 1.133147, "S2:S_ar:n_hi_rand_lo:2": 1.155778, "S2:S_ar:n_hi_rand_lo:3": 1.133512, "S2:S_ar:n_hi_rand_lo:5": 1.261678, "S2:S_ar:n_hi_rand_lo:6": 1.057158, "S2:S_ar:n_hi_rand_lo:9": 1.04513, "S2:S_ar:n_lo_block_hi:0": 2.87437, "S2:S_ar:n_lo_block_hi:2": 1.023884, "S2:S_ar:n_lo_block_hi:3": 1.263912, "S2:S_ar:n_lo_block_hi:4": 1.034786, "S2:S_ar:n_lo_block_hi:5": 1.096372, "S2:S_ar:n_lo_block_hi:6": 1.137272, "S2:S_ar:n_lo_block_hi:8": 0.925664, "S2:S_ar:n_lo_block_lo:0": 1.008759, "S2:S_ar:n_lo_block_lo:1": 1.003164, "S2:S_ar:n_lo_block_lo:2": 1.104738, "S2:S_ar:n_lo_block_lo:3": 1.022734, "S2:S_ar:n_lo_block_lo:4": 1.162857, "S2:S_ar:n_lo_block_lo:5": 1.08854, "S2:S_ar:n_lo_block_lo:7": 1.09231, "S2:S_ar:n_lo_burst:0": 1.111334, "S2:S_ar:n_lo_burst:3": 1.088533, "S2:S_ar:n_lo_burst:4": 1.028269, "S2:S_ar:n_lo_burst:5": 0.901919, "S2:S_ar:n_lo_burst:6": 1.017153, "S2:S_ar:n_lo_burst:7": 1.035161, "S2:S_ar:n_lo_burst:8": 1.081266, "S2:S_ar:n_lo_full:0": 1.04376, "S2:S_ar:n_lo_full:1": 1.349236, "S2:S_ar:n_lo_full:4": 0.972169, "S2:S_ar:n_lo_full:5": 1.300602, "S2:S_ar:n_lo_full:6": 1.04166, "S2:S_ar:n_lo_full:8": 1.009546, "S2:S_ar:n_lo_full:9": 1.075986, "S2:S_ar:n_lo_rand_hi:0": 0.927836, "S2:S_ar:n_lo_rand_hi:4": 1.008655, "S2:S_ar:n_lo_rand_hi:5": 1.14885, "S2:S_ar:n_lo_rand_hi:6": 1.223644, "S2:S_ar:n_lo_rand_hi:7": 1.049352, "S2:S_ar:n_lo_rand_hi:8": 1.153997, "S2:S_ar:n_lo_rand_hi:9": 1.088508, "S2:S_ar:n_lo_rand_lo:1": 1.059024, "S2:S_ar:n_lo_rand_lo:2": 1.013578, "S2:S_ar:n_lo_rand_lo:3": 1.038885, "S2:S_ar:n_lo_rand_lo:4": 1.084525, "S2:S_ar:n_lo_rand_lo:5": 1.108348, "S2:S_ar:n_lo_rand_lo:7": 1.010364, "S2:S_ar:n_lo_rand_lo:8": 1.056494}}