{"domain": "S_ar", "action": "v_none", "model": "seasonal_naive", "menu_sha": "a4c0f83191e5bd18fb8b7b9f52854e356268ef3cf0e7e3420e3a0221514db457", "train_cfg_sha": "812a71fdd8764baa", "n": 84, "n_missing": 0, "wallclock_s": 0.0, "cache_keys": {"S2:S_ar:n_hi_block_hi:1": "56fb3c812ec0d5c8"}, "per_series": {"S2:S_ar:n_hi_block_hi:1": 1.666843, "S2:S_ar:n_hi_block_hi:2": 1.484854, "S2:S_ar:n_hi_block_hi:3": 2.431134, "S2:S_ar:n_hi_block_hi:4": 1.248805, "S2:S_ar:n_hi_block_hi:5": 1.352107, "S2:S_ar:n_hi_block_hi:6": 1.672368, "S2:S_ar:n_hi_block_hi:8": 1.958277, "S2:S_ar:n_hi_block_lo:0": 1.705482, "S2:S_ar:n_hi_block_lo:1": 2.079955, "S2:S_ar:n_hi_block_lo:2": 1.383931, "S2:S_ar:n_hi_block_lo:4": 1.844828, "S2:S_ar:n_hi_block_lo:6": 1.456876, "S2:S_ar:n_hi_block_lo:7": 1.71464, "S2:S_ar:n_hi_block_lo:9": 1.869706, "S2:S_ar:n_hi_burst:1": 2.045202, "S2:S_ar:n_hi_burst:3": 1.37768, "S2:S_ar:n_hi_burst:4": 1.111693, "S2:S_ar:n_hi_burst:5": 1.724561, "S2:S_ar:n_hi_burst:6": 2.024574, "S2:S_ar:n_hi_burst:7": 1.67813, "S2:S_ar:n_hi_burst:8": 2.055673, "S2:S_ar:n_hi_full:0": 1.678502, "S2:S_ar:n_hi_full:1": 1.702193, "S2:S_ar:n_hi_full:2": 2.184327, "S2:S_ar:n_hi_full:3": 1.657512, "S2:S_ar:n_hi_full:6": 1.771576, "S2:S_ar:n_hi_full:7": 1.065409, "S2:S_ar:n_hi_full:8": 1.874326, "S2:S_ar:n_hi_rand_hi:1": 1.661079, "S2:S_ar:n_hi_rand_hi:2": 1.383886, "S2:S_ar:n_hi_rand_hi:4": 1.362452, "S2:S_ar:n_hi_rand_hi:5": 1.226239, "S2:S_ar:n_hi_rand_hi:7": 1.18679, "S2:S_ar:n_hi_rand_hi:8": 1.323729, "S2:S_ar:n_hi_rand_hi:9": 1.379567, "S2:S_ar:n_hi_rand_lo:0": 1.194896, "S2:S_ar:n_hi_rand_lo:1": 1.383403, "S2:S_ar:n_hi_rand_lo:2": 1.710746, "S2:S_ar:n_hi_rand_lo:3": 2.451893, "S2:S_ar:n_hi_rand_lo:5": 2.387544, "S2:S_ar:n_hi_rand_lo:6": 1.30687, "S2:S_ar:n_hi_rand_lo:9": 1.215598, "S2:S_ar:n_lo_block_hi:0": 4.317689, "S2:S_ar:n_lo_block_hi:2": 1.273241, "S2:S_ar:n_lo_block_hi:3": 1.756871, "S2:S_ar:n_lo_block_hi:4": 2.201954, "S2:S_ar:n_lo_block_hi:5": 1.714312, "S2:S_ar:n_lo_block_hi:6": 1.141065, "S2:S_ar:n_lo_block_hi:8": 1.642729, "S2:S_ar:n_lo_block_lo:0": 1.861416, "S2:S_ar:n_lo_block_lo:1": 1.49728, "S2:S_ar:n_lo_block_lo:2": 1.573157, "S2:S_ar:n_lo_block_lo:3": 1.365039, "S2:S_ar:n_lo_block_lo:4": 2.239327, "S2:S_ar:n_lo_block_lo:5": 1.668279, "S2:S_ar:n_lo_block_lo:7": 1.723979, "S2:S_ar:n_lo_burst:0": 1.590678, "S2:S_ar:n_lo_burst:3": 2.130816, "S2:S_ar:n_lo_burst:4": 1.706619, "S2:S_ar:n_lo_burst:5": 2.012705, "S2:S_ar:n_lo_burst:6": 1.347213, "S2:S_ar:n_lo_burst:7": 1.769812, "S2:S_ar:n_lo_burst:8": 1.544214, "S2:S_ar:n_lo_full:0": 1.310992, "S2:S_ar:n_lo_full:1": 2.469985, "S2:S_ar:n_lo_full:4": 2.0408, "S2:S_ar:n_lo_full:5": 1.68439, "S2:S_ar:n_lo_full:6": 2.336794, "S2:S_ar:n_lo_full:8": 1.86455, "S2:S_ar:n_lo_full:9": 1.582778, "S2:S_ar:n_lo_rand_hi:0": 1.786175, "S2:S_ar:n_lo_rand_hi:4": 1.523082, "S2:S_ar:n_lo_rand_hi:5": 2.151796, "S2:S_ar:n_lo_rand_hi:6": 2.714232, "S2:S_ar:n_lo_rand_hi:7": 1.789632, "S2:S_ar:n_lo_rand_hi:8": 1.649502, "S2:S_ar:n_lo_rand_hi:9": 1.962091, "S2:S_ar:n_lo_rand_lo:1": 1.708201, "S2:S_ar:n_lo_rand_lo:2": 2.026297, "S2:S_ar:n_lo_rand_lo:3": 1.361461, "S2:S_ar:n_lo_rand_lo:4": 2.439161, "S2:S_ar:n_lo_rand_lo:5": 1.825787, "S2:S_ar:n_lo_rand_lo:7": 1.320963, "S2:S_ar:n_lo_rand_lo:8": 1.628448}}