{"domain": "S_ar", "action": "f0_median_w9", "model": "chronos_bolt_small", "menu_sha": "a4c0f83191e5bd18fb8b7b9f52854e356268ef3cf0e7e3420e3a0221514db457", "train_cfg_sha": "812a71fdd8764baa", "n": 84, "n_missing": 0, "wallclock_s": 19.5, "cache_keys": {"S2:S_ar:n_hi_block_hi:1": "75b0ab90281423de"}, "per_series": {"S2:S_ar:n_hi_block_hi:1": 1.44731, "S2:S_ar:n_hi_block_hi:2": 1.432332, "S2:S_ar:n_hi_block_hi:3": 1.508139, "S2:S_ar:n_hi_block_hi:4": 1.049478, "S2:S_ar:n_hi_block_hi:5": 1.129779, "S2:S_ar:n_hi_block_hi:6": 1.076177, "S2:S_ar:n_hi_block_hi:8": 1.187004, "S2:S_ar:n_hi_block_lo:0": 1.05708, "S2:S_ar:n_hi_block_lo:1": 1.525048, "S2:S_ar:n_hi_block_lo:2": 0.994241, "S2:S_ar:n_hi_block_lo:4": 1.053616, "S2:S_ar:n_hi_block_lo:6": 1.205015, "S2:S_ar:n_hi_block_lo:7": 1.015461, "S2:S_ar:n_hi_block_lo:9": 1.166089, "S2:S_ar:n_hi_burst:1": 2.144535, "S2:S_ar:n_hi_burst:3": 0.894341, "S2:S_ar:n_hi_burst:4": 0.944219, "S2:S_ar:n_hi_burst:5": 1.028209, "S2:S_ar:n_hi_burst:6": 1.216507, "S2:S_ar:n_hi_burst:7": 0.952505, "S2:S_ar:n_hi_burst:8": 1.175752, "S2:S_ar:n_hi_full:0": 1.167343, "S2:S_ar:n_hi_full:1": 1.031871, "S2:S_ar:n_hi_full:2": 1.238097, "S2:S_ar:n_hi_full:3": 1.040526, "S2:S_ar:n_hi_full:6": 1.007233, "S2:S_ar:n_hi_full:7": 0.975592, "S2:S_ar:n_hi_full:8": 1.196028, "S2:S_ar:n_hi_rand_hi:1": 1.250862, "S2:S_ar:n_hi_rand_hi:2": 1.141659, "S2:S_ar:n_hi_rand_hi:4": 1.049685, "S2:S_ar:n_hi_rand_hi:5": 1.169697, "S2:S_ar:n_hi_rand_hi:7": 1.142749, "S2:S_ar:n_hi_rand_hi:8": 0.963248, "S2:S_ar:n_hi_rand_hi:9": 1.001902, "S2:S_ar:n_hi_rand_lo:0": 0.991663, "S2:S_ar:n_hi_rand_lo:1": 1.197058, "S2:S_ar:n_hi_rand_lo:2": 1.125512, "S2:S_ar:n_hi_rand_lo:3": 1.238804, "S2:S_ar:n_hi_rand_lo:5": 1.08662, "S2:S_ar:n_hi_rand_lo:6": 1.00151, "S2:S_ar:n_hi_rand_lo:9": 1.227883, "S2:S_ar:n_lo_block_hi:0": 3.138957, "S2:S_ar:n_lo_block_hi:2": 1.057516, "S2:S_ar:n_lo_block_hi:3": 1.306771, "S2:S_ar:n_lo_block_hi:4": 0.991519, "S2:S_ar:n_lo_block_hi:5": 1.041415, "S2:S_ar:n_lo_block_hi:6": 1.146552, "S2:S_ar:n_lo_block_hi:8": 1.034184, "S2:S_ar:n_lo_block_lo:0": 0.988314, "S2:S_ar:n_lo_block_lo:1": 1.038128, "S2:S_ar:n_lo_block_lo:2": 0.992348, "S2:S_ar:n_lo_block_lo:3": 1.011646, "S2:S_ar:n_lo_block_lo:4": 1.217067, "S2:S_ar:n_lo_block_lo:5": 1.136023, "S2:S_ar:n_lo_block_lo:7": 1.077562, "S2:S_ar:n_lo_burst:0": 1.801383, "S2:S_ar:n_lo_burst:3": 1.251723, "S2:S_ar:n_lo_burst:4": 0.998577, "S2:S_ar:n_lo_burst:5": 1.00613, "S2:S_ar:n_lo_burst:6": 1.002165, "S2:S_ar:n_lo_burst:7": 1.363299, "S2:S_ar:n_lo_burst:8": 1.080808, "S2:S_ar:n_lo_full:0": 0.946595, "S2:S_ar:n_lo_full:1": 1.616313, "S2:S_ar:n_lo_full:4": 0.928258, "S2:S_ar:n_lo_full:5": 1.182115, "S2:S_ar:n_lo_full:6": 1.096283, "S2:S_ar:n_lo_full:8": 1.061623, "S2:S_ar:n_lo_full:9": 1.432722, "S2:S_ar:n_lo_rand_hi:0": 1.043363, "S2:S_ar:n_lo_rand_hi:4": 0.984627, "S2:S_ar:n_lo_rand_hi:5": 1.072413, "S2:S_ar:n_lo_rand_hi:6": 1.517794, "S2:S_ar:n_lo_rand_hi:7": 1.243434, "S2:S_ar:n_lo_rand_hi:8": 1.381282, "S2:S_ar:n_lo_rand_hi:9": 1.454914, "S2:S_ar:n_lo_rand_lo:1": 1.519534, "S2:S_ar:n_lo_rand_lo:2": 1.006112, "S2:S_ar:n_lo_rand_lo:3": 1.089907, "S2:S_ar:n_lo_rand_lo:4": 1.199908, "S2:S_ar:n_lo_rand_lo:5": 1.190301, "S2:S_ar:n_lo_rand_lo:7": 0.987071, "S2:S_ar:n_lo_rand_lo:8": 1.349863}}