{"domain": "S_ar", "action": "v_median", "model": "chronos_bolt_small", "menu_sha": "a4c0f83191e5bd18fb8b7b9f52854e356268ef3cf0e7e3420e3a0221514db457", "train_cfg_sha": "812a71fdd8764baa", "n": 84, "n_missing": 0, "wallclock_s": 0.4, "cache_keys": {"S2:S_ar:n_hi_block_hi:1": "99fd06abd0cf00a7"}, "per_series": {"S2:S_ar:n_hi_block_hi:1": 1.243975, "S2:S_ar:n_hi_block_hi:2": 1.387662, "S2:S_ar:n_hi_block_hi:3": 1.636774, "S2:S_ar:n_hi_block_hi:4": 0.996052, "S2:S_ar:n_hi_block_hi:5": 1.139377, "S2:S_ar:n_hi_block_hi:6": 1.177148, "S2:S_ar:n_hi_block_hi:8": 1.002083, "S2:S_ar:n_hi_block_lo:0": 1.093543, "S2:S_ar:n_hi_block_lo:1": 1.394678, "S2:S_ar:n_hi_block_lo:2": 0.971893, "S2:S_ar:n_hi_block_lo:4": 1.072387, "S2:S_ar:n_hi_block_lo:6": 1.096207, "S2:S_ar:n_hi_block_lo:7": 1.005865, "S2:S_ar:n_hi_block_lo:9": 1.052289, "S2:S_ar:n_hi_burst:1": 1.247803, "S2:S_ar:n_hi_burst:3": 1.008928, "S2:S_ar:n_hi_burst:4": 0.936455, "S2:S_ar:n_hi_burst:5": 1.01378, "S2:S_ar:n_hi_burst:6": 1.239861, "S2:S_ar:n_hi_burst:7": 0.939709, "S2:S_ar:n_hi_burst:8": 1.162388, "S2:S_ar:n_hi_full:0": 1.095516, "S2:S_ar:n_hi_full:1": 1.059075, "S2:S_ar:n_hi_full:2": 1.022281, "S2:S_ar:n_hi_full:3": 1.073695, "S2:S_ar:n_hi_full:6": 0.99238, "S2:S_ar:n_hi_full:7": 0.967099, "S2:S_ar:n_hi_full:8": 1.207448, "S2:S_ar:n_hi_rand_hi:1": 1.185999, "S2:S_ar:n_hi_rand_hi:2": 0.989797, "S2:S_ar:n_hi_rand_hi:4": 1.021348, "S2:S_ar:n_hi_rand_hi:5": 1.230536, "S2:S_ar:n_hi_rand_hi:7": 1.115318, "S2:S_ar:n_hi_rand_hi:8": 0.95115, "S2:S_ar:n_hi_rand_hi:9": 1.02014, "S2:S_ar:n_hi_rand_lo:0": 0.969932, "S2:S_ar:n_hi_rand_lo:1": 1.198998, "S2:S_ar:n_hi_rand_lo:2": 1.142297, "S2:S_ar:n_hi_rand_lo:3": 1.445691, "S2:S_ar:n_hi_rand_lo:5": 1.07885, "S2:S_ar:n_hi_rand_lo:6": 1.037428, "S2:S_ar:n_hi_rand_lo:9": 1.000763, "S2:S_ar:n_lo_block_hi:0": 2.9884, "S2:S_ar:n_lo_block_hi:2": 1.00483, "S2:S_ar:n_lo_block_hi:3": 1.122891, "S2:S_ar:n_lo_block_hi:4": 0.996147, "S2:S_ar:n_lo_block_hi:5": 1.10507, "S2:S_ar:n_lo_block_hi:6": 1.147442, "S2:S_ar:n_lo_block_hi:8": 1.135351, "S2:S_ar:n_lo_block_lo:0": 1.001654, "S2:S_ar:n_lo_block_lo:1": 1.048115, "S2:S_ar:n_lo_block_lo:2": 0.999735, "S2:S_ar:n_lo_block_lo:3": 1.00485, "S2:S_ar:n_lo_block_lo:4": 1.292482, "S2:S_ar:n_lo_block_lo:5": 1.109439, "S2:S_ar:n_lo_block_lo:7": 1.035164, "S2:S_ar:n_lo_burst:0": 1.146063, "S2:S_ar:n_lo_burst:3": 1.14118, "S2:S_ar:n_lo_burst:4": 1.316402, "S2:S_ar:n_lo_burst:5": 1.112509, "S2:S_ar:n_lo_burst:6": 1.01601, "S2:S_ar:n_lo_burst:7": 1.2832, "S2:S_ar:n_lo_burst:8": 1.131544, "S2:S_ar:n_lo_full:0": 0.968491, "S2:S_ar:n_lo_full:1": 1.368115, "S2:S_ar:n_lo_full:4": 0.956399, "S2:S_ar:n_lo_full:5": 1.123338, "S2:S_ar:n_lo_full:6": 1.154787, "S2:S_ar:n_lo_full:8": 1.094424, "S2:S_ar:n_lo_full:9": 1.076822, "S2:S_ar:n_lo_rand_hi:0": 0.941375, "S2:S_ar:n_lo_rand_hi:4": 1.046178, "S2:S_ar:n_lo_rand_hi:5": 1.167759, "S2:S_ar:n_lo_rand_hi:6": 1.476541, "S2:S_ar:n_lo_rand_hi:7": 1.104183, "S2:S_ar:n_lo_rand_hi:8": 1.473803, "S2:S_ar:n_lo_rand_hi:9": 1.271638, "S2:S_ar:n_lo_rand_lo:1": 1.304545, "S2:S_ar:n_lo_rand_lo:2": 1.024906, "S2:S_ar:n_lo_rand_lo:3": 0.992533, "S2:S_ar:n_lo_rand_lo:4": 1.115886, "S2:S_ar:n_lo_rand_lo:5": 1.146865, "S2:S_ar:n_lo_rand_lo:7": 0.983028, "S2:S_ar:n_lo_rand_lo:8": 1.184983}}