{"domain": "S_ar", "action": "f0_median_w15", "model": "dlinear_pooled", "menu_sha": "a4c0f83191e5bd18fb8b7b9f52854e356268ef3cf0e7e3420e3a0221514db457", "train_cfg_sha": "812a71fdd8764baa", "n": 84, "n_missing": 0, "wallclock_s": 58.1, "cache_keys": {"S2:S_ar:n_hi_block_hi:1": "e26abfa98bf31a86"}, "per_series": {"S2:S_ar:n_hi_block_hi:1": 0.997231, "S2:S_ar:n_hi_block_hi:2": 1.288444, "S2:S_ar:n_hi_block_hi:3": 1.309968, "S2:S_ar:n_hi_block_hi:4": 1.017136, "S2:S_ar:n_hi_block_hi:5": 1.038962, "S2:S_ar:n_hi_block_hi:6": 1.020173, "S2:S_ar:n_hi_block_hi:8": 0.978117, "S2:S_ar:n_hi_block_lo:0": 1.063609, "S2:S_ar:n_hi_block_lo:1": 1.087973, "S2:S_ar:n_hi_block_lo:2": 0.995841, "S2:S_ar:n_hi_block_lo:4": 1.040214, "S2:S_ar:n_hi_block_lo:6": 1.132684, "S2:S_ar:n_hi_block_lo:7": 0.972141, "S2:S_ar:n_hi_block_lo:9": 1.069295, "S2:S_ar:n_hi_burst:1": 1.154921, "S2:S_ar:n_hi_burst:3": 1.052447, "S2:S_ar:n_hi_burst:4": 0.980911, "S2:S_ar:n_hi_burst:5": 1.052782, "S2:S_ar:n_hi_burst:6": 0.999917, "S2:S_ar:n_hi_burst:7": 0.905612, "S2:S_ar:n_hi_burst:8": 1.110589, "S2:S_ar:n_hi_full:0": 1.000571, "S2:S_ar:n_hi_full:1": 1.018855, "S2:S_ar:n_hi_full:2": 0.948922, "S2:S_ar:n_hi_full:3": 1.04796, "S2:S_ar:n_hi_full:6": 1.270992, "S2:S_ar:n_hi_full:7": 0.963886, "S2:S_ar:n_hi_full:8": 1.107605, "S2:S_ar:n_hi_rand_hi:1": 1.13159, "S2:S_ar:n_hi_rand_hi:2": 1.008117, "S2:S_ar:n_hi_rand_hi:4": 1.024409, "S2:S_ar:n_hi_rand_hi:5": 1.012406, "S2:S_ar:n_hi_rand_hi:7": 1.112225, "S2:S_ar:n_hi_rand_hi:8": 1.00449, "S2:S_ar:n_hi_rand_hi:9": 1.123428, "S2:S_ar:n_hi_rand_lo:0": 1.048158, "S2:S_ar:n_hi_rand_lo:1": 1.129898, "S2:S_ar:n_hi_rand_lo:2": 1.017755, "S2:S_ar:n_hi_rand_lo:3": 1.059363, "S2:S_ar:n_hi_rand_lo:5": 1.0344, "S2:S_ar:n_hi_rand_lo:6": 1.032227, "S2:S_ar:n_hi_rand_lo:9": 1.183906, "S2:S_ar:n_lo_block_hi:0": 1.914263, "S2:S_ar:n_lo_block_hi:2": 1.099035, "S2:S_ar:n_lo_block_hi:3": 1.155716, "S2:S_ar:n_lo_block_hi:4": 0.976632, "S2:S_ar:n_lo_block_hi:5": 1.006859, "S2:S_ar:n_lo_block_hi:6": 1.072557, "S2:S_ar:n_lo_block_hi:8": 0.964603, "S2:S_ar:n_lo_block_lo:0": 1.017386, "S2:S_ar:n_lo_block_lo:1": 1.066687, "S2:S_ar:n_lo_block_lo:2": 1.101188, "S2:S_ar:n_lo_block_lo:3": 1.018308, "S2:S_ar:n_lo_block_lo:4": 1.14996, "S2:S_ar:n_lo_block_lo:5": 1.104542, "S2:S_ar:n_lo_block_lo:7": 1.15948, "S2:S_ar:n_lo_burst:0": 1.246025, "S2:S_ar:n_lo_burst:3": 1.387512, "S2:S_ar:n_lo_burst:4": 1.048355, "S2:S_ar:n_lo_burst:5": 1.010585, "S2:S_ar:n_lo_burst:6": 0.975656, "S2:S_ar:n_lo_burst:7": 1.34595, "S2:S_ar:n_lo_burst:8": 1.136268, "S2:S_ar:n_lo_full:0": 1.05177, "S2:S_ar:n_lo_full:1": 1.367371, "S2:S_ar:n_lo_full:4": 0.981631, "S2:S_ar:n_lo_full:5": 1.030504, "S2:S_ar:n_lo_full:6": 1.046207, "S2:S_ar:n_lo_full:8": 0.956103, "S2:S_ar:n_lo_full:9": 1.207822, "S2:S_ar:n_lo_rand_hi:0": 0.862874, "S2:S_ar:n_lo_rand_hi:4": 1.008553, "S2:S_ar:n_lo_rand_hi:5": 1.0588, "S2:S_ar:n_lo_rand_hi:6": 1.374723, "S2:S_ar:n_lo_rand_hi:7": 1.115763, "S2:S_ar:n_lo_rand_hi:8": 1.089096, "S2:S_ar:n_lo_rand_hi:9": 1.259426, "S2:S_ar:n_lo_rand_lo:1": 1.145925, "S2:S_ar:n_lo_rand_lo:2": 1.050237, "S2:S_ar:n_lo_rand_lo:3": 0.985888, "S2:S_ar:n_lo_rand_lo:4": 1.065129, "S2:S_ar:n_lo_rand_lo:5": 1.122419, "S2:S_ar:n_lo_rand_lo:7": 1.012575, "S2:S_ar:n_lo_rand_lo:8": 1.152525}}