{"domain": "S_ar", "action": "v_stl", "model": "chronos_bolt_small", "menu_sha": "a4c0f83191e5bd18fb8b7b9f52854e356268ef3cf0e7e3420e3a0221514db457", "train_cfg_sha": "812a71fdd8764baa", "n": 84, "n_missing": 0, "wallclock_s": 0.4, "cache_keys": {"S2:S_ar:n_hi_block_hi:1": "9d7d46a5d0f06ffb"}, "per_series": {"S2:S_ar:n_hi_block_hi:1": 1.642585, "S2:S_ar:n_hi_block_hi:2": 1.232741, "S2:S_ar:n_hi_block_hi:3": 1.624332, "S2:S_ar:n_hi_block_hi:4": 1.161498, "S2:S_ar:n_hi_block_hi:5": 1.121593, "S2:S_ar:n_hi_block_hi:6": 1.352893, "S2:S_ar:n_hi_block_hi:8": 1.043581, "S2:S_ar:n_hi_block_lo:0": 1.382236, "S2:S_ar:n_hi_block_lo:1": 1.146778, "S2:S_ar:n_hi_block_lo:2": 1.072553, "S2:S_ar:n_hi_block_lo:4": 1.046542, "S2:S_ar:n_hi_block_lo:6": 1.1179, "S2:S_ar:n_hi_block_lo:7": 1.06887, "S2:S_ar:n_hi_block_lo:9": 1.055133, "S2:S_ar:n_hi_burst:1": 1.435776, "S2:S_ar:n_hi_burst:3": 1.113128, "S2:S_ar:n_hi_burst:4": 0.96949, "S2:S_ar:n_hi_burst:5": 1.070034, "S2:S_ar:n_hi_burst:6": 1.449835, "S2:S_ar:n_hi_burst:7": 0.966649, "S2:S_ar:n_hi_burst:8": 0.946627, "S2:S_ar:n_hi_full:0": 1.121236, "S2:S_ar:n_hi_full:1": 1.075675, "S2:S_ar:n_hi_full:2": 0.988704, "S2:S_ar:n_hi_full:3": 0.965668, "S2:S_ar:n_hi_full:6": 1.074966, "S2:S_ar:n_hi_full:7": 0.995574, "S2:S_ar:n_hi_full:8": 1.134813, "S2:S_ar:n_hi_rand_hi:1": 1.246368, "S2:S_ar:n_hi_rand_hi:2": 0.967681, "S2:S_ar:n_hi_rand_hi:4": 1.000972, "S2:S_ar:n_hi_rand_hi:5": 1.070904, "S2:S_ar:n_hi_rand_hi:7": 0.994457, "S2:S_ar:n_hi_rand_hi:8": 0.845336, "S2:S_ar:n_hi_rand_hi:9": 1.149024, "S2:S_ar:n_hi_rand_lo:0": 1.101419, "S2:S_ar:n_hi_rand_lo:1": 1.163956, "S2:S_ar:n_hi_rand_lo:2": 1.164573, "S2:S_ar:n_hi_rand_lo:3": 1.454175, "S2:S_ar:n_hi_rand_lo:5": 1.311392, "S2:S_ar:n_hi_rand_lo:6": 1.192769, "S2:S_ar:n_hi_rand_lo:9": 0.966995, "S2:S_ar:n_lo_block_hi:0": 3.756621, "S2:S_ar:n_lo_block_hi:2": 1.19438, "S2:S_ar:n_lo_block_hi:3": 1.115974, "S2:S_ar:n_lo_block_hi:4": 1.124513, "S2:S_ar:n_lo_block_hi:5": 1.217862, "S2:S_ar:n_lo_block_hi:6": 1.129802, "S2:S_ar:n_lo_block_hi:8": 1.609556, "S2:S_ar:n_lo_block_lo:0": 1.132566, "S2:S_ar:n_lo_block_lo:1": 1.037121, "S2:S_ar:n_lo_block_lo:2": 1.081669, "S2:S_ar:n_lo_block_lo:3": 1.040719, "S2:S_ar:n_lo_block_lo:4": 1.175155, "S2:S_ar:n_lo_block_lo:5": 1.300734, "S2:S_ar:n_lo_block_lo:7": 1.159382, "S2:S_ar:n_lo_burst:0": 0.948999, "S2:S_ar:n_lo_burst:3": 1.075258, "S2:S_ar:n_lo_burst:4": 1.069026, "S2:S_ar:n_lo_burst:5": 1.246706, "S2:S_ar:n_lo_burst:6": 1.040711, "S2:S_ar:n_lo_burst:7": 0.940795, "S2:S_ar:n_lo_burst:8": 1.318875, "S2:S_ar:n_lo_full:0": 1.026553, "S2:S_ar:n_lo_full:1": 1.235941, "S2:S_ar:n_lo_full:4": 0.963528, "S2:S_ar:n_lo_full:5": 1.300504, "S2:S_ar:n_lo_full:6": 1.303289, "S2:S_ar:n_lo_full:8": 1.019697, "S2:S_ar:n_lo_full:9": 1.011557, "S2:S_ar:n_lo_rand_hi:0": 1.039082, "S2:S_ar:n_lo_rand_hi:4": 1.117848, "S2:S_ar:n_lo_rand_hi:5": 1.218854, "S2:S_ar:n_lo_rand_hi:6": 1.250519, "S2:S_ar:n_lo_rand_hi:7": 1.157809, "S2:S_ar:n_lo_rand_hi:8": 1.319351, "S2:S_ar:n_lo_rand_hi:9": 1.269308, "S2:S_ar:n_lo_rand_lo:1": 1.372483, "S2:S_ar:n_lo_rand_lo:2": 1.002135, "S2:S_ar:n_lo_rand_lo:3": 1.077819, "S2:S_ar:n_lo_rand_lo:4": 1.100938, "S2:S_ar:n_lo_rand_lo:5": 0.948398, "S2:S_ar:n_lo_rand_lo:7": 1.028745, "S2:S_ar:n_lo_rand_lo:8": 1.390819}}