{"domain": "S_ar", "action": "v_wavelet", "model": "dlinear_pooled", "menu_sha": "a4c0f83191e5bd18fb8b7b9f52854e356268ef3cf0e7e3420e3a0221514db457", "train_cfg_sha": "812a71fdd8764baa", "n": 84, "n_missing": 0, "wallclock_s": 58.1, "cache_keys": {"S2:S_ar:n_hi_block_hi:1": "0f8aa698576a30ff"}, "per_series": {"S2:S_ar:n_hi_block_hi:1": 1.056625, "S2:S_ar:n_hi_block_hi:2": 1.091869, "S2:S_ar:n_hi_block_hi:3": 1.54524, "S2:S_ar:n_hi_block_hi:4": 1.010045, "S2:S_ar:n_hi_block_hi:5": 1.071369, "S2:S_ar:n_hi_block_hi:6": 1.033444, "S2:S_ar:n_hi_block_hi:8": 1.027235, "S2:S_ar:n_hi_block_lo:0": 1.065029, "S2:S_ar:n_hi_block_lo:1": 1.007311, "S2:S_ar:n_hi_block_lo:2": 1.008892, "S2:S_ar:n_hi_block_lo:4": 1.049969, "S2:S_ar:n_hi_block_lo:6": 1.040089, "S2:S_ar:n_hi_block_lo:7": 1.010288, "S2:S_ar:n_hi_block_lo:9": 0.928875, "S2:S_ar:n_hi_burst:1": 0.999243, "S2:S_ar:n_hi_burst:3": 1.005495, "S2:S_ar:n_hi_burst:4": 0.969184, "S2:S_ar:n_hi_burst:5": 1.017469, "S2:S_ar:n_hi_burst:6": 0.988662, "S2:S_ar:n_hi_burst:7": 0.973734, "S2:S_ar:n_hi_burst:8": 1.137405, "S2:S_ar:n_hi_full:0": 1.00109, "S2:S_ar:n_hi_full:1": 1.017455, "S2:S_ar:n_hi_full:2": 1.004145, "S2:S_ar:n_hi_full:3": 1.04629, "S2:S_ar:n_hi_full:6": 1.011503, "S2:S_ar:n_hi_full:7": 0.991458, "S2:S_ar:n_hi_full:8": 1.166258, "S2:S_ar:n_hi_rand_hi:1": 1.132216, "S2:S_ar:n_hi_rand_hi:2": 0.982168, "S2:S_ar:n_hi_rand_hi:4": 1.072801, "S2:S_ar:n_hi_rand_hi:5": 1.009205, "S2:S_ar:n_hi_rand_hi:7": 1.028404, "S2:S_ar:n_hi_rand_hi:8": 0.957506, "S2:S_ar:n_hi_rand_hi:9": 1.132877, "S2:S_ar:n_hi_rand_lo:0": 1.105013, "S2:S_ar:n_hi_rand_lo:1": 1.126171, "S2:S_ar:n_hi_rand_lo:2": 1.024166, "S2:S_ar:n_hi_rand_lo:3": 1.026228, "S2:S_ar:n_hi_rand_lo:5": 1.185023, "S2:S_ar:n_hi_rand_lo:6": 1.039618, "S2:S_ar:n_hi_rand_lo:9": 1.088937, "S2:S_ar:n_lo_block_hi:0": 1.621906, "S2:S_ar:n_lo_block_hi:2": 1.043427, "S2:S_ar:n_lo_block_hi:3": 1.119394, "S2:S_ar:n_lo_block_hi:4": 1.025673, "S2:S_ar:n_lo_block_hi:5": 0.941992, "S2:S_ar:n_lo_block_hi:6": 1.046653, "S2:S_ar:n_lo_block_hi:8": 0.882629, "S2:S_ar:n_lo_block_lo:0": 1.080379, "S2:S_ar:n_lo_block_lo:1": 1.062559, "S2:S_ar:n_lo_block_lo:2": 1.177027, "S2:S_ar:n_lo_block_lo:3": 1.003715, "S2:S_ar:n_lo_block_lo:4": 1.082252, "S2:S_ar:n_lo_block_lo:5": 1.028119, "S2:S_ar:n_lo_block_lo:7": 1.171761, "S2:S_ar:n_lo_burst:0": 1.307723, "S2:S_ar:n_lo_burst:3": 1.082654, "S2:S_ar:n_lo_burst:4": 1.023789, "S2:S_ar:n_lo_burst:5": 1.046772, "S2:S_ar:n_lo_burst:6": 1.005751, "S2:S_ar:n_lo_burst:7": 1.119511, "S2:S_ar:n_lo_burst:8": 1.104775, "S2:S_ar:n_lo_full:0": 1.058704, "S2:S_ar:n_lo_full:1": 1.146222, "S2:S_ar:n_lo_full:4": 0.96504, "S2:S_ar:n_lo_full:5": 1.061156, "S2:S_ar:n_lo_full:6": 1.135591, "S2:S_ar:n_lo_full:8": 0.993396, "S2:S_ar:n_lo_full:9": 1.074822, "S2:S_ar:n_lo_rand_hi:0": 0.839511, "S2:S_ar:n_lo_rand_hi:4": 0.969877, "S2:S_ar:n_lo_rand_hi:5": 1.017931, "S2:S_ar:n_lo_rand_hi:6": 1.177788, "S2:S_ar:n_lo_rand_hi:7": 1.13893, "S2:S_ar:n_lo_rand_hi:8": 1.060436, "S2:S_ar:n_lo_rand_hi:9": 1.156209, "S2:S_ar:n_lo_rand_lo:1": 1.113489, "S2:S_ar:n_lo_rand_lo:2": 1.034907, "S2:S_ar:n_lo_rand_lo:3": 0.976025, "S2:S_ar:n_lo_rand_lo:4": 1.077887, "S2:S_ar:n_lo_rand_lo:5": 1.148783, "S2:S_ar:n_lo_rand_lo:7": 0.993032, "S2:S_ar:n_lo_rand_lo:8": 1.050175}}