{"domain": "S_ar", "action": "f0_median_w25", "model": "chronos_bolt_small", "menu_sha": "a4c0f83191e5bd18fb8b7b9f52854e356268ef3cf0e7e3420e3a0221514db457", "train_cfg_sha": "812a71fdd8764baa", "n": 84, "n_missing": 0, "wallclock_s": 0.4, "cache_keys": {"S2:S_ar:n_hi_block_hi:1": "50fd7e453ecbf224"}, "per_series": {"S2:S_ar:n_hi_block_hi:1": 1.310995, "S2:S_ar:n_hi_block_hi:2": 1.034283, "S2:S_ar:n_hi_block_hi:3": 1.532917, "S2:S_ar:n_hi_block_hi:4": 1.125098, "S2:S_ar:n_hi_block_hi:5": 1.057398, "S2:S_ar:n_hi_block_hi:6": 1.076594, "S2:S_ar:n_hi_block_hi:8": 1.224148, "S2:S_ar:n_hi_block_lo:0": 1.245032, "S2:S_ar:n_hi_block_lo:1": 1.829113, "S2:S_ar:n_hi_block_lo:2": 1.108327, "S2:S_ar:n_hi_block_lo:4": 0.99329, "S2:S_ar:n_hi_block_lo:6": 1.141557, "S2:S_ar:n_hi_block_lo:7": 1.208901, "S2:S_ar:n_hi_block_lo:9": 1.321481, "S2:S_ar:n_hi_burst:1": 1.285063, "S2:S_ar:n_hi_burst:3": 1.038098, "S2:S_ar:n_hi_burst:4": 1.02816, "S2:S_ar:n_hi_burst:5": 0.988, "S2:S_ar:n_hi_burst:6": 1.306502, "S2:S_ar:n_hi_burst:7": 1.361992, "S2:S_ar:n_hi_burst:8": 1.087417, "S2:S_ar:n_hi_full:0": 0.985143, "S2:S_ar:n_hi_full:1": 1.077445, "S2:S_ar:n_hi_full:2": 1.097284, "S2:S_ar:n_hi_full:3": 1.063971, "S2:S_ar:n_hi_full:6": 1.122818, "S2:S_ar:n_hi_full:7": 1.004343, "S2:S_ar:n_hi_full:8": 1.130691, "S2:S_ar:n_hi_rand_hi:1": 1.204002, "S2:S_ar:n_hi_rand_hi:2": 0.979816, "S2:S_ar:n_hi_rand_hi:4": 1.078608, "S2:S_ar:n_hi_rand_hi:5": 1.066362, "S2:S_ar:n_hi_rand_hi:7": 1.055854, "S2:S_ar:n_hi_rand_hi:8": 0.939352, "S2:S_ar:n_hi_rand_hi:9": 1.058122, "S2:S_ar:n_hi_rand_lo:0": 1.285026, "S2:S_ar:n_hi_rand_lo:1": 1.121367, "S2:S_ar:n_hi_rand_lo:2": 1.123105, "S2:S_ar:n_hi_rand_lo:3": 1.112268, "S2:S_ar:n_hi_rand_lo:5": 1.004509, "S2:S_ar:n_hi_rand_lo:6": 1.0678, "S2:S_ar:n_hi_rand_lo:9": 1.234188, "S2:S_ar:n_lo_block_hi:0": 3.727759, "S2:S_ar:n_lo_block_hi:2": 1.050943, "S2:S_ar:n_lo_block_hi:3": 1.097604, "S2:S_ar:n_lo_block_hi:4": 1.02194, "S2:S_ar:n_lo_block_hi:5": 1.079459, "S2:S_ar:n_lo_block_hi:6": 1.134464, "S2:S_ar:n_lo_block_hi:8": 1.137591, "S2:S_ar:n_lo_block_lo:0": 1.10494, "S2:S_ar:n_lo_block_lo:1": 1.039066, "S2:S_ar:n_lo_block_lo:2": 0.997411, "S2:S_ar:n_lo_block_lo:3": 1.093889, "S2:S_ar:n_lo_block_lo:4": 1.088106, "S2:S_ar:n_lo_block_lo:5": 1.040451, "S2:S_ar:n_lo_block_lo:7": 1.399082, "S2:S_ar:n_lo_burst:0": 1.16605, "S2:S_ar:n_lo_burst:3": 1.070911, "S2:S_ar:n_lo_burst:4": 1.581104, "S2:S_ar:n_lo_burst:5": 1.084619, "S2:S_ar:n_lo_burst:6": 1.068065, "S2:S_ar:n_lo_burst:7": 1.001658, "S2:S_ar:n_lo_burst:8": 1.108823, "S2:S_ar:n_lo_full:0": 1.049057, "S2:S_ar:n_lo_full:1": 1.948194, "S2:S_ar:n_lo_full:4": 1.039564, "S2:S_ar:n_lo_full:5": 1.143332, "S2:S_ar:n_lo_full:6": 1.030648, "S2:S_ar:n_lo_full:8": 1.051779, "S2:S_ar:n_lo_full:9": 1.285665, "S2:S_ar:n_lo_rand_hi:0": 1.02762, "S2:S_ar:n_lo_rand_hi:4": 1.013531, "S2:S_ar:n_lo_rand_hi:5": 1.50416, "S2:S_ar:n_lo_rand_hi:6": 1.561705, "S2:S_ar:n_lo_rand_hi:7": 1.22431, "S2:S_ar:n_lo_rand_hi:8": 1.191676, "S2:S_ar:n_lo_rand_hi:9": 2.156085, "S2:S_ar:n_lo_rand_lo:1": 1.373448, "S2:S_ar:n_lo_rand_lo:2": 1.149578, "S2:S_ar:n_lo_rand_lo:3": 1.025143, "S2:S_ar:n_lo_rand_lo:4": 1.03377, "S2:S_ar:n_lo_rand_lo:5": 1.119232, "S2:S_ar:n_lo_rand_lo:7": 1.161719, "S2:S_ar:n_lo_rand_lo:8": 1.043044}}