{"domain": "S_ar", "action": "f0_median_w9", "model": "dlinear_pooled", "menu_sha": "a4c0f83191e5bd18fb8b7b9f52854e356268ef3cf0e7e3420e3a0221514db457", "train_cfg_sha": "812a71fdd8764baa", "n": 84, "n_missing": 0, "wallclock_s": 40.4, "cache_keys": {"S2:S_ar:n_hi_block_hi:1": "4ba4a3db10041cff"}, "per_series": {"S2:S_ar:n_hi_block_hi:1": 1.089484, "S2:S_ar:n_hi_block_hi:2": 1.064192, "S2:S_ar:n_hi_block_hi:3": 1.316745, "S2:S_ar:n_hi_block_hi:4": 1.012589, "S2:S_ar:n_hi_block_hi:5": 1.045181, "S2:S_ar:n_hi_block_hi:6": 1.015856, "S2:S_ar:n_hi_block_hi:8": 0.971673, "S2:S_ar:n_hi_block_lo:0": 1.048815, "S2:S_ar:n_hi_block_lo:1": 1.00896, "S2:S_ar:n_hi_block_lo:2": 0.967849, "S2:S_ar:n_hi_block_lo:4": 1.029967, "S2:S_ar:n_hi_block_lo:6": 1.149983, "S2:S_ar:n_hi_block_lo:7": 1.047845, "S2:S_ar:n_hi_block_lo:9": 1.057862, "S2:S_ar:n_hi_burst:1": 1.060995, "S2:S_ar:n_hi_burst:3": 1.048905, "S2:S_ar:n_hi_burst:4": 0.994327, "S2:S_ar:n_hi_burst:5": 1.027914, "S2:S_ar:n_hi_burst:6": 1.05729, "S2:S_ar:n_hi_burst:7": 0.982764, "S2:S_ar:n_hi_burst:8": 1.106299, "S2:S_ar:n_hi_full:0": 1.079776, "S2:S_ar:n_hi_full:1": 0.995567, "S2:S_ar:n_hi_full:2": 1.021373, "S2:S_ar:n_hi_full:3": 1.009381, "S2:S_ar:n_hi_full:6": 1.052987, "S2:S_ar:n_hi_full:7": 0.990982, "S2:S_ar:n_hi_full:8": 1.104246, "S2:S_ar:n_hi_rand_hi:1": 1.109647, "S2:S_ar:n_hi_rand_hi:2": 1.029165, "S2:S_ar:n_hi_rand_hi:4": 1.04997, "S2:S_ar:n_hi_rand_hi:5": 1.037886, "S2:S_ar:n_hi_rand_hi:7": 1.049825, "S2:S_ar:n_hi_rand_hi:8": 0.983174, "S2:S_ar:n_hi_rand_hi:9": 1.107566, "S2:S_ar:n_hi_rand_lo:0": 1.088027, "S2:S_ar:n_hi_rand_lo:1": 1.151494, "S2:S_ar:n_hi_rand_lo:2": 1.002092, "S2:S_ar:n_hi_rand_lo:3": 1.077079, "S2:S_ar:n_hi_rand_lo:5": 1.044681, "S2:S_ar:n_hi_rand_lo:6": 1.065243, "S2:S_ar:n_hi_rand_lo:9": 1.126935, "S2:S_ar:n_lo_block_hi:0": 1.679248, "S2:S_ar:n_lo_block_hi:2": 1.01955, "S2:S_ar:n_lo_block_hi:3": 1.131949, "S2:S_ar:n_lo_block_hi:4": 0.994956, "S2:S_ar:n_lo_block_hi:5": 0.984809, "S2:S_ar:n_lo_block_hi:6": 1.058737, "S2:S_ar:n_lo_block_hi:8": 0.933928, "S2:S_ar:n_lo_block_lo:0": 1.005063, "S2:S_ar:n_lo_block_lo:1": 1.052565, "S2:S_ar:n_lo_block_lo:2": 1.167181, "S2:S_ar:n_lo_block_lo:3": 1.02959, "S2:S_ar:n_lo_block_lo:4": 1.038802, "S2:S_ar:n_lo_block_lo:5": 1.093874, "S2:S_ar:n_lo_block_lo:7": 1.140952, "S2:S_ar:n_lo_burst:0": 1.752562, "S2:S_ar:n_lo_burst:3": 1.180041, "S2:S_ar:n_lo_burst:4": 0.95332, "S2:S_ar:n_lo_burst:5": 1.022126, "S2:S_ar:n_lo_burst:6": 0.956242, "S2:S_ar:n_lo_burst:7": 1.306638, "S2:S_ar:n_lo_burst:8": 1.11575, "S2:S_ar:n_lo_full:0": 1.015396, "S2:S_ar:n_lo_full:1": 1.241415, "S2:S_ar:n_lo_full:4": 0.955414, "S2:S_ar:n_lo_full:5": 1.108087, "S2:S_ar:n_lo_full:6": 1.053884, "S2:S_ar:n_lo_full:8": 0.98408, "S2:S_ar:n_lo_full:9": 1.262224, "S2:S_ar:n_lo_rand_hi:0": 0.840933, "S2:S_ar:n_lo_rand_hi:4": 0.981881, "S2:S_ar:n_lo_rand_hi:5": 1.053286, "S2:S_ar:n_lo_rand_hi:6": 1.30267, "S2:S_ar:n_lo_rand_hi:7": 1.105381, "S2:S_ar:n_lo_rand_hi:8": 1.056717, "S2:S_ar:n_lo_rand_hi:9": 1.304696, "S2:S_ar:n_lo_rand_lo:1": 1.184497, "S2:S_ar:n_lo_rand_lo:2": 1.107753, "S2:S_ar:n_lo_rand_lo:3": 0.9992, "S2:S_ar:n_lo_rand_lo:4": 1.106131, "S2:S_ar:n_lo_rand_lo:5": 1.105366, "S2:S_ar:n_lo_rand_lo:7": 1.005081, "S2:S_ar:n_lo_rand_lo:8": 1.172839}}