{"domain": "S_ar", "action": "v_winsor", "model": "chronos_bolt_small", "menu_sha": "a4c0f83191e5bd18fb8b7b9f52854e356268ef3cf0e7e3420e3a0221514db457", "train_cfg_sha": "812a71fdd8764baa", "n": 84, "n_missing": 0, "wallclock_s": 0.4, "cache_keys": {"S2:S_ar:n_hi_block_hi:1": "2d207908ab58d594"}, "per_series": {"S2:S_ar:n_hi_block_hi:1": 1.08371, "S2:S_ar:n_hi_block_hi:2": 1.256467, "S2:S_ar:n_hi_block_hi:3": 1.415216, "S2:S_ar:n_hi_block_hi:4": 0.999782, "S2:S_ar:n_hi_block_hi:5": 1.07605, "S2:S_ar:n_hi_block_hi:6": 1.16026, "S2:S_ar:n_hi_block_hi:8": 0.99544, "S2:S_ar:n_hi_block_lo:0": 1.153306, "S2:S_ar:n_hi_block_lo:1": 1.07197, "S2:S_ar:n_hi_block_lo:2": 1.013587, "S2:S_ar:n_hi_block_lo:4": 1.022919, "S2:S_ar:n_hi_block_lo:6": 1.035779, "S2:S_ar:n_hi_block_lo:7": 1.023669, "S2:S_ar:n_hi_block_lo:9": 1.004909, "S2:S_ar:n_hi_burst:1": 1.131355, "S2:S_ar:n_hi_burst:3": 1.027498, "S2:S_ar:n_hi_burst:4": 0.944957, "S2:S_ar:n_hi_burst:5": 1.016332, "S2:S_ar:n_hi_burst:6": 1.090093, "S2:S_ar:n_hi_burst:7": 0.968484, "S2:S_ar:n_hi_burst:8": 1.076849, "S2:S_ar:n_hi_full:0": 1.06834, "S2:S_ar:n_hi_full:1": 0.993203, "S2:S_ar:n_hi_full:2": 0.967039, "S2:S_ar:n_hi_full:3": 1.053689, "S2:S_ar:n_hi_full:6": 1.035362, "S2:S_ar:n_hi_full:7": 0.992565, "S2:S_ar:n_hi_full:8": 1.130797, "S2:S_ar:n_hi_rand_hi:1": 1.122077, "S2:S_ar:n_hi_rand_hi:2": 0.991266, "S2:S_ar:n_hi_rand_hi:4": 0.994749, "S2:S_ar:n_hi_rand_hi:5": 1.0477, "S2:S_ar:n_hi_rand_hi:7": 1.004515, "S2:S_ar:n_hi_rand_hi:8": 0.937488, "S2:S_ar:n_hi_rand_hi:9": 1.063745, "S2:S_ar:n_hi_rand_lo:0": 1.071292, "S2:S_ar:n_hi_rand_lo:1": 1.128137, "S2:S_ar:n_hi_rand_lo:2": 1.08941, "S2:S_ar:n_hi_rand_lo:3": 1.22176, "S2:S_ar:n_hi_rand_lo:5": 1.203269, "S2:S_ar:n_hi_rand_lo:6": 1.066547, "S2:S_ar:n_hi_rand_lo:9": 1.011944, "S2:S_ar:n_lo_block_hi:0": 2.703575, "S2:S_ar:n_lo_block_hi:2": 1.033834, "S2:S_ar:n_lo_block_hi:3": 1.219187, "S2:S_ar:n_lo_block_hi:4": 1.044534, "S2:S_ar:n_lo_block_hi:5": 1.086342, "S2:S_ar:n_lo_block_hi:6": 1.14228, "S2:S_ar:n_lo_block_hi:8": 0.920747, "S2:S_ar:n_lo_block_lo:0": 1.006218, "S2:S_ar:n_lo_block_lo:1": 0.983952, "S2:S_ar:n_lo_block_lo:2": 1.110034, "S2:S_ar:n_lo_block_lo:3": 1.038656, "S2:S_ar:n_lo_block_lo:4": 1.185546, "S2:S_ar:n_lo_block_lo:5": 1.070232, "S2:S_ar:n_lo_block_lo:7": 1.016822, "S2:S_ar:n_lo_burst:0": 1.144982, "S2:S_ar:n_lo_burst:3": 1.068517, "S2:S_ar:n_lo_burst:4": 1.022409, "S2:S_ar:n_lo_burst:5": 0.944653, "S2:S_ar:n_lo_burst:6": 1.031878, "S2:S_ar:n_lo_burst:7": 1.048097, "S2:S_ar:n_lo_burst:8": 1.138995, "S2:S_ar:n_lo_full:0": 1.044712, "S2:S_ar:n_lo_full:1": 1.367989, "S2:S_ar:n_lo_full:4": 0.986831, "S2:S_ar:n_lo_full:5": 1.256367, "S2:S_ar:n_lo_full:6": 1.038258, "S2:S_ar:n_lo_full:8": 0.99891, "S2:S_ar:n_lo_full:9": 1.056773, "S2:S_ar:n_lo_rand_hi:0": 0.925542, "S2:S_ar:n_lo_rand_hi:4": 1.002889, "S2:S_ar:n_lo_rand_hi:5": 1.168531, "S2:S_ar:n_lo_rand_hi:6": 1.313982, "S2:S_ar:n_lo_rand_hi:7": 1.055012, "S2:S_ar:n_lo_rand_hi:8": 1.144828, "S2:S_ar:n_lo_rand_hi:9": 1.103473, "S2:S_ar:n_lo_rand_lo:1": 1.062891, "S2:S_ar:n_lo_rand_lo:2": 1.016756, "S2:S_ar:n_lo_rand_lo:3": 1.003233, "S2:S_ar:n_lo_rand_lo:4": 1.078225, "S2:S_ar:n_lo_rand_lo:5": 1.093951, "S2:S_ar:n_lo_rand_lo:7": 0.993303, "S2:S_ar:n_lo_rand_lo:8": 1.042109}}