{"domain": "S_ar", "action": "f0_median_w9", "model": "seasonal_naive", "menu_sha": "a4c0f83191e5bd18fb8b7b9f52854e356268ef3cf0e7e3420e3a0221514db457", "train_cfg_sha": "812a71fdd8764baa", "n": 84, "n_missing": 0, "wallclock_s": 0.0, "cache_keys": {"S2:S_ar:n_hi_block_hi:1": "f1d4489064c41dd9"}, "per_series": {"S2:S_ar:n_hi_block_hi:1": 1.494003, "S2:S_ar:n_hi_block_hi:2": 1.356404, "S2:S_ar:n_hi_block_hi:3": 1.837304, "S2:S_ar:n_hi_block_hi:4": 1.067145, "S2:S_ar:n_hi_block_hi:5": 1.07601, "S2:S_ar:n_hi_block_hi:6": 1.177636, "S2:S_ar:n_hi_block_hi:8": 1.428299, "S2:S_ar:n_hi_block_lo:0": 1.221978, "S2:S_ar:n_hi_block_lo:1": 1.756356, "S2:S_ar:n_hi_block_lo:2": 1.226973, "S2:S_ar:n_hi_block_lo:4": 1.620523, "S2:S_ar:n_hi_block_lo:6": 1.21187, "S2:S_ar:n_hi_block_lo:7": 1.225289, "S2:S_ar:n_hi_block_lo:9": 1.268644, "S2:S_ar:n_hi_burst:1": 1.82539, "S2:S_ar:n_hi_burst:3": 1.017341, "S2:S_ar:n_hi_burst:4": 1.023661, "S2:S_ar:n_hi_burst:5": 0.934603, "S2:S_ar:n_hi_burst:6": 1.401343, "S2:S_ar:n_hi_burst:7": 1.243058, "S2:S_ar:n_hi_burst:8": 1.501488, "S2:S_ar:n_hi_full:0": 1.43751, "S2:S_ar:n_hi_full:1": 1.61254, "S2:S_ar:n_hi_full:2": 1.504484, "S2:S_ar:n_hi_full:3": 1.056335, "S2:S_ar:n_hi_full:6": 0.932774, "S2:S_ar:n_hi_full:7": 1.004037, "S2:S_ar:n_hi_full:8": 1.122998, "S2:S_ar:n_hi_rand_hi:1": 1.311694, "S2:S_ar:n_hi_rand_hi:2": 1.199292, "S2:S_ar:n_hi_rand_hi:4": 1.058218, "S2:S_ar:n_hi_rand_hi:5": 1.1, "S2:S_ar:n_hi_rand_hi:7": 1.02102, "S2:S_ar:n_hi_rand_hi:8": 1.173549, "S2:S_ar:n_hi_rand_hi:9": 1.211431, "S2:S_ar:n_hi_rand_lo:0": 0.956418, "S2:S_ar:n_hi_rand_lo:1": 1.218731, "S2:S_ar:n_hi_rand_lo:2": 1.42979, "S2:S_ar:n_hi_rand_lo:3": 1.542195, "S2:S_ar:n_hi_rand_lo:5": 1.047438, "S2:S_ar:n_hi_rand_lo:6": 1.118854, "S2:S_ar:n_hi_rand_lo:9": 0.874737, "S2:S_ar:n_lo_block_hi:0": 4.317689, "S2:S_ar:n_lo_block_hi:2": 0.962028, "S2:S_ar:n_lo_block_hi:3": 1.696364, "S2:S_ar:n_lo_block_hi:4": 1.077317, "S2:S_ar:n_lo_block_hi:5": 1.28885, "S2:S_ar:n_lo_block_hi:6": 1.141065, "S2:S_ar:n_lo_block_hi:8": 1.45664, "S2:S_ar:n_lo_block_lo:0": 1.118445, "S2:S_ar:n_lo_block_lo:1": 1.123227, "S2:S_ar:n_lo_block_lo:2": 1.073249, "S2:S_ar:n_lo_block_lo:3": 1.127642, "S2:S_ar:n_lo_block_lo:4": 1.089202, "S2:S_ar:n_lo_block_lo:5": 1.156359, "S2:S_ar:n_lo_block_lo:7": 1.433545, "S2:S_ar:n_lo_burst:0": 1.221173, "S2:S_ar:n_lo_burst:3": 1.507116, "S2:S_ar:n_lo_burst:4": 1.456702, "S2:S_ar:n_lo_burst:5": 1.322091, "S2:S_ar:n_lo_burst:6": 1.144104, "S2:S_ar:n_lo_burst:7": 1.409037, "S2:S_ar:n_lo_burst:8": 1.239269, "S2:S_ar:n_lo_full:0": 0.940758, "S2:S_ar:n_lo_full:1": 2.086743, "S2:S_ar:n_lo_full:4": 1.678336, "S2:S_ar:n_lo_full:5": 1.060081, "S2:S_ar:n_lo_full:6": 1.291944, "S2:S_ar:n_lo_full:8": 1.402614, "S2:S_ar:n_lo_full:9": 1.352825, "S2:S_ar:n_lo_rand_hi:0": 1.571661, "S2:S_ar:n_lo_rand_hi:4": 1.158755, "S2:S_ar:n_lo_rand_hi:5": 1.493323, "S2:S_ar:n_lo_rand_hi:6": 1.70619, "S2:S_ar:n_lo_rand_hi:7": 1.347193, "S2:S_ar:n_lo_rand_hi:8": 1.267163, "S2:S_ar:n_lo_rand_hi:9": 1.850984, "S2:S_ar:n_lo_rand_lo:1": 1.618873, "S2:S_ar:n_lo_rand_lo:2": 1.259746, "S2:S_ar:n_lo_rand_lo:3": 0.877058, "S2:S_ar:n_lo_rand_lo:4": 1.206151, "S2:S_ar:n_lo_rand_lo:5": 1.010396, "S2:S_ar:n_lo_rand_lo:7": 1.16346, "S2:S_ar:n_lo_rand_lo:8": 1.441321}}