{"domain": "S_ar", "action": "f0_median_w25", "model": "dlinear_pooled", "menu_sha": "a4c0f83191e5bd18fb8b7b9f52854e356268ef3cf0e7e3420e3a0221514db457", "train_cfg_sha": "812a71fdd8764baa", "n": 84, "n_missing": 0, "wallclock_s": 57.9, "cache_keys": {"S2:S_ar:n_hi_block_hi:1": "9bd666df026b7c86"}, "per_series": {"S2:S_ar:n_hi_block_hi:1": 0.948791, "S2:S_ar:n_hi_block_hi:2": 1.09938, "S2:S_ar:n_hi_block_hi:3": 1.389466, "S2:S_ar:n_hi_block_hi:4": 0.949015, "S2:S_ar:n_hi_block_hi:5": 1.098672, "S2:S_ar:n_hi_block_hi:6": 1.006642, "S2:S_ar:n_hi_block_hi:8": 1.065152, "S2:S_ar:n_hi_block_lo:0": 1.149675, "S2:S_ar:n_hi_block_lo:1": 1.23829, "S2:S_ar:n_hi_block_lo:2": 1.089635, "S2:S_ar:n_hi_block_lo:4": 0.998473, "S2:S_ar:n_hi_block_lo:6": 1.069274, "S2:S_ar:n_hi_block_lo:7": 1.229477, "S2:S_ar:n_hi_block_lo:9": 1.157614, "S2:S_ar:n_hi_burst:1": 1.254112, "S2:S_ar:n_hi_burst:3": 1.046166, "S2:S_ar:n_hi_burst:4": 1.039047, "S2:S_ar:n_hi_burst:5": 1.048486, "S2:S_ar:n_hi_burst:6": 1.186485, "S2:S_ar:n_hi_burst:7": 0.906863, "S2:S_ar:n_hi_burst:8": 1.087058, "S2:S_ar:n_hi_full:0": 0.988914, "S2:S_ar:n_hi_full:1": 0.988536, "S2:S_ar:n_hi_full:2": 1.078595, "S2:S_ar:n_hi_full:3": 1.089377, "S2:S_ar:n_hi_full:6": 1.10988, "S2:S_ar:n_hi_full:7": 0.966924, "S2:S_ar:n_hi_full:8": 1.109792, "S2:S_ar:n_hi_rand_hi:1": 1.168972, "S2:S_ar:n_hi_rand_hi:2": 0.983463, "S2:S_ar:n_hi_rand_hi:4": 1.166275, "S2:S_ar:n_hi_rand_hi:5": 1.008473, "S2:S_ar:n_hi_rand_hi:7": 1.0697, "S2:S_ar:n_hi_rand_hi:8": 0.899286, "S2:S_ar:n_hi_rand_hi:9": 1.096522, "S2:S_ar:n_hi_rand_lo:0": 1.167061, "S2:S_ar:n_hi_rand_lo:1": 1.099544, "S2:S_ar:n_hi_rand_lo:2": 1.015064, "S2:S_ar:n_hi_rand_lo:3": 1.072198, "S2:S_ar:n_hi_rand_lo:5": 1.021414, "S2:S_ar:n_hi_rand_lo:6": 1.047958, "S2:S_ar:n_hi_rand_lo:9": 1.266488, "S2:S_ar:n_lo_block_hi:0": 2.065563, "S2:S_ar:n_lo_block_hi:2": 1.018849, "S2:S_ar:n_lo_block_hi:3": 1.155919, "S2:S_ar:n_lo_block_hi:4": 1.072194, "S2:S_ar:n_lo_block_hi:5": 1.010738, "S2:S_ar:n_lo_block_hi:6": 1.084799, "S2:S_ar:n_lo_block_hi:8": 1.153344, "S2:S_ar:n_lo_block_lo:0": 1.076048, "S2:S_ar:n_lo_block_lo:1": 1.041643, "S2:S_ar:n_lo_block_lo:2": 1.089562, "S2:S_ar:n_lo_block_lo:3": 1.012456, "S2:S_ar:n_lo_block_lo:4": 1.124241, "S2:S_ar:n_lo_block_lo:5": 1.081106, "S2:S_ar:n_lo_block_lo:7": 1.158056, "S2:S_ar:n_lo_burst:0": 1.237892, "S2:S_ar:n_lo_burst:3": 1.146979, "S2:S_ar:n_lo_burst:4": 1.243483, "S2:S_ar:n_lo_burst:5": 1.09092, "S2:S_ar:n_lo_burst:6": 0.99836, "S2:S_ar:n_lo_burst:7": 0.98267, "S2:S_ar:n_lo_burst:8": 1.137614, "S2:S_ar:n_lo_full:0": 1.103363, "S2:S_ar:n_lo_full:1": 1.464553, "S2:S_ar:n_lo_full:4": 1.03766, "S2:S_ar:n_lo_full:5": 1.068049, "S2:S_ar:n_lo_full:6": 1.016586, "S2:S_ar:n_lo_full:8": 1.002873, "S2:S_ar:n_lo_full:9": 1.137117, "S2:S_ar:n_lo_rand_hi:0": 0.909404, "S2:S_ar:n_lo_rand_hi:4": 1.000991, "S2:S_ar:n_lo_rand_hi:5": 0.990886, "S2:S_ar:n_lo_rand_hi:6": 1.207959, "S2:S_ar:n_lo_rand_hi:7": 1.102881, "S2:S_ar:n_lo_rand_hi:8": 1.145686, "S2:S_ar:n_lo_rand_hi:9": 1.472808, "S2:S_ar:n_lo_rand_lo:1": 1.066582, "S2:S_ar:n_lo_rand_lo:2": 1.142306, "S2:S_ar:n_lo_rand_lo:3": 0.960687, "S2:S_ar:n_lo_rand_lo:4": 1.020703, "S2:S_ar:n_lo_rand_lo:5": 1.085453, "S2:S_ar:n_lo_rand_lo:7": 1.026056, "S2:S_ar:n_lo_rand_lo:8": 1.046093}}