{"domain": "S_ar", "action": "v_median", "model": "dlinear_pooled", "menu_sha": "a4c0f83191e5bd18fb8b7b9f52854e356268ef3cf0e7e3420e3a0221514db457", "train_cfg_sha": "812a71fdd8764baa", "n": 84, "n_missing": 0, "wallclock_s": 57.7, "cache_keys": {"S2:S_ar:n_hi_block_hi:1": "cec87d5cef18c21a"}, "per_series": {"S2:S_ar:n_hi_block_hi:1": 0.987011, "S2:S_ar:n_hi_block_hi:2": 1.040034, "S2:S_ar:n_hi_block_hi:3": 1.333969, "S2:S_ar:n_hi_block_hi:4": 1.006723, "S2:S_ar:n_hi_block_hi:5": 1.033521, "S2:S_ar:n_hi_block_hi:6": 0.985464, "S2:S_ar:n_hi_block_hi:8": 1.012278, "S2:S_ar:n_hi_block_lo:0": 1.048342, "S2:S_ar:n_hi_block_lo:1": 1.023033, "S2:S_ar:n_hi_block_lo:2": 1.022187, "S2:S_ar:n_hi_block_lo:4": 1.118414, "S2:S_ar:n_hi_block_lo:6": 1.0953, "S2:S_ar:n_hi_block_lo:7": 1.045972, "S2:S_ar:n_hi_block_lo:9": 1.011072, "S2:S_ar:n_hi_burst:1": 1.016177, "S2:S_ar:n_hi_burst:3": 1.062552, "S2:S_ar:n_hi_burst:4": 1.028651, "S2:S_ar:n_hi_burst:5": 1.091177, "S2:S_ar:n_hi_burst:6": 1.069413, "S2:S_ar:n_hi_burst:7": 0.939981, "S2:S_ar:n_hi_burst:8": 1.098452, "S2:S_ar:n_hi_full:0": 0.984548, "S2:S_ar:n_hi_full:1": 1.028555, "S2:S_ar:n_hi_full:2": 1.02334, "S2:S_ar:n_hi_full:3": 1.002648, "S2:S_ar:n_hi_full:6": 1.001979, "S2:S_ar:n_hi_full:7": 1.035981, "S2:S_ar:n_hi_full:8": 1.106851, "S2:S_ar:n_hi_rand_hi:1": 1.129412, "S2:S_ar:n_hi_rand_hi:2": 0.992315, "S2:S_ar:n_hi_rand_hi:4": 1.03294, "S2:S_ar:n_hi_rand_hi:5": 1.022097, "S2:S_ar:n_hi_rand_hi:7": 1.032552, "S2:S_ar:n_hi_rand_hi:8": 0.94971, "S2:S_ar:n_hi_rand_hi:9": 1.105812, "S2:S_ar:n_hi_rand_lo:0": 1.135796, "S2:S_ar:n_hi_rand_lo:1": 1.095726, "S2:S_ar:n_hi_rand_lo:2": 1.020963, "S2:S_ar:n_hi_rand_lo:3": 1.07636, "S2:S_ar:n_hi_rand_lo:5": 1.002793, "S2:S_ar:n_hi_rand_lo:6": 1.046292, "S2:S_ar:n_hi_rand_lo:9": 1.023333, "S2:S_ar:n_lo_block_hi:0": 1.634064, "S2:S_ar:n_lo_block_hi:2": 1.029722, "S2:S_ar:n_lo_block_hi:3": 1.096259, "S2:S_ar:n_lo_block_hi:4": 1.058065, "S2:S_ar:n_lo_block_hi:5": 0.954682, "S2:S_ar:n_lo_block_hi:6": 1.057824, "S2:S_ar:n_lo_block_hi:8": 0.961407, "S2:S_ar:n_lo_block_lo:0": 1.081105, "S2:S_ar:n_lo_block_lo:1": 1.092226, "S2:S_ar:n_lo_block_lo:2": 1.167428, "S2:S_ar:n_lo_block_lo:3": 1.040911, "S2:S_ar:n_lo_block_lo:4": 1.181426, "S2:S_ar:n_lo_block_lo:5": 1.019031, "S2:S_ar:n_lo_block_lo:7": 1.181918, "S2:S_ar:n_lo_burst:0": 1.164331, "S2:S_ar:n_lo_burst:3": 1.210561, "S2:S_ar:n_lo_burst:4": 1.189956, "S2:S_ar:n_lo_burst:5": 0.992712, "S2:S_ar:n_lo_burst:6": 0.989548, "S2:S_ar:n_lo_burst:7": 1.219735, "S2:S_ar:n_lo_burst:8": 1.071444, "S2:S_ar:n_lo_full:0": 1.107315, "S2:S_ar:n_lo_full:1": 1.145033, "S2:S_ar:n_lo_full:4": 0.962337, "S2:S_ar:n_lo_full:5": 1.054402, "S2:S_ar:n_lo_full:6": 1.111363, "S2:S_ar:n_lo_full:8": 1.085798, "S2:S_ar:n_lo_full:9": 1.061112, "S2:S_ar:n_lo_rand_hi:0": 0.88263, "S2:S_ar:n_lo_rand_hi:4": 1.008875, "S2:S_ar:n_lo_rand_hi:5": 0.973985, "S2:S_ar:n_lo_rand_hi:6": 1.364431, "S2:S_ar:n_lo_rand_hi:7": 1.035345, "S2:S_ar:n_lo_rand_hi:8": 0.980626, "S2:S_ar:n_lo_rand_hi:9": 1.169987, "S2:S_ar:n_lo_rand_lo:1": 1.156366, "S2:S_ar:n_lo_rand_lo:2": 1.047116, "S2:S_ar:n_lo_rand_lo:3": 0.986177, "S2:S_ar:n_lo_rand_lo:4": 1.123149, "S2:S_ar:n_lo_rand_lo:5": 1.152863, "S2:S_ar:n_lo_rand_lo:7": 0.96713, "S2:S_ar:n_lo_rand_lo:8": 0.985136}}