{"domain": "S_ar", "action": "v_winsor_savgol", "model": "seasonal_naive", "menu_sha": "a4c0f83191e5bd18fb8b7b9f52854e356268ef3cf0e7e3420e3a0221514db457", "train_cfg_sha": "812a71fdd8764baa", "n": 84, "n_missing": 0, "wallclock_s": 0.0, "cache_keys": {"S2:S_ar:n_hi_block_hi:1": "7edc9b86c7764731"}, "per_series": {"S2:S_ar:n_hi_block_hi:1": 1.411771, "S2:S_ar:n_hi_block_hi:2": 1.321169, "S2:S_ar:n_hi_block_hi:3": 1.876449, "S2:S_ar:n_hi_block_hi:4": 1.089833, "S2:S_ar:n_hi_block_hi:5": 1.24804, "S2:S_ar:n_hi_block_hi:6": 1.473577, "S2:S_ar:n_hi_block_hi:8": 1.387443, "S2:S_ar:n_hi_block_lo:0": 1.225681, "S2:S_ar:n_hi_block_lo:1": 1.603348, "S2:S_ar:n_hi_block_lo:2": 1.238311, "S2:S_ar:n_hi_block_lo:4": 1.65772, "S2:S_ar:n_hi_block_lo:6": 1.186945, "S2:S_ar:n_hi_block_lo:7": 1.276228, "S2:S_ar:n_hi_block_lo:9": 1.356598, "S2:S_ar:n_hi_burst:1": 1.748488, "S2:S_ar:n_hi_burst:3": 1.144803, "S2:S_ar:n_hi_burst:4": 1.073393, "S2:S_ar:n_hi_burst:5": 1.006273, "S2:S_ar:n_hi_burst:6": 1.410397, "S2:S_ar:n_hi_burst:7": 1.226647, "S2:S_ar:n_hi_burst:8": 1.775137, "S2:S_ar:n_hi_full:0": 1.483583, "S2:S_ar:n_hi_full:1": 1.500508, "S2:S_ar:n_hi_full:2": 1.569982, "S2:S_ar:n_hi_full:3": 1.04955, "S2:S_ar:n_hi_full:6": 0.9541, "S2:S_ar:n_hi_full:7": 0.904303, "S2:S_ar:n_hi_full:8": 1.196762, "S2:S_ar:n_hi_rand_hi:1": 1.400819, "S2:S_ar:n_hi_rand_hi:2": 1.208805, "S2:S_ar:n_hi_rand_hi:4": 1.052811, "S2:S_ar:n_hi_rand_hi:5": 1.067392, "S2:S_ar:n_hi_rand_hi:7": 1.044147, "S2:S_ar:n_hi_rand_hi:8": 1.235033, "S2:S_ar:n_hi_rand_hi:9": 1.236529, "S2:S_ar:n_hi_rand_lo:0": 1.018095, "S2:S_ar:n_hi_rand_lo:1": 1.285763, "S2:S_ar:n_hi_rand_lo:2": 1.457442, "S2:S_ar:n_hi_rand_lo:3": 1.596317, "S2:S_ar:n_hi_rand_lo:5": 1.254137, "S2:S_ar:n_hi_rand_lo:6": 1.210239, "S2:S_ar:n_hi_rand_lo:9": 0.835019, "S2:S_ar:n_lo_block_hi:0": 4.300162, "S2:S_ar:n_lo_block_hi:2": 1.042396, "S2:S_ar:n_lo_block_hi:3": 1.701569, "S2:S_ar:n_lo_block_hi:4": 1.238852, "S2:S_ar:n_lo_block_hi:5": 1.243675, "S2:S_ar:n_lo_block_hi:6": 1.141065, "S2:S_ar:n_lo_block_hi:8": 1.522418, "S2:S_ar:n_lo_block_lo:0": 1.154795, "S2:S_ar:n_lo_block_lo:1": 1.1116, "S2:S_ar:n_lo_block_lo:2": 1.148034, "S2:S_ar:n_lo_block_lo:3": 1.14679, "S2:S_ar:n_lo_block_lo:4": 1.195692, "S2:S_ar:n_lo_block_lo:5": 1.327911, "S2:S_ar:n_lo_block_lo:7": 1.370289, "S2:S_ar:n_lo_burst:0": 1.240718, "S2:S_ar:n_lo_burst:3": 1.459698, "S2:S_ar:n_lo_burst:4": 1.391036, "S2:S_ar:n_lo_burst:5": 1.542208, "S2:S_ar:n_lo_burst:6": 1.145537, "S2:S_ar:n_lo_burst:7": 1.42607, "S2:S_ar:n_lo_burst:8": 1.295536, "S2:S_ar:n_lo_full:0": 1.056054, "S2:S_ar:n_lo_full:1": 2.074094, "S2:S_ar:n_lo_full:4": 1.616306, "S2:S_ar:n_lo_full:5": 1.216659, "S2:S_ar:n_lo_full:6": 1.437508, "S2:S_ar:n_lo_full:8": 1.378906, "S2:S_ar:n_lo_full:9": 1.370858, "S2:S_ar:n_lo_rand_hi:0": 1.667728, "S2:S_ar:n_lo_rand_hi:4": 1.243133, "S2:S_ar:n_lo_rand_hi:5": 1.579429, "S2:S_ar:n_lo_rand_hi:6": 1.753005, "S2:S_ar:n_lo_rand_hi:7": 1.455173, "S2:S_ar:n_lo_rand_hi:8": 1.396415, "S2:S_ar:n_lo_rand_hi:9": 1.796805, "S2:S_ar:n_lo_rand_lo:1": 1.492781, "S2:S_ar:n_lo_rand_lo:2": 1.400897, "S2:S_ar:n_lo_rand_lo:3": 0.926216, "S2:S_ar:n_lo_rand_lo:4": 1.387677, "S2:S_ar:n_lo_rand_lo:5": 1.12883, "S2:S_ar:n_lo_rand_lo:7": 1.218829, "S2:S_ar:n_lo_rand_lo:8": 1.369448}}