{"domain": "S_ar", "action": "v_none", "model": "dlinear_pooled", "menu_sha": "a4c0f83191e5bd18fb8b7b9f52854e356268ef3cf0e7e3420e3a0221514db457", "train_cfg_sha": "812a71fdd8764baa", "n": 84, "n_missing": 0, "wallclock_s": 57.6, "cache_keys": {"S2:S_ar:n_hi_block_hi:1": "62e6c76afc4217d1"}, "per_series": {"S2:S_ar:n_hi_block_hi:1": 0.982661, "S2:S_ar:n_hi_block_hi:2": 1.058399, "S2:S_ar:n_hi_block_hi:3": 1.328885, "S2:S_ar:n_hi_block_hi:4": 1.017939, "S2:S_ar:n_hi_block_hi:5": 1.069232, "S2:S_ar:n_hi_block_hi:6": 1.018157, "S2:S_ar:n_hi_block_hi:8": 1.008688, "S2:S_ar:n_hi_block_lo:0": 1.134376, "S2:S_ar:n_hi_block_lo:1": 1.013085, "S2:S_ar:n_hi_block_lo:2": 1.020053, "S2:S_ar:n_hi_block_lo:4": 1.057567, "S2:S_ar:n_hi_block_lo:6": 1.08295, "S2:S_ar:n_hi_block_lo:7": 1.000058, "S2:S_ar:n_hi_block_lo:9": 1.010194, "S2:S_ar:n_hi_burst:1": 1.007453, "S2:S_ar:n_hi_burst:3": 1.049395, "S2:S_ar:n_hi_burst:4": 1.020866, "S2:S_ar:n_hi_burst:5": 1.060345, "S2:S_ar:n_hi_burst:6": 1.113255, "S2:S_ar:n_hi_burst:7": 1.032512, "S2:S_ar:n_hi_burst:8": 1.099268, "S2:S_ar:n_hi_full:0": 0.92611, "S2:S_ar:n_hi_full:1": 1.023369, "S2:S_ar:n_hi_full:2": 0.964996, "S2:S_ar:n_hi_full:3": 1.043898, "S2:S_ar:n_hi_full:6": 1.003681, "S2:S_ar:n_hi_full:7": 1.036903, "S2:S_ar:n_hi_full:8": 1.127186, "S2:S_ar:n_hi_rand_hi:1": 1.132282, "S2:S_ar:n_hi_rand_hi:2": 0.99285, "S2:S_ar:n_hi_rand_hi:4": 1.024522, "S2:S_ar:n_hi_rand_hi:5": 1.041606, "S2:S_ar:n_hi_rand_hi:7": 0.999606, "S2:S_ar:n_hi_rand_hi:8": 0.996688, "S2:S_ar:n_hi_rand_hi:9": 1.109961, "S2:S_ar:n_hi_rand_lo:0": 1.148391, "S2:S_ar:n_hi_rand_lo:1": 1.084506, "S2:S_ar:n_hi_rand_lo:2": 1.027412, "S2:S_ar:n_hi_rand_lo:3": 1.190272, "S2:S_ar:n_hi_rand_lo:5": 1.130817, "S2:S_ar:n_hi_rand_lo:6": 1.056151, "S2:S_ar:n_hi_rand_lo:9": 1.038107, "S2:S_ar:n_lo_block_hi:0": 1.453118, "S2:S_ar:n_lo_block_hi:2": 0.986281, "S2:S_ar:n_lo_block_hi:3": 1.121107, "S2:S_ar:n_lo_block_hi:4": 1.119187, "S2:S_ar:n_lo_block_hi:5": 0.999181, "S2:S_ar:n_lo_block_hi:6": 1.043574, "S2:S_ar:n_lo_block_hi:8": 0.958828, "S2:S_ar:n_lo_block_lo:0": 1.12859, "S2:S_ar:n_lo_block_lo:1": 1.102366, "S2:S_ar:n_lo_block_lo:2": 1.204412, "S2:S_ar:n_lo_block_lo:3": 1.026814, "S2:S_ar:n_lo_block_lo:4": 1.113058, "S2:S_ar:n_lo_block_lo:5": 1.043211, "S2:S_ar:n_lo_block_lo:7": 1.180316, "S2:S_ar:n_lo_burst:0": 1.273267, "S2:S_ar:n_lo_burst:3": 1.067448, "S2:S_ar:n_lo_burst:4": 1.047628, "S2:S_ar:n_lo_burst:5": 1.024934, "S2:S_ar:n_lo_burst:6": 0.981647, "S2:S_ar:n_lo_burst:7": 1.035786, "S2:S_ar:n_lo_burst:8": 1.08799, "S2:S_ar:n_lo_full:0": 1.083937, "S2:S_ar:n_lo_full:1": 1.124718, "S2:S_ar:n_lo_full:4": 1.018543, "S2:S_ar:n_lo_full:5": 1.10271, "S2:S_ar:n_lo_full:6": 1.074281, "S2:S_ar:n_lo_full:8": 1.026241, "S2:S_ar:n_lo_full:9": 1.10993, "S2:S_ar:n_lo_rand_hi:0": 0.933091, "S2:S_ar:n_lo_rand_hi:4": 1.030069, "S2:S_ar:n_lo_rand_hi:5": 1.034252, "S2:S_ar:n_lo_rand_hi:6": 1.129968, "S2:S_ar:n_lo_rand_hi:7": 1.066752, "S2:S_ar:n_lo_rand_hi:8": 1.032608, "S2:S_ar:n_lo_rand_hi:9": 1.095252, "S2:S_ar:n_lo_rand_lo:1": 1.048857, "S2:S_ar:n_lo_rand_lo:2": 1.052084, "S2:S_ar:n_lo_rand_lo:3": 1.053395, "S2:S_ar:n_lo_rand_lo:4": 1.080237, "S2:S_ar:n_lo_rand_lo:5": 1.105698, "S2:S_ar:n_lo_rand_lo:7": 1.016482, "S2:S_ar:n_lo_rand_lo:8": 1.029303}}