{"domain": "S_ar", "action": "f0_median_w15", "model": "chronos_bolt_small", "menu_sha": "a4c0f83191e5bd18fb8b7b9f52854e356268ef3cf0e7e3420e3a0221514db457", "train_cfg_sha": "812a71fdd8764baa", "n": 84, "n_missing": 0, "wallclock_s": 0.4, "cache_keys": {"S2:S_ar:n_hi_block_hi:1": "8eb890f1efe0abdf"}, "per_series": {"S2:S_ar:n_hi_block_hi:1": 1.274473, "S2:S_ar:n_hi_block_hi:2": 1.460004, "S2:S_ar:n_hi_block_hi:3": 1.454155, "S2:S_ar:n_hi_block_hi:4": 0.968853, "S2:S_ar:n_hi_block_hi:5": 1.02686, "S2:S_ar:n_hi_block_hi:6": 1.084066, "S2:S_ar:n_hi_block_hi:8": 1.299485, "S2:S_ar:n_hi_block_lo:0": 1.107935, "S2:S_ar:n_hi_block_lo:1": 1.52662, "S2:S_ar:n_hi_block_lo:2": 1.003999, "S2:S_ar:n_hi_block_lo:4": 1.019708, "S2:S_ar:n_hi_block_lo:6": 1.10952, "S2:S_ar:n_hi_block_lo:7": 0.991758, "S2:S_ar:n_hi_block_lo:9": 1.278919, "S2:S_ar:n_hi_burst:1": 1.500825, "S2:S_ar:n_hi_burst:3": 0.936631, "S2:S_ar:n_hi_burst:4": 0.941667, "S2:S_ar:n_hi_burst:5": 0.981187, "S2:S_ar:n_hi_burst:6": 0.971023, "S2:S_ar:n_hi_burst:7": 1.006259, "S2:S_ar:n_hi_burst:8": 1.103881, "S2:S_ar:n_hi_full:0": 1.046484, "S2:S_ar:n_hi_full:1": 1.02296, "S2:S_ar:n_hi_full:2": 1.050148, "S2:S_ar:n_hi_full:3": 1.089047, "S2:S_ar:n_hi_full:6": 1.287711, "S2:S_ar:n_hi_full:7": 0.966956, "S2:S_ar:n_hi_full:8": 1.235429, "S2:S_ar:n_hi_rand_hi:1": 1.104134, "S2:S_ar:n_hi_rand_hi:2": 1.077423, "S2:S_ar:n_hi_rand_hi:4": 1.029676, "S2:S_ar:n_hi_rand_hi:5": 1.109721, "S2:S_ar:n_hi_rand_hi:7": 1.144214, "S2:S_ar:n_hi_rand_hi:8": 0.938069, "S2:S_ar:n_hi_rand_hi:9": 1.071422, "S2:S_ar:n_hi_rand_lo:0": 1.068749, "S2:S_ar:n_hi_rand_lo:1": 1.168134, "S2:S_ar:n_hi_rand_lo:2": 1.130035, "S2:S_ar:n_hi_rand_lo:3": 1.259511, "S2:S_ar:n_hi_rand_lo:5": 1.115085, "S2:S_ar:n_hi_rand_lo:6": 0.968769, "S2:S_ar:n_hi_rand_lo:9": 1.220805, "S2:S_ar:n_lo_block_hi:0": 3.274271, "S2:S_ar:n_lo_block_hi:2": 1.026551, "S2:S_ar:n_lo_block_hi:3": 1.363776, "S2:S_ar:n_lo_block_hi:4": 1.010653, "S2:S_ar:n_lo_block_hi:5": 1.052807, "S2:S_ar:n_lo_block_hi:6": 1.133896, "S2:S_ar:n_lo_block_hi:8": 1.098538, "S2:S_ar:n_lo_block_lo:0": 0.987933, "S2:S_ar:n_lo_block_lo:1": 1.022215, "S2:S_ar:n_lo_block_lo:2": 0.999103, "S2:S_ar:n_lo_block_lo:3": 1.029373, "S2:S_ar:n_lo_block_lo:4": 1.308362, "S2:S_ar:n_lo_block_lo:5": 1.17273, "S2:S_ar:n_lo_block_lo:7": 1.154262, "S2:S_ar:n_lo_burst:0": 1.150591, "S2:S_ar:n_lo_burst:3": 1.290731, "S2:S_ar:n_lo_burst:4": 1.115638, "S2:S_ar:n_lo_burst:5": 0.967776, "S2:S_ar:n_lo_burst:6": 1.039598, "S2:S_ar:n_lo_burst:7": 1.346613, "S2:S_ar:n_lo_burst:8": 1.146179, "S2:S_ar:n_lo_full:0": 1.042187, "S2:S_ar:n_lo_full:1": 1.784873, "S2:S_ar:n_lo_full:4": 0.998822, "S2:S_ar:n_lo_full:5": 1.146002, "S2:S_ar:n_lo_full:6": 1.139053, "S2:S_ar:n_lo_full:8": 1.159542, "S2:S_ar:n_lo_full:9": 1.402547, "S2:S_ar:n_lo_rand_hi:0": 1.011897, "S2:S_ar:n_lo_rand_hi:4": 0.990545, "S2:S_ar:n_lo_rand_hi:5": 1.348395, "S2:S_ar:n_lo_rand_hi:6": 1.520693, "S2:S_ar:n_lo_rand_hi:7": 1.246457, "S2:S_ar:n_lo_rand_hi:8": 1.323261, "S2:S_ar:n_lo_rand_hi:9": 1.648675, "S2:S_ar:n_lo_rand_lo:1": 1.161268, "S2:S_ar:n_lo_rand_lo:2": 1.033751, "S2:S_ar:n_lo_rand_lo:3": 1.044015, "S2:S_ar:n_lo_rand_lo:4": 1.055506, "S2:S_ar:n_lo_rand_lo:5": 1.237158, "S2:S_ar:n_lo_rand_lo:7": 1.004537, "S2:S_ar:n_lo_rand_lo:8": 1.195922}}