{"domain": "S_ar", "action": "v_wavelet", "model": "seasonal_naive", "menu_sha": "a4c0f83191e5bd18fb8b7b9f52854e356268ef3cf0e7e3420e3a0221514db457", "train_cfg_sha": "812a71fdd8764baa", "n": 84, "n_missing": 0, "wallclock_s": 0.0, "cache_keys": {"S2:S_ar:n_hi_block_hi:1": "4049f1a4b62240c4"}, "per_series": {"S2:S_ar:n_hi_block_hi:1": 1.511017, "S2:S_ar:n_hi_block_hi:2": 1.287421, "S2:S_ar:n_hi_block_hi:3": 2.081592, "S2:S_ar:n_hi_block_hi:4": 1.099131, "S2:S_ar:n_hi_block_hi:5": 1.161491, "S2:S_ar:n_hi_block_hi:6": 1.429116, "S2:S_ar:n_hi_block_hi:8": 1.614458, "S2:S_ar:n_hi_block_lo:0": 1.50371, "S2:S_ar:n_hi_block_lo:1": 1.554143, "S2:S_ar:n_hi_block_lo:2": 1.231023, "S2:S_ar:n_hi_block_lo:4": 1.569744, "S2:S_ar:n_hi_block_lo:6": 1.139843, "S2:S_ar:n_hi_block_lo:7": 1.098874, "S2:S_ar:n_hi_block_lo:9": 1.264906, "S2:S_ar:n_hi_burst:1": 1.690568, "S2:S_ar:n_hi_burst:3": 1.097418, "S2:S_ar:n_hi_burst:4": 1.048323, "S2:S_ar:n_hi_burst:5": 1.15296, "S2:S_ar:n_hi_burst:6": 1.795526, "S2:S_ar:n_hi_burst:7": 1.262665, "S2:S_ar:n_hi_burst:8": 1.578805, "S2:S_ar:n_hi_full:0": 1.511837, "S2:S_ar:n_hi_full:1": 1.614732, "S2:S_ar:n_hi_full:2": 1.650016, "S2:S_ar:n_hi_full:3": 1.16632, "S2:S_ar:n_hi_full:6": 1.107635, "S2:S_ar:n_hi_full:7": 0.903748, "S2:S_ar:n_hi_full:8": 1.386078, "S2:S_ar:n_hi_rand_hi:1": 1.389914, "S2:S_ar:n_hi_rand_hi:2": 1.211473, "S2:S_ar:n_hi_rand_hi:4": 1.093197, "S2:S_ar:n_hi_rand_hi:5": 1.081536, "S2:S_ar:n_hi_rand_hi:7": 1.000882, "S2:S_ar:n_hi_rand_hi:8": 1.195942, "S2:S_ar:n_hi_rand_hi:9": 1.189924, "S2:S_ar:n_hi_rand_lo:0": 0.909478, "S2:S_ar:n_hi_rand_lo:1": 1.247937, "S2:S_ar:n_hi_rand_lo:2": 1.408286, "S2:S_ar:n_hi_rand_lo:3": 2.012616, "S2:S_ar:n_hi_rand_lo:5": 1.499472, "S2:S_ar:n_hi_rand_lo:6": 1.08558, "S2:S_ar:n_hi_rand_lo:9": 0.967397, "S2:S_ar:n_lo_block_hi:0": 4.227332, "S2:S_ar:n_lo_block_hi:2": 1.050053, "S2:S_ar:n_lo_block_hi:3": 1.722039, "S2:S_ar:n_lo_block_hi:4": 1.323928, "S2:S_ar:n_lo_block_hi:5": 1.30777, "S2:S_ar:n_lo_block_hi:6": 1.141066, "S2:S_ar:n_lo_block_hi:8": 1.601237, "S2:S_ar:n_lo_block_lo:0": 1.228547, "S2:S_ar:n_lo_block_lo:1": 1.174868, "S2:S_ar:n_lo_block_lo:2": 1.011638, "S2:S_ar:n_lo_block_lo:3": 1.201461, "S2:S_ar:n_lo_block_lo:4": 1.181789, "S2:S_ar:n_lo_block_lo:5": 1.139084, "S2:S_ar:n_lo_block_lo:7": 1.330954, "S2:S_ar:n_lo_burst:0": 1.174045, "S2:S_ar:n_lo_burst:3": 1.629129, "S2:S_ar:n_lo_burst:4": 1.252413, "S2:S_ar:n_lo_burst:5": 1.467099, "S2:S_ar:n_lo_burst:6": 1.131416, "S2:S_ar:n_lo_burst:7": 1.431851, "S2:S_ar:n_lo_burst:8": 1.339831, "S2:S_ar:n_lo_full:0": 1.077494, "S2:S_ar:n_lo_full:1": 2.205819, "S2:S_ar:n_lo_full:4": 1.725098, "S2:S_ar:n_lo_full:5": 1.177066, "S2:S_ar:n_lo_full:6": 1.661588, "S2:S_ar:n_lo_full:8": 1.261255, "S2:S_ar:n_lo_full:9": 1.420232, "S2:S_ar:n_lo_rand_hi:0": 1.70051, "S2:S_ar:n_lo_rand_hi:4": 1.271327, "S2:S_ar:n_lo_rand_hi:5": 1.462911, "S2:S_ar:n_lo_rand_hi:6": 1.884353, "S2:S_ar:n_lo_rand_hi:7": 1.345592, "S2:S_ar:n_lo_rand_hi:8": 1.2736, "S2:S_ar:n_lo_rand_hi:9": 1.846925, "S2:S_ar:n_lo_rand_lo:1": 1.642885, "S2:S_ar:n_lo_rand_lo:2": 1.526266, "S2:S_ar:n_lo_rand_lo:3": 0.90186, "S2:S_ar:n_lo_rand_lo:4": 1.874855, "S2:S_ar:n_lo_rand_lo:5": 1.097359, "S2:S_ar:n_lo_rand_lo:7": 1.186404, "S2:S_ar:n_lo_rand_lo:8": 1.404803}}