{"domain": "S_ar", "action": "f0_median_w15", "model": "seasonal_naive", "menu_sha": "a4c0f83191e5bd18fb8b7b9f52854e356268ef3cf0e7e3420e3a0221514db457", "train_cfg_sha": "812a71fdd8764baa", "n": 84, "n_missing": 0, "wallclock_s": 0.0, "cache_keys": {"S2:S_ar:n_hi_block_hi:1": "6bf291a423c0645b"}, "per_series": {"S2:S_ar:n_hi_block_hi:1": 1.388715, "S2:S_ar:n_hi_block_hi:2": 1.329881, "S2:S_ar:n_hi_block_hi:3": 1.738718, "S2:S_ar:n_hi_block_hi:4": 1.032987, "S2:S_ar:n_hi_block_hi:5": 0.978723, "S2:S_ar:n_hi_block_hi:6": 1.143632, "S2:S_ar:n_hi_block_hi:8": 1.363985, "S2:S_ar:n_hi_block_lo:0": 1.301971, "S2:S_ar:n_hi_block_lo:1": 1.681849, "S2:S_ar:n_hi_block_lo:2": 1.098154, "S2:S_ar:n_hi_block_lo:4": 1.442381, "S2:S_ar:n_hi_block_lo:6": 1.165049, "S2:S_ar:n_hi_block_lo:7": 1.02379, "S2:S_ar:n_hi_block_lo:9": 1.26386, "S2:S_ar:n_hi_burst:1": 1.757221, "S2:S_ar:n_hi_burst:3": 1.097896, "S2:S_ar:n_hi_burst:4": 1.014271, "S2:S_ar:n_hi_burst:5": 1.027896, "S2:S_ar:n_hi_burst:6": 1.30949, "S2:S_ar:n_hi_burst:7": 1.225069, "S2:S_ar:n_hi_burst:8": 1.297516, "S2:S_ar:n_hi_full:0": 1.260966, "S2:S_ar:n_hi_full:1": 1.574807, "S2:S_ar:n_hi_full:2": 1.334498, "S2:S_ar:n_hi_full:3": 0.955328, "S2:S_ar:n_hi_full:6": 0.853059, "S2:S_ar:n_hi_full:7": 1.028949, "S2:S_ar:n_hi_full:8": 1.105813, "S2:S_ar:n_hi_rand_hi:1": 1.217757, "S2:S_ar:n_hi_rand_hi:2": 1.125901, "S2:S_ar:n_hi_rand_hi:4": 1.036448, "S2:S_ar:n_hi_rand_hi:5": 1.008054, "S2:S_ar:n_hi_rand_hi:7": 1.00268, "S2:S_ar:n_hi_rand_hi:8": 1.078498, "S2:S_ar:n_hi_rand_hi:9": 1.102907, "S2:S_ar:n_hi_rand_lo:0": 0.941748, "S2:S_ar:n_hi_rand_lo:1": 1.208607, "S2:S_ar:n_hi_rand_lo:2": 1.285448, "S2:S_ar:n_hi_rand_lo:3": 1.378905, "S2:S_ar:n_hi_rand_lo:5": 1.045183, "S2:S_ar:n_hi_rand_lo:6": 1.0303, "S2:S_ar:n_hi_rand_lo:9": 0.840087, "S2:S_ar:n_lo_block_hi:0": 4.317689, "S2:S_ar:n_lo_block_hi:2": 1.013598, "S2:S_ar:n_lo_block_hi:3": 1.745409, "S2:S_ar:n_lo_block_hi:4": 1.06009, "S2:S_ar:n_lo_block_hi:5": 1.235962, "S2:S_ar:n_lo_block_hi:6": 1.141065, "S2:S_ar:n_lo_block_hi:8": 1.404893, "S2:S_ar:n_lo_block_lo:0": 1.070499, "S2:S_ar:n_lo_block_lo:1": 1.092985, "S2:S_ar:n_lo_block_lo:2": 1.03924, "S2:S_ar:n_lo_block_lo:3": 1.134064, "S2:S_ar:n_lo_block_lo:4": 0.993706, "S2:S_ar:n_lo_block_lo:5": 1.152697, "S2:S_ar:n_lo_block_lo:7": 1.14668, "S2:S_ar:n_lo_burst:0": 1.159436, "S2:S_ar:n_lo_burst:3": 1.343771, "S2:S_ar:n_lo_burst:4": 1.443532, "S2:S_ar:n_lo_burst:5": 1.056881, "S2:S_ar:n_lo_burst:6": 1.164842, "S2:S_ar:n_lo_burst:7": 1.361179, "S2:S_ar:n_lo_burst:8": 1.163617, "S2:S_ar:n_lo_full:0": 1.058093, "S2:S_ar:n_lo_full:1": 2.022665, "S2:S_ar:n_lo_full:4": 1.607925, "S2:S_ar:n_lo_full:5": 1.077173, "S2:S_ar:n_lo_full:6": 1.180232, "S2:S_ar:n_lo_full:8": 1.347927, "S2:S_ar:n_lo_full:9": 1.182418, "S2:S_ar:n_lo_rand_hi:0": 1.567008, "S2:S_ar:n_lo_rand_hi:4": 1.094188, "S2:S_ar:n_lo_rand_hi:5": 1.42133, "S2:S_ar:n_lo_rand_hi:6": 1.720692, "S2:S_ar:n_lo_rand_hi:7": 1.398425, "S2:S_ar:n_lo_rand_hi:8": 1.18838, "S2:S_ar:n_lo_rand_hi:9": 1.712073, "S2:S_ar:n_lo_rand_lo:1": 1.684855, "S2:S_ar:n_lo_rand_lo:2": 1.052319, "S2:S_ar:n_lo_rand_lo:3": 0.948249, "S2:S_ar:n_lo_rand_lo:4": 1.21225, "S2:S_ar:n_lo_rand_lo:5": 1.012504, "S2:S_ar:n_lo_rand_lo:7": 1.089763, "S2:S_ar:n_lo_rand_lo:8": 1.291103}}