{"domain": "S_ar", "action": "v_wavelet", "model": "chronos_bolt_small", "menu_sha": "a4c0f83191e5bd18fb8b7b9f52854e356268ef3cf0e7e3420e3a0221514db457", "train_cfg_sha": "812a71fdd8764baa", "n": 84, "n_missing": 0, "wallclock_s": 0.3, "cache_keys": {"S2:S_ar:n_hi_block_hi:1": "b611d5dc1b653a44"}, "per_series": {"S2:S_ar:n_hi_block_hi:1": 1.487666, "S2:S_ar:n_hi_block_hi:2": 1.583673, "S2:S_ar:n_hi_block_hi:3": 1.670075, "S2:S_ar:n_hi_block_hi:4": 1.091352, "S2:S_ar:n_hi_block_hi:5": 1.097661, "S2:S_ar:n_hi_block_hi:6": 1.511214, "S2:S_ar:n_hi_block_hi:8": 1.124905, "S2:S_ar:n_hi_block_lo:0": 1.186636, "S2:S_ar:n_hi_block_lo:1": 0.972243, "S2:S_ar:n_hi_block_lo:2": 0.998567, "S2:S_ar:n_hi_block_lo:4": 1.079862, "S2:S_ar:n_hi_block_lo:6": 1.209489, "S2:S_ar:n_hi_block_lo:7": 1.007426, "S2:S_ar:n_hi_block_lo:9": 1.109014, "S2:S_ar:n_hi_burst:1": 1.253328, "S2:S_ar:n_hi_burst:3": 0.911264, "S2:S_ar:n_hi_burst:4": 0.862826, "S2:S_ar:n_hi_burst:5": 0.982705, "S2:S_ar:n_hi_burst:6": 1.194601, "S2:S_ar:n_hi_burst:7": 1.008571, "S2:S_ar:n_hi_burst:8": 1.098647, "S2:S_ar:n_hi_full:0": 1.179085, "S2:S_ar:n_hi_full:1": 1.019462, "S2:S_ar:n_hi_full:2": 1.284584, "S2:S_ar:n_hi_full:3": 1.083046, "S2:S_ar:n_hi_full:6": 1.104391, "S2:S_ar:n_hi_full:7": 0.996604, "S2:S_ar:n_hi_full:8": 1.405722, "S2:S_ar:n_hi_rand_hi:1": 1.249789, "S2:S_ar:n_hi_rand_hi:2": 1.132083, "S2:S_ar:n_hi_rand_hi:4": 0.965233, "S2:S_ar:n_hi_rand_hi:5": 1.053858, "S2:S_ar:n_hi_rand_hi:7": 1.16047, "S2:S_ar:n_hi_rand_hi:8": 0.978139, "S2:S_ar:n_hi_rand_hi:9": 1.063383, "S2:S_ar:n_hi_rand_lo:0": 0.947603, "S2:S_ar:n_hi_rand_lo:1": 1.282223, "S2:S_ar:n_hi_rand_lo:2": 1.169197, "S2:S_ar:n_hi_rand_lo:3": 1.088326, "S2:S_ar:n_hi_rand_lo:5": 1.170613, "S2:S_ar:n_hi_rand_lo:6": 1.039381, "S2:S_ar:n_hi_rand_lo:9": 0.986554, "S2:S_ar:n_lo_block_hi:0": 2.983817, "S2:S_ar:n_lo_block_hi:2": 1.137592, "S2:S_ar:n_lo_block_hi:3": 1.46018, "S2:S_ar:n_lo_block_hi:4": 1.040665, "S2:S_ar:n_lo_block_hi:5": 1.102958, "S2:S_ar:n_lo_block_hi:6": 1.118512, "S2:S_ar:n_lo_block_hi:8": 1.742444, "S2:S_ar:n_lo_block_lo:0": 1.118263, "S2:S_ar:n_lo_block_lo:1": 1.001244, "S2:S_ar:n_lo_block_lo:2": 1.014393, "S2:S_ar:n_lo_block_lo:3": 0.961811, "S2:S_ar:n_lo_block_lo:4": 1.414248, "S2:S_ar:n_lo_block_lo:5": 1.332982, "S2:S_ar:n_lo_block_lo:7": 1.113754, "S2:S_ar:n_lo_burst:0": 1.253689, "S2:S_ar:n_lo_burst:3": 1.178947, "S2:S_ar:n_lo_burst:4": 0.978878, "S2:S_ar:n_lo_burst:5": 0.850016, "S2:S_ar:n_lo_burst:6": 0.961227, "S2:S_ar:n_lo_burst:7": 1.122534, "S2:S_ar:n_lo_burst:8": 1.076985, "S2:S_ar:n_lo_full:0": 0.963087, "S2:S_ar:n_lo_full:1": 1.508848, "S2:S_ar:n_lo_full:4": 1.053436, "S2:S_ar:n_lo_full:5": 1.139018, "S2:S_ar:n_lo_full:6": 1.335199, "S2:S_ar:n_lo_full:8": 1.029308, "S2:S_ar:n_lo_full:9": 1.132596, "S2:S_ar:n_lo_rand_hi:0": 1.09332, "S2:S_ar:n_lo_rand_hi:4": 1.030919, "S2:S_ar:n_lo_rand_hi:5": 1.41551, "S2:S_ar:n_lo_rand_hi:6": 1.229136, "S2:S_ar:n_lo_rand_hi:7": 1.180029, "S2:S_ar:n_lo_rand_hi:8": 1.33426, "S2:S_ar:n_lo_rand_hi:9": 1.241484, "S2:S_ar:n_lo_rand_lo:1": 1.352852, "S2:S_ar:n_lo_rand_lo:2": 1.089636, "S2:S_ar:n_lo_rand_lo:3": 1.004462, "S2:S_ar:n_lo_rand_lo:4": 1.293835, "S2:S_ar:n_lo_rand_lo:5": 1.200708, "S2:S_ar:n_lo_rand_lo:7": 1.010707, "S2:S_ar:n_lo_rand_lo:8": 1.584035}}