{"domain": "S_ar", "action": "v_winsor_savgol", "model": "chronos_bolt_small", "menu_sha": "a4c0f83191e5bd18fb8b7b9f52854e356268ef3cf0e7e3420e3a0221514db457", "train_cfg_sha": "812a71fdd8764baa", "n": 84, "n_missing": 0, "wallclock_s": 0.4, "cache_keys": {"S2:S_ar:n_hi_block_hi:1": "82c4969a036d2aca"}, "per_series": {"S2:S_ar:n_hi_block_hi:1": 1.621482, "S2:S_ar:n_hi_block_hi:2": 1.286224, "S2:S_ar:n_hi_block_hi:3": 1.285783, "S2:S_ar:n_hi_block_hi:4": 1.149504, "S2:S_ar:n_hi_block_hi:5": 1.148692, "S2:S_ar:n_hi_block_hi:6": 1.353039, "S2:S_ar:n_hi_block_hi:8": 1.045589, "S2:S_ar:n_hi_block_lo:0": 1.291347, "S2:S_ar:n_hi_block_lo:1": 1.127086, "S2:S_ar:n_hi_block_lo:2": 1.060563, "S2:S_ar:n_hi_block_lo:4": 1.032074, "S2:S_ar:n_hi_block_lo:6": 1.086383, "S2:S_ar:n_hi_block_lo:7": 1.116941, "S2:S_ar:n_hi_block_lo:9": 1.026527, "S2:S_ar:n_hi_burst:1": 1.389636, "S2:S_ar:n_hi_burst:3": 1.113255, "S2:S_ar:n_hi_burst:4": 0.956971, "S2:S_ar:n_hi_burst:5": 1.044888, "S2:S_ar:n_hi_burst:6": 1.269307, "S2:S_ar:n_hi_burst:7": 0.938308, "S2:S_ar:n_hi_burst:8": 1.12848, "S2:S_ar:n_hi_full:0": 1.108272, "S2:S_ar:n_hi_full:1": 1.067976, "S2:S_ar:n_hi_full:2": 1.037169, "S2:S_ar:n_hi_full:3": 0.986021, "S2:S_ar:n_hi_full:6": 1.056365, "S2:S_ar:n_hi_full:7": 0.997994, "S2:S_ar:n_hi_full:8": 1.174911, "S2:S_ar:n_hi_rand_hi:1": 1.251581, "S2:S_ar:n_hi_rand_hi:2": 0.98242, "S2:S_ar:n_hi_rand_hi:4": 1.008229, "S2:S_ar:n_hi_rand_hi:5": 1.150351, "S2:S_ar:n_hi_rand_hi:7": 1.017434, "S2:S_ar:n_hi_rand_hi:8": 0.881867, "S2:S_ar:n_hi_rand_hi:9": 1.088248, "S2:S_ar:n_hi_rand_lo:0": 1.070853, "S2:S_ar:n_hi_rand_lo:1": 1.198046, "S2:S_ar:n_hi_rand_lo:2": 1.136002, "S2:S_ar:n_hi_rand_lo:3": 1.460907, "S2:S_ar:n_hi_rand_lo:5": 1.271821, "S2:S_ar:n_hi_rand_lo:6": 1.167225, "S2:S_ar:n_hi_rand_lo:9": 0.954778, "S2:S_ar:n_lo_block_hi:0": 3.867821, "S2:S_ar:n_lo_block_hi:2": 1.186694, "S2:S_ar:n_lo_block_hi:3": 1.040998, "S2:S_ar:n_lo_block_hi:4": 1.103482, "S2:S_ar:n_lo_block_hi:5": 1.141616, "S2:S_ar:n_lo_block_hi:6": 1.139258, "S2:S_ar:n_lo_block_hi:8": 1.843386, "S2:S_ar:n_lo_block_lo:0": 1.156722, "S2:S_ar:n_lo_block_lo:1": 0.978071, "S2:S_ar:n_lo_block_lo:2": 1.122876, "S2:S_ar:n_lo_block_lo:3": 1.037766, "S2:S_ar:n_lo_block_lo:4": 1.240397, "S2:S_ar:n_lo_block_lo:5": 1.211876, "S2:S_ar:n_lo_block_lo:7": 1.155165, "S2:S_ar:n_lo_burst:0": 0.99543, "S2:S_ar:n_lo_burst:3": 1.023871, "S2:S_ar:n_lo_burst:4": 1.088021, "S2:S_ar:n_lo_burst:5": 1.222635, "S2:S_ar:n_lo_burst:6": 1.023142, "S2:S_ar:n_lo_burst:7": 0.948298, "S2:S_ar:n_lo_burst:8": 1.285607, "S2:S_ar:n_lo_full:0": 1.02231, "S2:S_ar:n_lo_full:1": 1.23409, "S2:S_ar:n_lo_full:4": 1.066917, "S2:S_ar:n_lo_full:5": 1.177172, "S2:S_ar:n_lo_full:6": 1.189131, "S2:S_ar:n_lo_full:8": 1.039207, "S2:S_ar:n_lo_full:9": 0.997249, "S2:S_ar:n_lo_rand_hi:0": 1.046213, "S2:S_ar:n_lo_rand_hi:4": 1.138485, "S2:S_ar:n_lo_rand_hi:5": 1.20234, "S2:S_ar:n_lo_rand_hi:6": 1.292984, "S2:S_ar:n_lo_rand_hi:7": 1.143142, "S2:S_ar:n_lo_rand_hi:8": 1.182223, "S2:S_ar:n_lo_rand_hi:9": 1.347338, "S2:S_ar:n_lo_rand_lo:1": 1.553908, "S2:S_ar:n_lo_rand_lo:2": 0.997966, "S2:S_ar:n_lo_rand_lo:3": 1.079279, "S2:S_ar:n_lo_rand_lo:4": 1.100799, "S2:S_ar:n_lo_rand_lo:5": 0.942413, "S2:S_ar:n_lo_rand_lo:7": 1.023273, "S2:S_ar:n_lo_rand_lo:8": 1.193532}}