{"domain": "S_ar", "action": "v_winsor", "model": "dlinear_pooled", "menu_sha": "a4c0f83191e5bd18fb8b7b9f52854e356268ef3cf0e7e3420e3a0221514db457", "train_cfg_sha": "812a71fdd8764baa", "n": 84, "n_missing": 0, "wallclock_s": 58.7, "cache_keys": {"S2:S_ar:n_hi_block_hi:1": "b3aea393379d5a44"}, "per_series": {"S2:S_ar:n_hi_block_hi:1": 0.972637, "S2:S_ar:n_hi_block_hi:2": 1.070257, "S2:S_ar:n_hi_block_hi:3": 1.300687, "S2:S_ar:n_hi_block_hi:4": 1.021376, "S2:S_ar:n_hi_block_hi:5": 1.071372, "S2:S_ar:n_hi_block_hi:6": 0.996108, "S2:S_ar:n_hi_block_hi:8": 0.993216, "S2:S_ar:n_hi_block_lo:0": 1.110995, "S2:S_ar:n_hi_block_lo:1": 1.009813, "S2:S_ar:n_hi_block_lo:2": 1.006546, "S2:S_ar:n_hi_block_lo:4": 1.072937, "S2:S_ar:n_hi_block_lo:6": 1.067112, "S2:S_ar:n_hi_block_lo:7": 1.015443, "S2:S_ar:n_hi_block_lo:9": 1.018644, "S2:S_ar:n_hi_burst:1": 1.00187, "S2:S_ar:n_hi_burst:3": 1.054774, "S2:S_ar:n_hi_burst:4": 1.025499, "S2:S_ar:n_hi_burst:5": 1.077802, "S2:S_ar:n_hi_burst:6": 1.046204, "S2:S_ar:n_hi_burst:7": 0.992296, "S2:S_ar:n_hi_burst:8": 1.085568, "S2:S_ar:n_hi_full:0": 0.959548, "S2:S_ar:n_hi_full:1": 0.996594, "S2:S_ar:n_hi_full:2": 0.981349, "S2:S_ar:n_hi_full:3": 0.99273, "S2:S_ar:n_hi_full:6": 1.005232, "S2:S_ar:n_hi_full:7": 1.04993, "S2:S_ar:n_hi_full:8": 1.129081, "S2:S_ar:n_hi_rand_hi:1": 1.118517, "S2:S_ar:n_hi_rand_hi:2": 0.983624, "S2:S_ar:n_hi_rand_hi:4": 1.030271, "S2:S_ar:n_hi_rand_hi:5": 1.038693, "S2:S_ar:n_hi_rand_hi:7": 1.006659, "S2:S_ar:n_hi_rand_hi:8": 0.995404, "S2:S_ar:n_hi_rand_hi:9": 1.09364, "S2:S_ar:n_hi_rand_lo:0": 1.165942, "S2:S_ar:n_hi_rand_lo:1": 1.094346, "S2:S_ar:n_hi_rand_lo:2": 1.030952, "S2:S_ar:n_hi_rand_lo:3": 1.144186, "S2:S_ar:n_hi_rand_lo:5": 1.050875, "S2:S_ar:n_hi_rand_lo:6": 1.072611, "S2:S_ar:n_hi_rand_lo:9": 1.016973, "S2:S_ar:n_lo_block_hi:0": 1.445836, "S2:S_ar:n_lo_block_hi:2": 1.027129, "S2:S_ar:n_lo_block_hi:3": 1.131813, "S2:S_ar:n_lo_block_hi:4": 1.050046, "S2:S_ar:n_lo_block_hi:5": 1.000195, "S2:S_ar:n_lo_block_hi:6": 1.046504, "S2:S_ar:n_lo_block_hi:8": 0.969183, "S2:S_ar:n_lo_block_lo:0": 1.086006, "S2:S_ar:n_lo_block_lo:1": 1.092245, "S2:S_ar:n_lo_block_lo:2": 1.217344, "S2:S_ar:n_lo_block_lo:3": 1.030003, "S2:S_ar:n_lo_block_lo:4": 1.058535, "S2:S_ar:n_lo_block_lo:5": 1.053281, "S2:S_ar:n_lo_block_lo:7": 1.155082, "S2:S_ar:n_lo_burst:0": 1.27968, "S2:S_ar:n_lo_burst:3": 1.106688, "S2:S_ar:n_lo_burst:4": 1.045335, "S2:S_ar:n_lo_burst:5": 1.041175, "S2:S_ar:n_lo_burst:6": 0.983317, "S2:S_ar:n_lo_burst:7": 1.030116, "S2:S_ar:n_lo_burst:8": 1.07852, "S2:S_ar:n_lo_full:0": 1.07791, "S2:S_ar:n_lo_full:1": 1.140724, "S2:S_ar:n_lo_full:4": 0.993538, "S2:S_ar:n_lo_full:5": 1.108023, "S2:S_ar:n_lo_full:6": 1.107666, "S2:S_ar:n_lo_full:8": 1.032925, "S2:S_ar:n_lo_full:9": 1.082889, "S2:S_ar:n_lo_rand_hi:0": 0.899768, "S2:S_ar:n_lo_rand_hi:4": 1.029917, "S2:S_ar:n_lo_rand_hi:5": 1.03378, "S2:S_ar:n_lo_rand_hi:6": 1.149151, "S2:S_ar:n_lo_rand_hi:7": 1.069262, "S2:S_ar:n_lo_rand_hi:8": 1.032637, "S2:S_ar:n_lo_rand_hi:9": 1.095666, "S2:S_ar:n_lo_rand_lo:1": 1.04234, "S2:S_ar:n_lo_rand_lo:2": 1.061118, "S2:S_ar:n_lo_rand_lo:3": 1.052937, "S2:S_ar:n_lo_rand_lo:4": 1.074552, "S2:S_ar:n_lo_rand_lo:5": 1.086379, "S2:S_ar:n_lo_rand_lo:7": 1.000543, "S2:S_ar:n_lo_rand_lo:8": 1.019177}}