{"domain": "S_ar", "action": "v_savgol", "model": "dlinear_pooled", "menu_sha": "a4c0f83191e5bd18fb8b7b9f52854e356268ef3cf0e7e3420e3a0221514db457", "train_cfg_sha": "812a71fdd8764baa", "n": 84, "n_missing": 0, "wallclock_s": 57.4, "cache_keys": {"S2:S_ar:n_hi_block_hi:1": "a99fc57b86282e21"}, "per_series": {"S2:S_ar:n_hi_block_hi:1": 0.972665, "S2:S_ar:n_hi_block_hi:2": 1.056794, "S2:S_ar:n_hi_block_hi:3": 2.459659, "S2:S_ar:n_hi_block_hi:4": 1.086985, "S2:S_ar:n_hi_block_hi:5": 1.222906, "S2:S_ar:n_hi_block_hi:6": 1.12158, "S2:S_ar:n_hi_block_hi:8": 1.001394, "S2:S_ar:n_hi_block_lo:0": 1.249451, "S2:S_ar:n_hi_block_lo:1": 1.238935, "S2:S_ar:n_hi_block_lo:2": 1.083299, "S2:S_ar:n_hi_block_lo:4": 1.077569, "S2:S_ar:n_hi_block_lo:6": 1.33352, "S2:S_ar:n_hi_block_lo:7": 1.017201, "S2:S_ar:n_hi_block_lo:9": 1.027615, "S2:S_ar:n_hi_burst:1": 1.01492, "S2:S_ar:n_hi_burst:3": 1.114645, "S2:S_ar:n_hi_burst:4": 0.926081, "S2:S_ar:n_hi_burst:5": 1.259123, "S2:S_ar:n_hi_burst:6": 1.308443, "S2:S_ar:n_hi_burst:7": 1.003505, "S2:S_ar:n_hi_burst:8": 1.082537, "S2:S_ar:n_hi_full:0": 1.150975, "S2:S_ar:n_hi_full:1": 1.016337, "S2:S_ar:n_hi_full:2": 1.092394, "S2:S_ar:n_hi_full:3": 1.069356, "S2:S_ar:n_hi_full:6": 1.08733, "S2:S_ar:n_hi_full:7": 1.017257, "S2:S_ar:n_hi_full:8": 1.121228, "S2:S_ar:n_hi_rand_hi:1": 1.263216, "S2:S_ar:n_hi_rand_hi:2": 1.021533, "S2:S_ar:n_hi_rand_hi:4": 1.010219, "S2:S_ar:n_hi_rand_hi:5": 1.037815, "S2:S_ar:n_hi_rand_hi:7": 0.987281, "S2:S_ar:n_hi_rand_hi:8": 0.91543, "S2:S_ar:n_hi_rand_hi:9": 1.095453, "S2:S_ar:n_hi_rand_lo:0": 1.132652, "S2:S_ar:n_hi_rand_lo:1": 1.080145, "S2:S_ar:n_hi_rand_lo:2": 1.040513, "S2:S_ar:n_hi_rand_lo:3": 1.313596, "S2:S_ar:n_hi_rand_lo:5": 1.744543, "S2:S_ar:n_hi_rand_lo:6": 1.097312, "S2:S_ar:n_hi_rand_lo:9": 1.057164, "S2:S_ar:n_lo_block_hi:0": 1.60527, "S2:S_ar:n_lo_block_hi:2": 1.411088, "S2:S_ar:n_lo_block_hi:3": 1.04796, "S2:S_ar:n_lo_block_hi:4": 1.297353, "S2:S_ar:n_lo_block_hi:5": 1.038193, "S2:S_ar:n_lo_block_hi:6": 1.053522, "S2:S_ar:n_lo_block_hi:8": 0.898905, "S2:S_ar:n_lo_block_lo:0": 1.252239, "S2:S_ar:n_lo_block_lo:1": 1.231789, "S2:S_ar:n_lo_block_lo:2": 1.222256, "S2:S_ar:n_lo_block_lo:3": 1.057462, "S2:S_ar:n_lo_block_lo:4": 1.068733, "S2:S_ar:n_lo_block_lo:5": 1.932461, "S2:S_ar:n_lo_block_lo:7": 1.342785, "S2:S_ar:n_lo_burst:0": 0.930866, "S2:S_ar:n_lo_burst:3": 1.054326, "S2:S_ar:n_lo_burst:4": 1.056399, "S2:S_ar:n_lo_burst:5": 1.042981, "S2:S_ar:n_lo_burst:6": 0.972416, "S2:S_ar:n_lo_burst:7": 0.955635, "S2:S_ar:n_lo_burst:8": 1.148038, "S2:S_ar:n_lo_full:0": 1.077452, "S2:S_ar:n_lo_full:1": 1.095557, "S2:S_ar:n_lo_full:4": 1.015114, "S2:S_ar:n_lo_full:5": 1.386542, "S2:S_ar:n_lo_full:6": 1.324041, "S2:S_ar:n_lo_full:8": 1.04004, "S2:S_ar:n_lo_full:9": 1.018344, "S2:S_ar:n_lo_rand_hi:0": 0.98612, "S2:S_ar:n_lo_rand_hi:4": 1.120785, "S2:S_ar:n_lo_rand_hi:5": 1.176182, "S2:S_ar:n_lo_rand_hi:6": 1.139215, "S2:S_ar:n_lo_rand_hi:7": 1.131397, "S2:S_ar:n_lo_rand_hi:8": 1.079891, "S2:S_ar:n_lo_rand_hi:9": 1.396206, "S2:S_ar:n_lo_rand_lo:1": 1.129966, "S2:S_ar:n_lo_rand_lo:2": 1.067301, "S2:S_ar:n_lo_rand_lo:3": 1.032264, "S2:S_ar:n_lo_rand_lo:4": 1.071875, "S2:S_ar:n_lo_rand_lo:5": 0.916928, "S2:S_ar:n_lo_rand_lo:7": 0.99673, "S2:S_ar:n_lo_rand_lo:8": 1.081619}}