{"domain": "S_ar", "action": "v_winsor", "model": "seasonal_naive", "menu_sha": "a4c0f83191e5bd18fb8b7b9f52854e356268ef3cf0e7e3420e3a0221514db457", "train_cfg_sha": "812a71fdd8764baa", "n": 84, "n_missing": 0, "wallclock_s": 0.0, "cache_keys": {"S2:S_ar:n_hi_block_hi:1": "305e700656ae2169"}, "per_series": {"S2:S_ar:n_hi_block_hi:1": 1.502352, "S2:S_ar:n_hi_block_hi:2": 1.461417, "S2:S_ar:n_hi_block_hi:3": 2.050643, "S2:S_ar:n_hi_block_hi:4": 1.235127, "S2:S_ar:n_hi_block_hi:5": 1.352103, "S2:S_ar:n_hi_block_hi:6": 1.651854, "S2:S_ar:n_hi_block_hi:8": 1.56877, "S2:S_ar:n_hi_block_lo:0": 1.368245, "S2:S_ar:n_hi_block_lo:1": 1.864254, "S2:S_ar:n_hi_block_lo:2": 1.367383, "S2:S_ar:n_hi_block_lo:4": 1.770892, "S2:S_ar:n_hi_block_lo:6": 1.405619, "S2:S_ar:n_hi_block_lo:7": 1.41591, "S2:S_ar:n_hi_block_lo:9": 1.488129, "S2:S_ar:n_hi_burst:1": 2.001017, "S2:S_ar:n_hi_burst:3": 1.301217, "S2:S_ar:n_hi_burst:4": 1.111693, "S2:S_ar:n_hi_burst:5": 1.276671, "S2:S_ar:n_hi_burst:6": 1.471664, "S2:S_ar:n_hi_burst:7": 1.334627, "S2:S_ar:n_hi_burst:8": 1.975881, "S2:S_ar:n_hi_full:0": 1.632276, "S2:S_ar:n_hi_full:1": 1.566596, "S2:S_ar:n_hi_full:2": 1.707858, "S2:S_ar:n_hi_full:3": 1.259456, "S2:S_ar:n_hi_full:6": 1.400067, "S2:S_ar:n_hi_full:7": 1.023932, "S2:S_ar:n_hi_full:8": 1.409717, "S2:S_ar:n_hi_rand_hi:1": 1.598112, "S2:S_ar:n_hi_rand_hi:2": 1.372322, "S2:S_ar:n_hi_rand_hi:4": 1.186371, "S2:S_ar:n_hi_rand_hi:5": 1.226239, "S2:S_ar:n_hi_rand_hi:7": 1.16231, "S2:S_ar:n_hi_rand_hi:8": 1.288566, "S2:S_ar:n_hi_rand_hi:9": 1.357757, "S2:S_ar:n_hi_rand_lo:0": 1.17605, "S2:S_ar:n_hi_rand_lo:1": 1.383403, "S2:S_ar:n_hi_rand_lo:2": 1.674288, "S2:S_ar:n_hi_rand_lo:3": 1.662441, "S2:S_ar:n_hi_rand_lo:5": 1.523197, "S2:S_ar:n_hi_rand_lo:6": 1.306216, "S2:S_ar:n_hi_rand_lo:9": 1.016726, "S2:S_ar:n_lo_block_hi:0": 4.317689, "S2:S_ar:n_lo_block_hi:2": 1.17236, "S2:S_ar:n_lo_block_hi:3": 1.753493, "S2:S_ar:n_lo_block_hi:4": 1.687402, "S2:S_ar:n_lo_block_hi:5": 1.469298, "S2:S_ar:n_lo_block_hi:6": 1.141065, "S2:S_ar:n_lo_block_hi:8": 1.621703, "S2:S_ar:n_lo_block_lo:0": 1.328373, "S2:S_ar:n_lo_block_lo:1": 1.463843, "S2:S_ar:n_lo_block_lo:2": 1.55359, "S2:S_ar:n_lo_block_lo:3": 1.365039, "S2:S_ar:n_lo_block_lo:4": 1.451923, "S2:S_ar:n_lo_block_lo:5": 1.576392, "S2:S_ar:n_lo_block_lo:7": 1.713443, "S2:S_ar:n_lo_burst:0": 1.573515, "S2:S_ar:n_lo_burst:3": 1.624898, "S2:S_ar:n_lo_burst:4": 1.650878, "S2:S_ar:n_lo_burst:5": 1.889293, "S2:S_ar:n_lo_burst:6": 1.297682, "S2:S_ar:n_lo_burst:7": 1.704255, "S2:S_ar:n_lo_burst:8": 1.425528, "S2:S_ar:n_lo_full:0": 1.212266, "S2:S_ar:n_lo_full:1": 2.144736, "S2:S_ar:n_lo_full:4": 1.826826, "S2:S_ar:n_lo_full:5": 1.425208, "S2:S_ar:n_lo_full:6": 1.717915, "S2:S_ar:n_lo_full:8": 1.750044, "S2:S_ar:n_lo_full:9": 1.430431, "S2:S_ar:n_lo_rand_hi:0": 1.712392, "S2:S_ar:n_lo_rand_hi:4": 1.434837, "S2:S_ar:n_lo_rand_hi:5": 1.808468, "S2:S_ar:n_lo_rand_hi:6": 2.109305, "S2:S_ar:n_lo_rand_hi:7": 1.744133, "S2:S_ar:n_lo_rand_hi:8": 1.596765, "S2:S_ar:n_lo_rand_hi:9": 1.941538, "S2:S_ar:n_lo_rand_lo:1": 1.618055, "S2:S_ar:n_lo_rand_lo:2": 1.591403, "S2:S_ar:n_lo_rand_lo:3": 1.32192, "S2:S_ar:n_lo_rand_lo:4": 1.616394, "S2:S_ar:n_lo_rand_lo:5": 1.374835, "S2:S_ar:n_lo_rand_lo:7": 1.289584, "S2:S_ar:n_lo_rand_lo:8": 1.519735}}