{"domain": "S_ar", "action": "v_stl", "model": "seasonal_naive", "menu_sha": "a4c0f83191e5bd18fb8b7b9f52854e356268ef3cf0e7e3420e3a0221514db457", "train_cfg_sha": "812a71fdd8764baa", "n": 84, "n_missing": 0, "wallclock_s": 0.0, "cache_keys": {"S2:S_ar:n_hi_block_hi:1": "52909f1586d19fbb"}, "per_series": {"S2:S_ar:n_hi_block_hi:1": 1.552671, "S2:S_ar:n_hi_block_hi:2": 1.34645, "S2:S_ar:n_hi_block_hi:3": 2.147976, "S2:S_ar:n_hi_block_hi:4": 1.092573, "S2:S_ar:n_hi_block_hi:5": 1.248036, "S2:S_ar:n_hi_block_hi:6": 1.479575, "S2:S_ar:n_hi_block_hi:8": 1.517008, "S2:S_ar:n_hi_block_lo:0": 1.362665, "S2:S_ar:n_hi_block_lo:1": 1.742543, "S2:S_ar:n_hi_block_lo:2": 1.249058, "S2:S_ar:n_hi_block_lo:4": 1.73474, "S2:S_ar:n_hi_block_lo:6": 1.205745, "S2:S_ar:n_hi_block_lo:7": 1.40523, "S2:S_ar:n_hi_block_lo:9": 1.560947, "S2:S_ar:n_hi_burst:1": 1.781483, "S2:S_ar:n_hi_burst:3": 1.179887, "S2:S_ar:n_hi_burst:4": 1.073393, "S2:S_ar:n_hi_burst:5": 1.03155, "S2:S_ar:n_hi_burst:6": 1.749768, "S2:S_ar:n_hi_burst:7": 1.33231, "S2:S_ar:n_hi_burst:8": 1.838924, "S2:S_ar:n_hi_full:0": 1.546806, "S2:S_ar:n_hi_full:1": 1.634, "S2:S_ar:n_hi_full:2": 1.793798, "S2:S_ar:n_hi_full:3": 1.075596, "S2:S_ar:n_hi_full:6": 1.024069, "S2:S_ar:n_hi_full:7": 0.916089, "S2:S_ar:n_hi_full:8": 1.273694, "S2:S_ar:n_hi_rand_hi:1": 1.414232, "S2:S_ar:n_hi_rand_hi:2": 1.222164, "S2:S_ar:n_hi_rand_hi:4": 1.059959, "S2:S_ar:n_hi_rand_hi:5": 1.067392, "S2:S_ar:n_hi_rand_hi:7": 1.054884, "S2:S_ar:n_hi_rand_hi:8": 1.257441, "S2:S_ar:n_hi_rand_hi:9": 1.255012, "S2:S_ar:n_hi_rand_lo:0": 1.024331, "S2:S_ar:n_hi_rand_lo:1": 1.285763, "S2:S_ar:n_hi_rand_lo:2": 1.488108, "S2:S_ar:n_hi_rand_lo:3": 1.969027, "S2:S_ar:n_hi_rand_lo:5": 1.492836, "S2:S_ar:n_hi_rand_lo:6": 1.210539, "S2:S_ar:n_hi_rand_lo:9": 0.918275, "S2:S_ar:n_lo_block_hi:0": 4.300162, "S2:S_ar:n_lo_block_hi:2": 1.09473, "S2:S_ar:n_lo_block_hi:3": 1.701782, "S2:S_ar:n_lo_block_hi:4": 1.470885, "S2:S_ar:n_lo_block_hi:5": 1.38018, "S2:S_ar:n_lo_block_hi:6": 1.141065, "S2:S_ar:n_lo_block_hi:8": 1.541228, "S2:S_ar:n_lo_block_lo:0": 1.342173, "S2:S_ar:n_lo_block_lo:1": 1.137409, "S2:S_ar:n_lo_block_lo:2": 1.149907, "S2:S_ar:n_lo_block_lo:3": 1.14679, "S2:S_ar:n_lo_block_lo:4": 1.257477, "S2:S_ar:n_lo_block_lo:5": 1.401923, "S2:S_ar:n_lo_block_lo:7": 1.377921, "S2:S_ar:n_lo_burst:0": 1.248805, "S2:S_ar:n_lo_burst:3": 1.746713, "S2:S_ar:n_lo_burst:4": 1.419905, "S2:S_ar:n_lo_burst:5": 1.635637, "S2:S_ar:n_lo_burst:6": 1.157685, "S2:S_ar:n_lo_burst:7": 1.515246, "S2:S_ar:n_lo_burst:8": 1.385359, "S2:S_ar:n_lo_full:0": 1.110575, "S2:S_ar:n_lo_full:1": 2.302282, "S2:S_ar:n_lo_full:4": 1.695813, "S2:S_ar:n_lo_full:5": 1.212994, "S2:S_ar:n_lo_full:6": 1.77029, "S2:S_ar:n_lo_full:8": 1.44216, "S2:S_ar:n_lo_full:9": 1.449913, "S2:S_ar:n_lo_rand_hi:0": 1.733668, "S2:S_ar:n_lo_rand_hi:4": 1.301797, "S2:S_ar:n_lo_rand_hi:5": 1.653987, "S2:S_ar:n_lo_rand_hi:6": 2.081644, "S2:S_ar:n_lo_rand_hi:7": 1.495972, "S2:S_ar:n_lo_rand_hi:8": 1.412526, "S2:S_ar:n_lo_rand_hi:9": 1.818077, "S2:S_ar:n_lo_rand_lo:1": 1.546171, "S2:S_ar:n_lo_rand_lo:2": 1.564064, "S2:S_ar:n_lo_rand_lo:3": 0.936129, "S2:S_ar:n_lo_rand_lo:4": 1.986067, "S2:S_ar:n_lo_rand_lo:5": 1.345019, "S2:S_ar:n_lo_rand_lo:7": 1.242034, "S2:S_ar:n_lo_rand_lo:8": 1.478736}}