{
 "headline_k": 5,
 "retrieval_key": "P0 [snr,miss_rate,X_p] 10d",
 "arms": {
  "frozen": {
   "cumulative_regret_mean": 0.36770820423003087,
   "cumulative_regret_range": [
    0.3677082042300308,
    0.3677082042300309
   ],
   "recurrence_gain_mean": 0.0,
   "first_unseen_harm_max_mean": 0.0,
   "override_frac_mean": 0.0,
   "buckets": {
    "in": {
     "n": 2149,
     "mean_adv": 0.0
    },
    "out": {
     "n": 1211,
     "mean_adv": 0.0
    }
   }
  },
  "mem_knn": {
   "cumulative_regret_mean": 0.4207573977093998,
   "cumulative_regret_range": [
    0.3579169904043404,
    0.47935014738916076
   ],
   "recurrence_gain_mean": -0.019509067516169383,
   "first_unseen_harm_max_mean": 0.47138415017495683,
   "override_frac_mean": 0.8417952890823763,
   "buckets": {
    "in": {
     "n": 2149,
     "mean_adv": -0.010165820055820224
    },
    "out": {
     "n": 1211,
     "mean_adv": -0.12325971105234856
    }
   }
  },
  "router_fusion": {
   "cumulative_regret_mean": 0.376411266527635,
   "cumulative_regret_range": [
    0.3349228991933784,
    0.4239008265786799
   ],
   "recurrence_gain_mean": -0.0029286425828838865,
   "first_unseen_harm_max_mean": 0.1889757157842642,
   "override_frac_mean": 0.5803618477351222,
   "buckets": {
    "in": {
     "n": 2149,
     "mean_adv": -0.010165820055820224
    },
    "out": {
     "n": 1211,
     "mean_adv": 0.0
    }
   }
  },
  "failure_veto": {
   "cumulative_regret_mean": 0.376219829113838,
   "cumulative_regret_range": [
    0.34323598179914405,
    0.42753959163673316
   ],
   "recurrence_gain_mean": -0.011223481310501307,
   "first_unseen_harm_max_mean": 0.13311842547560843,
   "override_frac_mean": 0.5821067648030037,
   "buckets": {
    "in": {
     "n": 2149,
     "mean_adv": -0.0009760241641128666
    },
    "out": {
     "n": 1211,
     "mean_adv": -0.018153488972495982
    }
   }
  }
 },
 "sensitivity_k": {
  "3": {
   "frozen": 0.36770820423003087,
   "mem_knn": 0.39332820754253767,
   "router_fusion": 0.36635645503349346,
   "failure_veto": 0.3661610292394899
  },
  "5": {
   "frozen": 0.36770820423003087,
   "mem_knn": 0.4207573977093998,
   "router_fusion": 0.376411266527635,
   "failure_veto": 0.376219829113838
  },
  "10": {
   "frozen": 0.36770820423003087,
   "mem_knn": 0.4191174200402079,
   "router_fusion": 0.3748821788212878,
   "failure_veto": 0.37878843914441906
  }
 },
 "reference_updater_v2": {
  "cumulative_regret_mean": 0.3774866611594008,
  "cumulative_regret_range": [
   0.36078555158552406,
   0.4010871998624057
  ],
  "recurrence_gain_mean": 0.0033495717372485343,
  "first_unseen_harm_max_mean": 0.19771172902414608,
  "override_frac_mean": 0.0
 },
 "pilot_readout": {
  "best_memory_arm": "router_fusion",
  "recurrence_gain": -0.0029286425828838865,
  "prediction_recurrence_positive": false,
  "prediction_in_support_beats_out": false,
  "first_unseen_harm_controlled": false,
  "in_support_adv": -0.010165820055820224,
  "out_support_adv": 0.0
 },
 "config": {
  "seed": 20260705,
  "delta_safe": 0.05,
  "k_values": [
   3,
   5,
   10
  ],
  "k_headline": 5,
  "retrieval_key": "P0 [snr,miss_rate,X_p] 10d",
  "prereg": "Component Plan §13.3",
  "note": "探索性 pilot，非 confirmatory；族标签只用于评估分组；seen=严格过去块，current L_test 只事后计 regret"
 }
}