{
 "comparisons": {
  "dp_abstain_vs_global": {
   "boot_mean": -0.21539725292504108,
   "ci_lo": -0.31135015491160417,
   "ci_hi": -0.11973750507748811,
   "n_boot": 1000
  },
  "dp_abstain_vs_d_lookup": {
   "boot_mean": -0.07181710065922192,
   "ci_lo": -0.1375394203585142,
   "ci_hi": -0.0009904802675080443,
   "n_boot": 1000
  },
  "dp_abstain_vs_d_gbdt": {
   "boot_mean": -0.15747397850507186,
   "ci_lo": -0.2233508414209832,
   "ci_hi": -0.08823586159669905,
   "n_boot": 1000
  },
  "dp_abstain_vs_true_d_gbdt": {
   "boot_mean": -0.11797954294272386,
   "ci_lo": -0.1894516627603581,
   "ci_hi": -0.0496463363038129,
   "n_boot": 1000
  },
  "dp_abstain_vs_dp_gbdt": {
   "boot_mean": 0.028559153577559986,
   "ci_lo": -0.004729084376726556,
   "ci_hi": 0.06617902920723039,
   "n_boot": 1000
  }
 },
 "comparisons_cell_equal": {
  "dp_abstain_vs_global": {
   "boot_mean": -0.2111580743210088,
   "ci_lo": -0.3004199349317795,
   "ci_hi": -0.12489689383012935,
   "n_boot": 1000
  },
  "dp_abstain_vs_d_lookup": {
   "boot_mean": -0.08526578608433223,
   "ci_lo": -0.14849372346689954,
   "ci_hi": -0.019669763218241335,
   "n_boot": 1000
  },
  "dp_abstain_vs_d_gbdt": {
   "boot_mean": -0.1594893607220404,
   "ci_lo": -0.22452210390320101,
   "ci_hi": -0.09677658875700296,
   "n_boot": 1000
  },
  "dp_abstain_vs_true_d_gbdt": {
   "boot_mean": -0.12571018119206004,
   "ci_lo": -0.19116188002743048,
   "ci_hi": -0.0587892007669089,
   "n_boot": 1000
  },
  "dp_abstain_vs_dp_gbdt": {
   "boot_mean": 0.02580875979431156,
   "ci_lo": -0.004688198989185286,
   "ci_hi": 0.06053097910332215,
   "n_boot": 1000
  }
 },
 "arm_regret_boot": {
  "d_gbdt": {
   "boot_mean": 0.4704563835228575,
   "ci_lo": 0.39814015833315314,
   "ci_hi": 0.5521203185781843,
   "n_boot": 1000
  },
  "d_lookup": {
   "boot_mean": 0.38479950567700755,
   "ci_lo": 0.3197653079023323,
   "ci_hi": 0.4556209498096165,
   "n_boot": 1000
  },
  "dp_abstain": {
   "boot_mean": 0.31298240501778557,
   "ci_lo": 0.24776777027837435,
   "ci_hi": 0.3846436459568109,
   "n_boot": 1000
  },
  "dp_gbdt": {
   "boot_mean": 0.2844232514402256,
   "ci_lo": 0.2272312184534573,
   "ci_hi": 0.3507678530520318,
   "n_boot": 1000
  },
  "global": {
   "boot_mean": 0.5283796579428267,
   "ci_lo": 0.4374960043853133,
   "ci_hi": 0.6288872652670553,
   "n_boot": 1000
  },
  "true_d_gbdt": {
   "boot_mean": 0.43096194796050946,
   "ci_lo": 0.36019687344214424,
   "ci_hi": 0.5072781917558487,
   "n_boot": 1000
  }
 },
 "subgroup_dp_delta_q05": {
  "forecast|snrHigh|full|S_both": -0.06677004900685479,
  "forecast|snrHigh|full|S_season": 0.016290005649057547,
  "forecast|snrHigh|full|S_trend": 0.20435982315492915,
  "forecast|snrHigh|miss|S_both": -0.11659425578328858,
  "forecast|snrHigh|miss|S_season": -0.020756697330855202,
  "forecast|snrHigh|miss|S_trend": 0.4437878123372188,
  "forecast|snrLow|full|S_ar": -0.006900204280251901,
  "forecast|snrLow|full|S_both": -0.0202787543437064,
  "forecast|snrLow|full|S_season": -0.0353614502596835,
  "forecast|snrLow|full|S_trend": -0.16448503357177016,
  "forecast|snrLow|miss|S_ar": -0.017169978826033425,
  "forecast|snrLow|miss|S_both": 0.08180888947938118,
  "forecast|snrLow|miss|S_season": 0.0020582438801231176,
  "forecast|snrLow|miss|S_trend": 0.8436242250542815
 },
 "n_boot": 1000,
 "seed": 20260705,
 "k": 5,
 "method": "grouped_full_refit_bootstrap(locked-transfer: 头重拟合、picks 冻结)"
}