{
 "comparisons": {
  "dp_abstain_vs_global": {
   "boot_mean": -0.17864103003935422,
   "ci_lo": -0.27303386193972246,
   "ci_hi": -0.09283509691148571,
   "n_boot": 1000
  },
  "dp_abstain_vs_d_lookup": {
   "boot_mean": -0.14756298207196478,
   "ci_lo": -0.2162462305954492,
   "ci_hi": -0.07452249910136664,
   "n_boot": 1000
  },
  "dp_abstain_vs_d_gbdt": {
   "boot_mean": -0.17766827686965378,
   "ci_lo": -0.24774030896465152,
   "ci_hi": -0.10734063254523224,
   "n_boot": 1000
  },
  "dp_abstain_vs_true_d_gbdt": {
   "boot_mean": -0.13601370275419855,
   "ci_lo": -0.20864594992151797,
   "ci_hi": -0.06093366047454544,
   "n_boot": 1000
  },
  "dp_abstain_vs_dp_gbdt": {
   "boot_mean": 0.03007683886219297,
   "ci_lo": -0.00376826667503132,
   "ci_hi": 0.06721593217005326,
   "n_boot": 1000
  }
 },
 "comparisons_cell_equal": {
  "dp_abstain_vs_global": {
   "boot_mean": -0.17845646752224378,
   "ci_lo": -0.2747327007294265,
   "ci_hi": -0.0906805342370378,
   "n_boot": 1000
  },
  "dp_abstain_vs_d_lookup": {
   "boot_mean": -0.1473167824617107,
   "ci_lo": -0.21616375602614865,
   "ci_hi": -0.07109084906448328,
   "n_boot": 1000
  },
  "dp_abstain_vs_d_gbdt": {
   "boot_mean": -0.177340061724133,
   "ci_lo": -0.24964350570273705,
   "ci_hi": -0.10868651787471324,
   "n_boot": 1000
  },
  "dp_abstain_vs_true_d_gbdt": {
   "boot_mean": -0.13569432827908823,
   "ci_lo": -0.2077426328292318,
   "ci_hi": -0.061455910552577,
   "n_boot": 1000
  },
  "dp_abstain_vs_dp_gbdt": {
   "boot_mean": 0.03008604452328783,
   "ci_lo": -0.0034549994412863827,
   "ci_hi": 0.06755328338257666,
   "n_boot": 1000
  }
 },
 "arm_regret_boot": {
  "d_gbdt": {
   "boot_mean": 0.46837451690977966,
   "ci_lo": 0.39442668790948626,
   "ci_hi": 0.5483746158415275,
   "n_boot": 1000
  },
  "d_lookup": {
   "boot_mean": 0.4382692221120907,
   "ci_lo": 0.36909349956856885,
   "ci_hi": 0.5209534518327112,
   "n_boot": 1000
  },
  "dp_abstain": {
   "boot_mean": 0.2907062400401259,
   "ci_lo": 0.23082132606507444,
   "ci_hi": 0.35977808392520555,
   "n_boot": 1000
  },
  "dp_gbdt": {
   "boot_mean": 0.260629401177933,
   "ci_lo": 0.2061366985235998,
   "ci_hi": 0.325093032519504,
   "n_boot": 1000
  },
  "global": {
   "boot_mean": 0.46934727007948013,
   "ci_lo": 0.38733653236490334,
   "ci_hi": 0.565742275469285,
   "n_boot": 1000
  },
  "true_d_gbdt": {
   "boot_mean": 0.4267199427943245,
   "ci_lo": 0.3516269234353693,
   "ci_hi": 0.5062922160364929,
   "n_boot": 1000
  }
 },
 "subgroup_dp_delta_q05": {
  "forecast|snrHigh|full|S_both": -0.06523469437797273,
  "forecast|snrHigh|full|S_season": 0.015541450837562169,
  "forecast|snrHigh|full|S_trend": 0.211923503614053,
  "forecast|snrHigh|miss|S_both": -0.11595552861332815,
  "forecast|snrHigh|miss|S_season": -0.016446238639732994,
  "forecast|snrHigh|miss|S_trend": 0.42261903208074214,
  "forecast|snrLow|full|S_both": -0.030780998598487937,
  "forecast|snrLow|full|S_season": -0.03927142189547941,
  "forecast|snrLow|full|S_trend": -0.41049129189046607,
  "forecast|snrLow|miss|S_both": -0.0029395230935330982,
  "forecast|snrLow|miss|S_season": -0.020576753612201806,
  "forecast|snrLow|miss|S_trend": 1.1711837980923199
 },
 "n_boot": 1000,
 "seed": 20260705,
 "k": 5,
 "method": "grouped_full_refit_bootstrap(locked-transfer: 头重拟合、picks 冻结)"
}