{
 "n": 480,
 "scope": "primary_no_Sar",
 "arm_summary": {
  "d_gbdt": {
   "mean_loss": 1.5656145641640873,
   "mean_regret": 0.4515606455454499,
   "worst_group_mean": -0.37071396719217214,
   "worst_group_lcb": -0.4768973870687798,
   "abstain_rate": 0.0,
   "subgroups": {
    "forecast|snrHigh|full|S_both": {
     "n": 40,
     "mean": -0.029442112129508112,
     "lcb": -0.0832002538787543
    },
    "forecast|snrHigh|full|S_season": {
     "n": 40,
     "mean": -0.00914757438206291,
     "lcb": -0.02072091172716621
    },
    "forecast|snrHigh|full|S_trend": {
     "n": 40,
     "mean": 0.35855982821767335,
     "lcb": 0.12970642316934236
    },
    "forecast|snrHigh|miss|S_both": {
     "n": 40,
     "mean": -0.0440599526112571,
     "lcb": -0.0900190222539461
    },
    "forecast|snrHigh|miss|S_season": {
     "n": 40,
     "mean": -0.18382537398774146,
     "lcb": -0.26573579751378146
    },
    "forecast|snrHigh|miss|S_trend": {
     "n": 40,
     "mean": 0.011312758601528205,
     "lcb": -0.2126978618871926
    },
    "forecast|snrLow|full|S_both": {
     "n": 40,
     "mean": 0.09780894023219795,
     "lcb": 0.013597764023061051
    },
    "forecast|snrLow|full|S_season": {
     "n": 40,
     "mean": -0.19244871787186005,
     "lcb": -0.2708131887098073
    },
    "forecast|snrLow|full|S_trend": {
     "n": 40,
     "mean": 0.21714167580803903,
     "lcb": -0.32989133724046193
    },
    "forecast|snrLow|miss|S_both": {
     "n": 40,
     "mean": 0.06625973223017348,
     "lcb": -0.026877241650892003
    },
    "forecast|snrLow|miss|S_season": {
     "n": 40,
     "mean": -0.37071396719217214,
     "lcb": -0.4768973870687798
    },
    "forecast|snrLow|miss|S_trend": {
     "n": 40,
     "mean": 1.173623307943838,
     "lcb": 0.6341716665781904
    }
   }
  },
  "d_lookup": {
   "mean_loss": 1.5457150966615785,
   "mean_regret": 0.43166117804294074,
   "worst_group_mean": -0.899878093355181,
   "worst_group_lcb": -0.950642472193936,
   "abstain_rate": 0.0,
   "subgroups": {
    "forecast|snrHigh|full|S_both": {
     "n": 40,
     "mean": 0.05046905305992553,
     "lcb": 0.020329906627201445
    },
    "forecast|snrHigh|full|S_season": {
     "n": 40,
     "mean": -0.09177558227895581,
     "lcb": -0.1017122130911643
    },
    "forecast|snrHigh|full|S_trend": {
     "n": 40,
     "mean": 0.0980338942660082,
     "lcb": -0.02366752993858051
    },
    "forecast|snrHigh|miss|S_both": {
     "n": 40,
     "mean": 0.014560289155766251,
     "lcb": -0.022154368472415857
    },
    "forecast|snrHigh|miss|S_season": {
     "n": 40,
     "mean": -0.07674311222036732,
     "lcb": -0.11945116439908296
    },
    "forecast|snrHigh|miss|S_trend": {
     "n": 40,
     "mean": 0.0576509021991059,
     "lcb": -0.07503141992920392
    },
    "forecast|snrLow|full|S_both": {
     "n": 40,
     "mean": 0.15929909884686044,
     "lcb": 0.05402083123526116
    },
    "forecast|snrLow|full|S_season": {
     "n": 40,
     "mean": -0.6429421355342047,
     "lcb": -0.7401059687634826
    },
    "forecast|snrLow|full|S_trend": {
     "n": 40,
     "mean": 0.5935477124978684,
     "lcb": 0.01679612696510202
    },
    "forecast|snrLow|miss|S_both": {
     "n": 40,
     "mean": 0.06845977085718394,
     "lcb": -0.023995773181976654
    },
    "forecast|snrLow|miss|S_season": {
     "n": 40,
     "mean": -0.899878093355181,
     "lcb": -0.950642472193936
    },
    "forecast|snrLow|miss|S_trend": {
     "n": 40,
     "mean": 2.0031803573949474,
     "lcb": 1.5742656493948917
    }
   }
  },
  "dp_abstain": {
   "mean_loss": 1.3880594599362928,
   "mean_regret": 0.27400554131765514,
   "worst_group_mean": -0.051749138171306955,
   "worst_group_lcb": -0.30666082887504126,
   "abstain_rate": 0.17708333333333334,
   "subgroups": {
    "forecast|snrHigh|full|S_both": {
     "n": 40,
     "mean": -0.02131899495769514,
     "lcb": -0.0642224395882372
    },
    "forecast|snrHigh|full|S_season": {
     "n": 40,
     "mean": 0.030377542367345096,
     "lcb": 0.020018359480413493
    },
    "forecast|snrHigh|full|S_trend": {
     "n": 40,
     "mean": 0.4760261654241645,
     "lcb": 0.269047515979065
    },
    "forecast|snrHigh|miss|S_both": {
     "n": 40,
     "mean": -0.051749138171306955,
     "lcb": -0.11181034400169293
    },
    "forecast|snrHigh|miss|S_season": {
     "n": 40,
     "mean": 0.03623210085093427,
     "lcb": -0.026471373213703367
    },
    "forecast|snrHigh|miss|S_trend": {
     "n": 40,
     "mean": 0.6599528854394716,
     "lcb": 0.4648991475886834
    },
    "forecast|snrLow|full|S_both": {
     "n": 40,
     "mean": 0.03140763892656602,
     "lcb": -0.02162672029495946
    },
    "forecast|snrLow|full|S_season": {
     "n": 40,
     "mean": 0.023898959359699868,
     "lcb": -0.026415971908790203
    },
    "forecast|snrLow|full|S_trend": {
     "n": 40,
     "mean": 0.2145591618636386,
     "lcb": -0.30666082887504126
    },
    "forecast|snrLow|miss|S_both": {
     "n": 40,
     "mean": 0.05215932365083938,
     "lcb": -0.007576189509634214
    },
    "forecast|snrLow|miss|S_season": {
     "n": 40,
     "mean": 0.02339099653747827,
     "lcb": -0.010597478159827343
    },
    "forecast|snrLow|miss|S_trend": {
     "n": 40,
     "mean": 1.7507931543012494,
     "lcb": 1.3069478652802056
    }
   }
  },
  "dp_gbdt": {
   "mean_loss": 1.3600643648970185,
   "mean_regret": 0.24601044627838095,
   "worst_group_mean": -0.07001527747399719,
   "worst_group_lcb": -0.2002781988471959,
   "abstain_rate": 0.0,
   "subgroups": {
    "forecast|snrHigh|full|S_both": {
     "n": 40,
     "mean": -0.0029191069099032685,
     "lcb": -0.048086172961000845
    },
    "forecast|snrHigh|full|S_season": {
     "n": 40,
     "mean": 0.04124979732700716,
     "lcb": 0.028906313284675716
    },
    "forecast|snrHigh|full|S_trend": {
     "n": 40,
     "mean": 0.5056384699893451,
     "lcb": 0.300933590729067
    },
    "forecast|snrHigh|miss|S_both": {
     "n": 40,
     "mean": -0.07001527747399719,
     "lcb": -0.14387040188920408
    },
    "forecast|snrHigh|miss|S_season": {
     "n": 40,
     "mean": 0.04547673781375658,
     "lcb": -0.020895319835937592
    },
    "forecast|snrHigh|miss|S_trend": {
     "n": 40,
     "mean": 0.6504394943528318,
     "lcb": 0.41091395227582506
    },
    "forecast|snrLow|full|S_both": {
     "n": 40,
     "mean": -0.02445561382108718,
     "lcb": -0.09189249722719439
    },
    "forecast|snrLow|full|S_season": {
     "n": 40,
     "mean": 0.048009143864163537,
     "lcb": -0.008184639410907898
    },
    "forecast|snrLow|full|S_trend": {
     "n": 40,
     "mean": 0.3567535443382266,
     "lcb": -0.2002781988471959
    },
    "forecast|snrLow|miss|S_both": {
     "n": 40,
     "mean": 0.11936234249338618,
     "lcb": 0.031690966785443225
    },
    "forecast|snrLow|miss|S_season": {
     "n": 40,
     "mean": 0.018059191406571678,
     "lcb": -0.01501789757397819
    },
    "forecast|snrLow|miss|S_trend": {
     "n": 40,
     "mean": 1.8740722126833738,
     "lcb": 1.4443846986721034
    }
   }
  },
  "global": {
   "mean_loss": 1.5687699627472356,
   "mean_regret": 0.45471604412859806,
   "worst_group_mean": -0.11305668335927313,
   "worst_group_lcb": -0.3929853979542167,
   "abstain_rate": 0.0,
   "subgroups": {
    "forecast|snrHigh|full|S_both": {
     "n": 40,
     "mean": 0.05046905305992553,
     "lcb": 0.020329906627201445
    },
    "forecast|snrHigh|full|S_season": {
     "n": 40,
     "mean": -0.09177558227895581,
     "lcb": -0.1017122130911643
    },
    "forecast|snrHigh|full|S_trend": {
     "n": 40,
     "mean": 0.0980338942660082,
     "lcb": -0.02366752993858051
    },
    "forecast|snrHigh|miss|S_both": {
     "n": 40,
     "mean": 0.014560289155766251,
     "lcb": -0.022154368472415857
    },
    "forecast|snrHigh|miss|S_season": {
     "n": 40,
     "mean": -0.07674311222036732,
     "lcb": -0.11945116439908296
    },
    "forecast|snrHigh|miss|S_trend": {
     "n": 40,
     "mean": 0.0576509021991059,