{
 "scope": "primary_no_Sar",
 "smoke_dev": false,
 "n": 480,
 "policies": [
  "dp_abstain",
  "global",
  "d_lookup"
 ],
 "provenance": {
  "numpy": "2.2.6",
  "sklearn": "1.7.2",
  "dlinear": "evaluators._torch_models.DLinear(L_WIN,H) epochs=120",
  "L_WIN": 48,
  "H_FORECAST": 48,
  "torch": "2.12.0+cu126",
  "chronos_model": "amazon/chronos-bolt-small",
  "chronos_forecasting": "2.3.0"
 },
 "dlinear_seed_spread": {
  "dp_abstain": {
   "per_seed_batch_perf": [
    0.22909875051663892,
    0.239254162485918,
    0.18372263487149723,
    0.15944558789493357,
    0.1852356364412567
   ],
   "batch_perf_std": 0.030043708948164504
  },
  "global": {
   "per_seed_batch_perf": [
    0.2476235502513452,
    0.2612455352060668,
    0.21856418707413705,
    0.16715539317410152,
    0.21508975336422598
   ],
   "batch_perf_std": 0.03244763441347014
  },
  "d_lookup": {
   "per_seed_batch_perf": [
    0.2016412480699485,
    0.29572675508461155,
    0.2680820020700227,
    0.11209322648550694,
    0.2516117424335275
   ],
   "batch_perf_std": 0.064585812153544
  }
 },
 "reporters": {
  "dlinear_scratch": {
   "perf": {
    "dp_abstain": 0.1970953540741592,
    "global": 0.21939765832509678,
    "d_lookup": 0.21419512669456847
   },
   "comparisons": {
    "dp_abstain_vs_global": {
     "nrmse_diff_ci": {
      "mean": 0.10719823223277831,
      "ci_lo": 0.06333288718782147,
      "ci_hi": 0.1507940614542057,
      "n": 480
     },
     "direction_ok": false,
     "significant_reversal": true
    },
    "dp_abstain_vs_d_lookup": {
     "nrmse_diff_ci": {
      "mean": 0.08319976409619842,
      "ci_lo": 0.023146282522451368,
      "ci_hi": 0.14451024732578005,
      "n": 480
     },
     "direction_ok": false,
     "significant_reversal": true
    }
   },
   "subgroup_direction": {
    "S_season_vs_global": {
     "mean_nrmse_diff": -0.03544441597342979,
     "dp_better": true,
     "n": 160
    },
    "S_trend_vs_global": {
     "mean_nrmse_diff": 0.21354368072566002,
     "dp_better": false,
     "n": 160
    },
    "S_season_vs_d_lookup": {
     "mean_nrmse_diff": -0.3652060524712774,
     "dp_better": true,
     "n": 160
    },
    "S_trend_vs_d_lookup": {
     "mean_nrmse_diff": 0.5804298490877534,
     "dp_better": false,
     "n": 160
    }
   }
  },
  "chronos": {
   "perf": {
    "dp_abstain": 0.29135369611959777,
    "global": 0.3020244624641157,
    "d_lookup": 0.25042891650640337
   },
   "comparisons": {
    "dp_abstain_vs_global": {
     "nrmse_diff_ci": {
      "mean": 0.035970035938994324,
      "ci_lo": -0.060375478107747495,
      "ci_hi": 0.12962649619150177,
      "n": 480
     },
     "direction_ok": false,
     "significant_reversal": false
    },
    "dp_abstain_vs_d_lookup": {
     "nrmse_diff_ci": {
      "mean": -0.15136286587813383,
      "ci_lo": -0.2239572479085507,
      "ci_hi": -0.07353884528669251,
      "n": 480
     },
     "direction_ok": true,
     "significant_reversal": false
    }
   },
   "subgroup_direction": {
    "S_season_vs_global": {
     "mean_nrmse_diff": -0.12537728362593434,
     "dp_better": true,
     "n": 160
    },
    "S_trend_vs_global": {
     "mean_nrmse_diff": 0.1283599617283862,
     "dp_better": false,
     "n": 160
    },
    "S_season_vs_d_lookup": {
     "mean_nrmse_diff": -0.5152052045571734,
     "dp_better": true,
     "n": 160
    },
    "S_trend_vs_d_lookup": {
     "mean_nrmse_diff": 0.11152719644339518,
     "dp_better": false,
     "n": 160
    }
   }
  }
 },
 "gate": {
  "passed": false,
  "directions_ok": [
   false,
   false,
   false,
   true
  ],
  "significant_reversals": [
   true,
   true,
   false,
   false
  ],
  "rule": "两报告器 perf(dp)>perf(global)∧>perf(d_lookup) 且无显著反向（freeze C6）"
 }
}