{
  "cells": {
    "forecast|snrHigh|full": {
      "uids": 88,
      "n_rows": 88,
      "col_mean_nrmse": {
        "v_none": 1.9103938447035589,
        "v_median": 1.3642424515871938,
        "v_savgol": 1.8287389127901847,
        "v_stl": 1.837262930073675,
        "v_winsor": 1.8953711977243386,
        "v_winsor_savgol": 1.7680221532413534
      },
      "point_top1": "v_median",
      "point_top2": "v_winsor_savgol",
      "svd": {
        "first_sv_var_ratio": 0.6228148301782319,
        "second_sv_var_ratio": 0.2100403821456468,
        "effective_rank": 2.244758496458316,
        "recon_err_rank1": 0.3771851698217681,
        "recon_err_rank2": 0.1671447876761213,
        "sv_var_ratios": [
          0.6228148301782319,
          0.2100403821456468,
          0.10509342041032745,
          0.04679167238589745,
          0.015259694879896271
        ],
        "first_sv_ci": [
          0.48189931617867154,
          0.7811089420069355
        ]
      },
      "near_tie_frac": 0.22727272727272727,
      "pattern": {
        "n_origins": 3,
        "deg_router_nrmse": 1.3642424515871938,
        "struct_oracle_nrmse_UPPER_BOUND": 1.3599631484626855,
        "gap_pat_upper_bound": 0.004279303124508305,
        "perm_p_plain": 0.000999000999000999,
        "perm_p_snr_stratified": 0.002997002997002997,
        "interaction_var_ratio": 0.21208592068108698,
        "snr_by_origin": {
          "S_both": 9.295593101585867,
          "S_season": 7.0138606935961265,
          "S_trend": 9.11768617786147
        },
        "per_struct_winner": {
          "S_both": "v_median",
          "S_season": "v_winsor",
          "S_trend": "v_median"
        },
        "d12c_pass_stratified": true
      },
      "good_definedness": {
        "point_top1": "v_median",
        "win_rate": 0.998,
        "gap_point": 0.40452551379147,
        "gap_ci": [
          0.24468426979754457,
          0.5860588229485942
        ],
        "well_defined": true
      }
    },
    "forecast|snrHigh|miss": {
      "uids": 78,
      "n_rows": 78,
      "col_mean_nrmse": {
        "v_none": 1.5874145513980107,
        "v_median": 1.122796288706998,
        "v_savgol": 1.4836893484565254,
        "v_stl": 1.544797118100672,
        "v_winsor": 1.5348123376172174,
        "v_winsor_savgol": 1.399393111995737
      },
      "point_top1": "v_median",
      "point_top2": "v_winsor_savgol",
      "svd": {
        "first_sv_var_ratio": 0.5595095890197224,
        "second_sv_var_ratio": 0.23140417328904944,
        "effective_rank": 2.5170758164434295,
        "recon_err_rank1": 0.44049041098027764,
        "recon_err_rank2": 0.20908623769122825,
        "sv_var_ratios": [
          0.5595095890197224,
          0.23140417328904944,
          0.17285581796798227,
          0.026835216527195054,
          0.00939520319605082
        ],
        "first_sv_ci": [
          0.43966040759412206,
          0.7650592756610342
        ]
      },
      "near_tie_frac": 0.24358974358974358,
      "pattern": {
        "n_origins": 3,
        "deg_router_nrmse": 1.122796288706998,
        "struct_oracle_nrmse_UPPER_BOUND": 1.1183877139335061,
        "gap_pat_upper_bound": 0.00440857477349188,
        "perm_p_plain": 0.07292707292707293,
        "perm_p_snr_stratified": 0.2517482517482518,
        "interaction_var_ratio": 0.12642264436199963,
        "snr_by_origin": {
          "S_both": 9.406898815286324,
          "S_season": 5.924068244455018,
          "S_trend": 9.50171923951094
        },
        "per_struct_winner": {
          "S_both": "v_median",
          "S_season": "v_stl",
          "S_trend": "v_median"
        },
        "d12c_pass_stratified": false
      },
      "good_definedness": {
        "point_top1": "v_median",
        "win_rate": 0.982,
        "gap_point": 0.26202932187711475,
        "gap_ci": [
          0.033748498689886254,
          0.5003920784183767
        ],
        "well_defined": true
      }
    },
    "forecast|snrLow|full": {
      "uids": 72,
      "n_rows": 72,
      "col_mean_nrmse": {
        "v_none": 1.799871698832758,
        "v_median": 1.7060389861663177,
        "v_savgol": 1.786261662104891,
        "v_stl": 1.5406060076240142,
        "v_winsor": 1.7279667352852526,
        "v_winsor_savgol": 1.6888187984899725
      },
      "point_top1": "v_stl",
      "point_top2": "v_winsor_savgol",
      "svd": {
        "first_sv_var_ratio": 0.7014529332290959,
        "second_sv_var_ratio": 0.15344621852599877,
        "effective_rank": 1.8959227459664265,
        "recon_err_rank1": 0.29854706677090415,
        "recon_err_rank2": 0.14510084824490532,
        "sv_var_ratios": [
          0.7014529332290959,
          0.15344621852599877,
          0.10301871709034595,
          0.03459435199332335,
          0.007487779161236012
        ],
        "first_sv_ci": [
          0.44887332920344836,
          0.9177767441924493
        ]
      },
      "near_tie_frac": 0.4166666666666667,
      "pattern": {
        "n_origins": 4,
        "deg_router_nrmse": 1.5406060076240142,
        "struct_oracle_nrmse_UPPER_BOUND": 1.5207457144963332,
        "gap_pat_upper_bound": 0.019860293127681006,
        "perm_p_plain": 0.000999000999000999,
        "perm_p_snr_stratified": 0.000999000999000999,
        "interaction_var_ratio": 0.5714962155397245,
        "snr_by_origin": {
          "S_ar": -6.846402047931977,
          "S_both": 3.3086343885752,
          "S_season": 2.6503512346179074,
          "S_trend": 3.6049909622811165
        },
        "per_struct_winner": {
          "S_ar": "v_median",
          "S_both": "v_stl",
          "S_season": "v_stl",
          "S_trend": "v_stl"
        },
        "d12c_pass_stratified": true
      },
      "good_definedness": {
        "point_top1": "v_stl",
        "win_rate": 0.937,
        "gap_point": 0.13256679253996953,
        "gap_ci": [
          -0.0011297092749621746,
          0.2934170110113812
        ],
        "well_defined": false
      }
    },
    "forecast|snrLow|miss": {
      "uids": 82,
      "n_rows": 82,
      "col_mean_nrmse": {
        "v_none": 1.797618826618402,
        "v_median": 1.708897216930873,
        "v_savgol": 1.8906781584156491,
        "v_stl": 1.6751562025592197,
        "v_winsor": 1.8036485422262745,
        "v_winsor_savgol": 1.7893312903061989
      },
      "point_top1": "v_stl",
      "point_top2": "v_median",
      "svd": {
        "first_sv_var_ratio": 0.5811555860931271,
        "second_sv_var_ratio": 0.2342174851509393,
        "effective_rank": 2.4322687850204794,
        "recon_err_rank1": 0.4188444139068729,
        "recon_err_rank2": 0.18462692875593356,
        "sv_var_ratios": [
          0.5811555860931271,
          0.2342174851509393,
          0.12581200547463256,
          0.05155320034428352,
          0.007261722937017631
        ],
        "first_sv_ci": [
          0.43465820414879797,
          0.8367194916194806
        ]
      },
      "near_tie_frac": 0.35365853658536583,
      "pattern": {
        "n_origins": 4,
        "deg_router_nrmse": 1.6751562025592197,
        "struct_oracle_nrmse_UPPER_BOUND": 1.6545589162202754,
        "gap_pat_upper_bound": 0.02059728633894431,
        "perm_p_plain": 0.2087912087912088,
        "perm_p_snr_stratified": 0.2897102897102897,
        "interaction_var_ratio": 0.31011989786822935,
        "snr_by_origin": {
          "S_ar": -6.49693358445546,
          "S_both": 3.4007508892730893,
          "S_season": 2.0796499233220143,
          "S_trend": 3.7360318898518274
        },
        "per_struct_winner": {
          "S_ar": "v_winsor",
          "S_both": "v_stl",
          "S_season": "v_stl",
          "S_trend": "v_median"
        },
        "d12c_pass_stratified": false
      },
      "good_definedness": {
        "point_top1": "v_stl",
        "win_rate": 0.734,
        "gap_point": 0.04867785657280912,
        "gap_ci": [
          -0.13675657705360933,
          0.22694842281686833
        ],