{
 "arms": {
  "pa_gbdt": {
   "mean_regret": 0.19595786531085524,
   "abstain_rate": 0.0,
   "worst_group_lcb": -0.11042531195425542,
   "worst_group_mean": -0.012767716265399775,
   "regret_by_origin": {
    "S_both": 0.15763361575348314,
    "S_season": 0.05930325033329091,
    "S_trend": 0.3709367298457916
   }
  },
  "pa_abstain_std": {
   "mean_regret": 0.19870569792891954,
   "abstain_rate": 0.20208333333333334,
   "worst_group_lcb": -0.09136018509978011,
   "worst_group_mean": -0.04955472621391189,
   "regret_by_origin": {
    "S_both": 0.16627528406889897,
    "S_season": 0.07341672365975427,
    "S_trend": 0.3564250860581054
   }
  },
  "pa_abstain_cgate": {
   "mean_regret": 0.19377405592842448,
   "abstain_rate": 0.008333333333333333,
   "worst_group_lcb": -0.07558050843712953,
   "worst_group_mean": -0.021981012821774493,
   "regret_by_origin": {
    "S_both": 0.16452318770256208,
    "S_season": 0.06566545928344372,
    "S_trend": 0.3511335207992676
   }
  },
  "sq": {
   "mean_regret": 0.16380956793877108,
   "abstain_rate": 0.0,
   "worst_group_lcb": -0.07081689583439106,
   "worst_group_mean": -0.025033401013638067,
   "regret_by_origin": {
    "S_both": 0.13378027634517164,
    "S_season": 0.05865967597093365,
    "S_trend": 0.2989887515002079
   }
  },
  "sq_rank": {
   "mean_regret": 0.17735354732695885,
   "abstain_rate": 0.0,
   "worst_group_lcb": -0.02486669650243324,
   "worst_group_mean": 0.014910744758909652,
   "regret_by_origin": {
    "S_both": 0.10872882158672204,
    "S_season": 0.052485744925638775,
    "S_trend": 0.3708460754685157
   }
  },
  "sq_abstain_std": {
   "mean_regret": 0.17628998899901055,
   "abstain_rate": 0.18541666666666667,
   "worst_group_lcb": -0.04352846939414251,
   "worst_group_mean": -0.011757700723470606,
   "regret_by_origin": {
    "S_both": 0.13121818787089506,
    "S_season": 0.0681342392867346,
    "S_trend": 0.329517539839402
   }
  },
  "sq_abstain_kcv": {
   "mean_regret": 0.16210021832561405,
   "abstain_rate": 0.09375,
   "worst_group_lcb": -0.07056576886259266,
   "worst_group_mean": -0.03055478052813409,
   "regret_by_origin": {
    "S_both": 0.12698170667480058,
    "S_season": 0.060330196801833644,
    "S_trend": 0.2989887515002079
   }
  },
  "sq_abstain_cgate": {
   "mean_regret": 0.16380956793877108,
   "abstain_rate": 0.0,
   "worst_group_lcb": -0.07081689583439106,
   "worst_group_mean": -0.025033401013638067,
   "regret_by_origin": {
    "S_both": 0.13378027634517164,
    "S_season": 0.05865967597093365,
    "S_trend": 0.2989887515002079
   }
  }
 },
 "comparisons": {
  "pa_abstain_std_vs_pa_gbdt": {
   "mean": 0.002747832618064321,
   "ci_lo": -0.017228877476850674,
   "ci_hi": 0.021753607354781,
   "frac_positive": 0.6315,
   "n": 480,
   "n_boot": 2000
  },
  "pa_abstain_cgate_vs_pa_gbdt": {
   "mean": -0.0021838093824307586,
   "ci_lo": -0.021512246705252543,
   "ci_hi": 0.015728087151170397,
   "frac_positive": 0.43,
   "n": 480,
   "n_boot": 2000
  },
  "sq_vs_pa_gbdt": {
   "mean": -0.032148297372084154,
   "ci_lo": -0.06932457900816844,
   "ci_hi": -0.002084108185243625,
   "frac_positive": 0.017,
   "n": 480,
   "n_boot": 2000
  },
  "sq_rank_vs_pa_gbdt": {
   "mean": -0.01860431798389638,
   "ci_lo": -0.055438343049799596,
   "ci_hi": 0.015013604901231334,
   "frac_positive": 0.142,
   "n": 480,
   "n_boot": 2000
  },
  "sq_abstain_std_vs_pa_gbdt": {
   "mean": -0.019667876311844676,
   "ci_lo": -0.06200044755599496,
   "ci_hi": 0.02029441002569653,
   "frac_positive": 0.169,
   "n": 480,
   "n_boot": 2000
  },
  "sq_abstain_kcv_vs_pa_gbdt": {
   "mean": -0.033857646985241185,
   "ci_lo": -0.07116201087539242,
   "ci_hi": -0.003639859119979813,
   "frac_positive": 0.013,
   "n": 480,
   "n_boot": 2000
  },
  "sq_abstain_cgate_vs_pa_gbdt": {
   "mean": -0.032148297372084154,
   "ci_lo": -0.06932457900816844,
   "ci_hi": -0.002084108185243625,
   "frac_positive": 0.017,
   "n": 480,
   "n_boot": 2000
  }
 },
 "unseen_dosage": {
  "sq_low15": {
   "mean_regret": 0.1765530431589592,
   "regret_w15_oracle_subset": 0.42428470294580967,
   "picked_w15_rate_on_subset": 0.13513513513513514,
   "n_w15_oracle": 37
  },
  "pa_low15": {
   "mean_regret": 0.1863780703635225,
   "regret_w15_oracle_subset": 0.5320745164672873,
   "picked_w15_rate_on_subset": 0.0,
   "n_w15_oracle": 37
  },
  "sq_vs_pa_low15_ci": {
   "mean": -0.009825027204563288,
   "ci_lo": -0.035421182575721126,
   "ci_hi": 0.015697011579960025,
   "frac_positive": 0.214,
   "n": 480,
   "n_boot": 2000
  }
 },
 "kcv_log": [
  {
   "fold": "armin0",
   "kappa_star": 0.5,
   "grid": {
    "0.5": 0.16030331282747204,
    "1.0": 0.1654048634853603,
    "1.5": 0.17451485340158912,
    "2.0": 0.1908153472388978
   }
  },
  {
   "fold": "armin1",
   "kappa_star": 0.5,
   "grid": {
    "0.5": 0.1761719261907081,
    "1.0": 0.17740351744153984,
    "1.5": 0.18615275884628552,
    "2.0": 0.1871668444080878
   }
  },
  {
   "fold": "armin2",
   "kappa_star": 0.5,
   "grid": {
    "0.5": 0.1576303847149482,
    "1.0": 0.18042698198382295,
    "1.5": 0.19017794571527383,
    "2.0": 0.21798497602943898
   }
  },
  {
   "fold": "armin3",
   "kappa_star": 0.5,
   "grid": {
    "0.5": 0.18627475848104613,
    "1.0": 0.18741749629765547,
    "1.5": 0.2137328076195715,
    "2.0": 0.22170057681253033
   }
  },
  {
   "fold": "armin4",
   "kappa_star": 0.5,
   "grid": {
    "0.5": 0.1640915833982311,
    "1.0": 0.17318660769859626,
    "1.5": 0.17621808524213117,
    "2.0": 0.20037889931797342
   }
  }
 ],
 "caveat": "发现集乐观性：本表跑在发现 D1/D3 的同一批 dev records 上（修复方案盯着这批数据的失败设计）——幅度天然乐观。仅作设计级判定（P1a 特征集是否进 Router 轮）；引用级数字须在 S2 dev 语料上复制。",
 "prereg": "results/Stage2/prereg_s2_replication.md §3"
}