{
  "config": {
    "base_pool": [
      "v_none",
      "v_median",
      "v_savgol",
      "v_stl",
      "v_wavelet",
      "v_winsor",
      "v_winsor_savgol"
    ],
    "f0_grid": [
      [
        "f0_median_w9",
        "denoise_median",
        9
      ],
      [
        "f0_median_w15",
        "denoise_median",
        15
      ],
      [
        "f0_median_w25",
        "denoise_median",
        25
      ],
      [
        "f0_savgol_w21",
        "denoise_savgol",
        21
      ],
      [
        "f0_savgol_w31",
        "denoise_savgol",
        31
      ],
      [
        "f0_ma_w9",
        "smooth_ma",
        9
      ],
      [
        "f0_ma_w15",
        "smooth_ma",
        15
      ],
      [
        "f0_ma_w25",
        "smooth_ma",
        25
      ]
    ],
    "outer_k": 5,
    "inner_k": 4,
    "n_boot": 100,
    "seed": 20260703,
    "cell_filter": [
      "forecast|snrHigh|full",
      "forecast|snrHigh|miss",
      "forecast|snrLow|miss"
    ],
    "note": "E-3.3 Family 0 剂量扫描 (exploratory); base=operator_pool_v2.1; Δ_supply=nested held-out; 正式 CI=full-refit group bootstrap (A-33c); confirmatory seeds 20-39 未开; per-cell n_boot 见各 cell delta_supply_grouped.n_boot"
  },
  "cells": {
    "forecast|snrLow|full": {
      "uids": 72,
      "point_col_mean": {
        "v_none": 1.799871698832758,
        "v_median": 1.682336398951411,
        "v_savgol": 1.786261662104891,
        "v_stl": 1.76164143987822,
        "v_wavelet": 1.791327367289039,
        "v_winsor": 1.7279667352852526,
        "v_winsor_savgol": 1.6888187984899725,
        "f0_median_w9": 1.645874902823306,
        "f0_median_w15": 1.6253335678485652,
        "f0_median_w25": 1.4897003311934907,
        "f0_savgol_w21": 1.7623279754764907,
        "f0_savgol_w31": 1.9004853570546179,
        "f0_ma_w9": 1.7023881748513898,
        "f0_ma_w15": 1.6467976310937094,
        "f0_ma_w25": 1.5507704342880655
      },
      "base_best_action": "v_median",
      "base_best_point": 1.682336398951411,
      "f0_beats_base_point": [
        "f0_median_w25",
        "f0_ma_w25",
        "f0_median_w15",
        "f0_median_w9",
        "f0_ma_w15"
      ],
      "delta_supply_grouped": {
        "delta_mean": 0.1581277335572184,
        "ci_lo": -0.10862840811658861,
        "ci_hi": 0.5772893589521306,
        "median": 0.14791287896773309,
        "loss_base": 1.7497347241579326,
        "loss_expanded": 1.591606990600714,
        "frac_boot_positive": 0.7366666666666667,
        "expanded_pick_freq": {
          "f0_ma_w15": 0.01,
          "f0_ma_w25": 0.23066666666666666,
          "f0_ma_w9": 0.002,
          "f0_median_w15": 0.013333333333333334,
          "f0_median_w25": 0.5926666666666667,
          "f0_median_w9": 0.022,
          "v_median": 0.11133333333333334,
          "v_stl": 0.0033333333333333335,
          "v_winsor": 0.002,
          "v_winsor_savgol": 0.012666666666666666
        },
        "n_boot": 300
      },
      "delta_supply_single": {
        "delta_mean": 0.20552749730151806,
        "ci_lo": 0.007623860539652641,
        "ci_hi": 0.486613986656618
      },
      "expanded_pick_deterministic": [
        "f0_median_w25",
        "f0_median_w25",
        "f0_median_w25",
        "f0_median_w25",
        "f0_median_w25"
      ]
    },
    "forecast|snrHigh|full": {
      "uids": 88,
      "point_col_mean": {
        "v_none": 1.9103938447035589,
        "v_median": 1.014631488990703,
        "v_savgol": 1.8287389127901847,
        "v_stl": 1.7459370868270396,
        "v_wavelet": 1.9008679837886435,
        "v_winsor": 1.8953711977243386,
        "v_winsor_savgol": 1.7680221532413534,
        "f0_median_w9": 0.967002477534393,
        "f0_median_w15": 1.022579003036466,
        "f0_median_w25": 1.1691568939797283,
        "f0_savgol_w21": 1.9330867132464278,
        "f0_savgol_w31": 2.012845183715709,
        "f0_ma_w9": 1.667322843031142,
        "f0_ma_w15": 1.6935010728613413,
        "f0_ma_w25": 1.5744767513813536
      },
      "base_best_action": "v_median",
      "base_best_point": 1.014631488990703,
      "f0_beats_base_point": [
        "f0_median_w9"
      ],
      "delta_supply_grouped": {
        "delta_mean": 0.034504487350276954,
        "ci_lo": -0.0667779348195335,
        "ci_hi": 0.13839131918080885,
        "median": 0.03710641267359466,
        "loss_base": 1.02345799580697,
        "loss_expanded": 0.9889535084566932,
        "frac_boot_positive": 0.75,
        "expanded_pick_freq": {
          "f0_median_w15": 0.25,
          "f0_median_w25": 0.004,
          "f0_median_w9": 0.616,
          "v_median": 0.13
        },
        "n_boot": 100
      },
      "delta_supply_single": {
        "delta_mean": 0.040794596763226394,
        "ci_lo": -0.01036592766284023,
        "ci_hi": 0.10060729330046245
      },
      "expanded_pick_deterministic": [
        "f0_median_w9",
        "f0_median_w9",
        "f0_median_w9",
        "f0_median_w9",
        "f0_median_w9"
      ]
    },
    "forecast|snrHigh|miss": {
      "uids": 78,
      "point_col_mean": {
        "v_none": 1.5874145513980107,
        "v_median": 0.9075765796340567,
        "v_savgol": 1.4836893484565254,
        "v_stl": 1.5006201897797122,
        "v_wavelet": 1.4812661860542191,
        "v_winsor": 1.5348123376172174,
        "v_winsor_savgol": 1.399393111995737,
        "f0_median_w9": 0.8927777761665422,
        "f0_median_w15": 0.7957395416525083,
        "f0_median_w25": 0.962698851463707,
        "f0_savgol_w21": 1.715508481966191,
        "f0_savgol_w31": 1.8596781948352852,
        "f0_ma_w9": 1.3483436768983121,
        "f0_ma_w15": 1.3498947534410564,
        "f0_ma_w25": 1.1901004723213962
      },
      "base_best_action": "v_median",
      "base_best_point": 0.9075765796340567,
      "f0_beats_base_point": [
        "f0_median_w15",
        "f0_median_w9"
      ],
      "delta_supply_grouped": {
        "delta_mean": 0.12380331609708478,
        "ci_lo": -0.03883856222573619,
        "ci_hi": 0.2549384336651113,
        "median": 0.11441311697256362,
        "loss_base": 0.951395054914807,
        "loss_expanded": 0.8275917388177223,
        "frac_boot_positive": 0.92,
        "expanded_pick_freq": {
          "f0_median_w15": 0.94,
          "f0_median_w25": 0.012,
          "f0_median_w9": 0.032,
          "v_median": 0.016
        },
        "n_boot": 100
      },
      "delta_supply_single": {
        "delta_mean": 0.12129298830240695,
        "ci_lo": 0.011096656939081502,
        "ci_hi": 0.25446014401891126
      },
      "expanded_pick_deterministic": [
        "f0_median_w15",
        "f0_median_w15",
        "f0_median_w15",
        "f0_median_w15",
        "f0_median_w15"
      ]
    },
    "forecast|snrLow|miss": {
      "uids": 82,
      "point_col_mean": {
        "v_none": 1.797618826618402,
        "v_median": 1.6478221851885475,
        "v_savgol": 1.8906781584156491,
        "v_stl": 1.8841487378794963,
        "v_wavelet": 1.8712760385764733,
        "v_winsor": 1.8036485422262745,
        "v_winsor_savgol": 1.7893312903061989,
        "f0_median_w9": 1.60263287113866,
        "f0_median_w15": 1.5459540673879069,
        "f0_median_w25": 1.5403732497956217,
        "f0_savgol_w21": 1.8880738000785109,
        "f0_savgol_w31": 2.060941182625341,
        "f0_ma_w9": 1.7641287686856584,
        "f0_ma_w15": 1.7702588026389336,
        "f0_ma_w25": 1.7259109384683011
      },
      "base_best_action": "v_median",
      "base_best_point": 1.6478221851885475,
      "f0_beats_base_point": [
        "f0_median_w25",
        "f0_median_w15",
        "f0_median_w9"
      ],
      "delta_supply_grouped": {
        "delta_mean": 0.09814127658354886,
        "ci_lo": -0.07636284636427713,
        "ci_hi": 0.3716404155988153,
        "median": 0.07617035014753015,
        "loss_base": 1.6919672563216799,
        "loss_expanded": 1.593825979738131,
        "frac_boot_positive": 0.76,