{
 "n_full": 672,
 "interaction_share_systematic": 0.2931,
 "interaction_share_total": 0.1095,
 "interaction_rule": "≥0.15 → L5 联合 (a,m)",
 "dominance": {
  "pair": [
   "v_none",
   "chronos_bolt_small"
  ],
  "eps_optimal_coverage": 0.3185,
  "cover_rule": "≥0.9",
  "worst_group_lcb": -1.5956,
  "safety_rule": ">−0.05",
  "by_domain": {
   "S_ar": {
    "n": 84,
    "mean": 0.1106682857142857,
    "lcb": -0.13947528476591814
   },
   "S_both": {
    "n": 84,
    "mean": 0.19760907142857143,
    "lcb": -0.3373458525790938
   },
   "S_hetero": {
    "n": 84,
    "mean": 0.04766369047619046,
    "lcb": -0.07696194593599204
   },
   "S_intermittent": {
    "n": 84,
    "mean": 0.09806157142857141,
    "lcb": -0.1797079971132444
   },
   "S_multiseason": {
    "n": 84,
    "mean": 0.5669717619047618,
    "lcb": -0.6128302249465931
   },
   "S_regime": {
    "n": 84,
    "mean": 1.2285188333333332,
    "lcb": -1.5955594173170669
   },
   "S_season": {
    "n": 84,
    "mean": 0.07578759523809524,
    "lcb": -0.13236099808142343
   },
   "S_trend": {
    "n": 84,
    "mean": 0.7517839285714285,
    "lcb": -0.8965452899723978
   }
  }
 },
 "branch": "L5_joint"
}