{
  "cells": {
    "forecast|snrHigh|full": {
      "uids": 88,
      "n_rows": 88,
      "col_mean_nrmse": {
        "v_none": 1.9103938447035589,
        "v_median": 1.014631488990703,
        "v_savgol": 1.8287389127901847,
        "v_stl": 1.7459370868270396,
        "v_wavelet": 1.9008679837886435,
        "v_winsor": 1.8953711977243386,
        "v_winsor_savgol": 1.7680221532413534
      },
      "point_top1": "v_median",
      "point_top2": "v_stl",
      "svd": {
        "first_sv_var_ratio": 0.6973765023555275,
        "second_sv_var_ratio": 0.14606646659672431,
        "effective_rank": 1.934636528188362,
        "recon_err_rank1": 0.3026234976444725,
        "recon_err_rank2": 0.1565570310477482,
        "sv_var_ratios": [
          0.6973765023555275,
          0.14606646659672431,
          0.08427849396672586,
          0.03884512790249151,
          0.021857499772172398
        ],
        "first_sv_ci": [
          0.56728103721277,
          0.80961946000442
        ]
      },
      "near_tie_frac": 0.18181818181818182,
      "pattern": {
        "n_origins": 3,
        "deg_router_nrmse": 1.014631488990703,
        "struct_oracle_nrmse_UPPER_BOUND": 1.0059713096527896,
        "gap_pat_upper_bound": 0.00866017933791352,
        "perm_p_plain": 0.001996007984031936,
        "perm_p_snr_stratified": 0.001996007984031936,
        "interaction_var_ratio": 0.3823569722328823,
        "snr_by_origin": {
          "S_both": 9.295593101585867,
          "S_season": 7.0138606935961265,
          "S_trend": 9.11768617786147
        },
        "per_struct_winner": {
          "S_both": "v_median",
          "S_season": "v_winsor",
          "S_trend": "v_median"
        },
        "d12c_pass_stratified": true
      },
      "semantic_dup": [],
      "good_definedness": {
        "point_top1": "v_median",
        "win_rate": 1.0,
        "gap_point": 0.7375521214582867,
        "gap_ci": [
          0.44878761251073856,
          1.0419309058769912
        ],
        "well_defined": true
      }
    },
    "forecast|snrHigh|miss": {
      "uids": 78,
      "n_rows": 78,
      "col_mean_nrmse": {
        "v_none": 1.5874145513980107,
        "v_median": 0.9075765796340567,
        "v_savgol": 1.4836893484565254,
        "v_stl": 1.5006201897797122,
        "v_wavelet": 1.4812661860542191,
        "v_winsor": 1.5348123376172174,
        "v_winsor_savgol": 1.399393111995737
      },
      "point_top1": "v_median",
      "point_top2": "v_winsor_savgol",
      "svd": {
        "first_sv_var_ratio": 0.5682872295932673,
        "second_sv_var_ratio": 0.21727116300256355,
        "effective_rank": 2.5052104699980307,
        "recon_err_rank1": 0.4317127704067327,
        "recon_err_rank2": 0.21444160740416918,
        "sv_var_ratios": [
          0.5682872295932673,
          0.21727116300256355,
          0.167877656424988,
          0.023234523108367277,
          0.01449697785805858
        ],
        "first_sv_ci": [
          0.4483152123847562,
          0.771176586465046
        ]
      },
      "near_tie_frac": 0.20512820512820512,
      "pattern": {
        "n_origins": 3,
        "deg_router_nrmse": 0.9075765796340567,
        "struct_oracle_nrmse_UPPER_BOUND": 0.9008168171956,
        "gap_pat_upper_bound": 0.006759762438456662,
        "perm_p_plain": 0.001996007984031936,
        "perm_p_snr_stratified": 0.06786427145708583,
        "interaction_var_ratio": 0.17850046899162283,
        "snr_by_origin": {
          "S_both": 9.406898815286324,
          "S_season": 5.924068244455018,
          "S_trend": 9.50171923951094
        },
        "per_struct_winner": {
          "S_both": "v_median",
          "S_season": "v_stl",
          "S_trend": "v_median"
        },
        "d12c_pass_stratified": false
      },
      "semantic_dup": [],
      "good_definedness": {
        "point_top1": "v_median",
        "win_rate": 1.0,
        "gap_point": 0.46492660752980036,
        "gap_ci": [
          0.2333476908999548,
          0.7065749432664463
        ],
        "well_defined": true
      }
    },
    "forecast|snrLow|full": {
      "uids": 72,
      "n_rows": 72,
      "col_mean_nrmse": {
        "v_none": 1.799871698832758,
        "v_median": 1.682336398951411,
        "v_savgol": 1.786261662104891,
        "v_stl": 1.76164143987822,
        "v_wavelet": 1.791327367289039,
        "v_winsor": 1.7279667352852526,
        "v_winsor_savgol": 1.6888187984899725
      },
      "point_top1": "v_median",
      "point_top2": "v_winsor_savgol",
      "svd": {
        "first_sv_var_ratio": 0.4075761940654508,
        "second_sv_var_ratio": 0.2872211611309483,
        "effective_rank": 3.444320218138775,
        "recon_err_rank1": 0.5924238059345492,
        "recon_err_rank2": 0.3052026448036008,
        "sv_var_ratios": [
          0.4075761940654508,
          0.2872211611309483,
          0.1847356041956839,
          0.08251837056701752,
          0.024547782004754597
        ],
        "first_sv_ci": [
          0.38907725431079176,
          0.7825721336937278
        ]
      },
      "near_tie_frac": 0.5,
      "pattern": {
        "n_origins": 4,
        "deg_router_nrmse": 1.682336398951411,
        "struct_oracle_nrmse_UPPER_BOUND": 1.6447985009434827,
        "gap_pat_upper_bound": 0.037537898007928394,
        "perm_p_plain": 0.04790419161676647,
        "perm_p_snr_stratified": 0.08782435129740519,
        "interaction_var_ratio": 0.3438794690084974,
        "snr_by_origin": {
          "S_ar": -6.846402047931977,
          "S_both": 3.3086343885752,
          "S_season": 2.6503512346179074,
          "S_trend": 3.6049909622811165
        },
        "per_struct_winner": {
          "S_ar": "v_median",
          "S_both": "v_median",
          "S_season": "v_stl",
          "S_trend": "v_winsor_savgol"
        },
        "d12c_pass_stratified": false
      },
      "semantic_dup": [],
      "good_definedness": {
        "point_top1": "v_median",
        "win_rate": 0.6166666666666667,
        "gap_point": 0.004805524857240414,
        "gap_ci": [
          -0.11320106582395165,
          0.07857958832906756
        ],
        "well_defined": false
      }
    },
    "forecast|snrLow|miss": {
      "uids": 82,
      "n_rows": 82,
      "col_mean_nrmse": {
        "v_none": 1.797618826618402,
        "v_median": 1.6478221851885475,
        "v_savgol": 1.8906781584156491,
        "v_stl": 1.8841487378794963,
        "v_wavelet": 1.8712760385764733,
        "v_winsor": 1.8036485422262745,
        "v_winsor_savgol": 1.7893312903061989
      },
      "point_top1": "v_median",
      "point_top2": "v_winsor_savgol",
      "svd": {
        "first_sv_var_ratio": 0.6786219563557969,
        "second_sv_var_ratio": 0.152580841688935,
        "effective_rank": 2.0178995171204037,
        "recon_err_rank1": 0.3213780436442031,
        "recon_err_rank2": 0.16879720195526804,
        "sv_var_ratios": [
          0.6786219563557969,
          0.152580841688935,
          0.08088668221319638,
          0.07095810369078251,
          0.012644038171872176
        ],
        "first_sv_ci": [
          0.43148326650166413,
          0.8522434663615434
        ]
      },
      "near_tie_frac": 0.4268292682926829,
      "pattern": {
        "n_origins": 4,
        "deg_router_nrmse": 1.6478221851885475,
        "struct_oracle_nrmse_UPPER_BOUND": 1.6213792704877816,
        "gap_pat_upper_bound": 0.026442914700765874,
        "perm_p_plain": 0.001996007984031936,
        "perm_p_snr_stratified": 0.001996007984031936,
        "interaction_var_ratio": 0.45952196349537283,
        "snr_by_origin": {
          "S_ar": -6.49693358445546,
          "S_both": 3.4007508892730893,
          "S_season": 2.0796499233220143,
          "S_trend": 3.7360318898518274
        },
        "per_struct_winner": {
          "S_ar": "v_winsor",
          "S_both": "v_median",
          "S_season": "v_none",
          "S_trend": "v_median"
        },