{
 "k": 5,
 "arms": {
  "frozen": {
   "cumulative_regret_mean": 0.36770820423003087,
   "cumulative_regret_range": [
    0.3677082042300308,
    0.3677082042300309
   ],
   "recurrence_gain_mean": 0.0,
   "first_unseen_harm_max_mean": 0.0,
   "override_frac_mean": 0.0,
   "buckets": {
    "in": {
     "n": 2110,
     "mean_adv": 0.0
    },
    "out": {
     "n": 1250,
     "mean_adv": 0.0
    }
   }
  },
  "P1b-static": {
   "cumulative_regret_mean": 0.29755066509503436,
   "cumulative_regret_range": [
    0.2975506650950343,
    0.29755066509503436
   ],
   "recurrence_gain_mean": 0.09055500873856287,
   "first_unseen_harm_max_mean": 0.09861905617774601,
   "override_frac_mean": 0.8850106965363291,
   "buckets": {
    "in": {
     "n": 2110,
     "mean_adv": 0.09342756791081537
    },
    "out": {
     "n": 1250,
     "mean_adv": 0.0385678985691251
    }
   }
  },
  "P1b-memory": {
   "cumulative_regret_mean": 0.34238514826909805,
   "cumulative_regret_range": [
    0.32155716985532784,
    0.35689669835691684
   ],
   "recurrence_gain_mean": 0.05743465897332548,
   "first_unseen_harm_max_mean": 0.10718508477546693,
   "override_frac_mean": 0.5556843187147665,
   "buckets": {
    "in": {
     "n": 2110,
     "mean_adv": 0.03792299105121741
    },
    "out": {
     "n": 1250,
     "mean_adv": 0.0
    }
   }
  },
  "P1b-random-memory": {
   "cumulative_regret_mean": 0.4108670353338228,
   "cumulative_regret_range": [
    0.3899549618353704,
    0.4327295312844001
   ],
   "recurrence_gain_mean": -0.05277319447586944,
   "first_unseen_harm_max_mean": 0.2088448045784113,
   "override_frac_mean": 0.551009861296256,
   "buckets": {
    "in": {
     "n": 2110,
     "mean_adv": -0.06694124096937996
    },
    "out": {
     "n": 1250,
     "mean_adv": 0.0
    }
   }
  }
 },
 "verdict": {
  "memory_beats_static": false,
  "memory_beats_random": true,
  "memory_beats_frozen": true,
  "gain_on_recurrence": true,
  "first_unseen_harm_ok": false,
  "deltas": {
   "memory_vs_static": -0.04483448317406369,
   "memory_vs_random": 0.06848188706472474,
   "memory_vs_frozen": 0.025323055960932817
  },
  "memory_line_survives": false,
  "needs_escalation_gate": true
 },
 "config": {
  "seed": 20260705,
  "delta_safe": 0.05,
  "k": 5,
  "retrieval_key": "P1b featurized DataView (d2+p17) 19d",
  "bplus_missing_rows": 0,
  "prereg": "压缩计划 §1（C1-lite）",
  "note": "探索性 pilot，非 confirmatory；frozen=P0 参照复用；B+=leaky 强上界（in-sample 全局拟合）；random-memory=同门控同覆盖率打乱标签（leakage-immune）；seen=严格过去块；current L_test 仅事后计 regret"
 }
}