{
  "cells": {
    "forecast|snrHigh|full": {
      "uids": 88,
      "n_rows": 88,
      "col_mean_nrmse": {
        "v_none": 1.9103938447035589,
        "v_median": 1.3642424515871938,
        "v_savgol": 1.8287389127901847,
        "v_stl": 1.7459370868270396,
        "v_wavelet": 1.9008679837886435,
        "v_winsor": 1.8953711977243386,
        "v_winsor_savgol": 1.7680221532413534
      },
      "point_top1": "v_median",
      "point_top2": "v_stl",
      "svd": {
        "first_sv_var_ratio": 0.5934266105800812,
        "second_sv_var_ratio": 0.18948692266464434,
        "effective_rank": 2.4693778668845194,
        "recon_err_rank1": 0.40657338941991883,
        "recon_err_rank2": 0.21708646675527454,
        "sv_var_ratios": [
          0.5934266105800812,
          0.18948692266464434,
          0.11090293679721401,
          0.057952349403043245,
          0.030392679190592405
        ],
        "first_sv_ci": [
          0.4464627533081986,
          0.7671114785073863
        ]
      },
      "near_tie_frac": 0.2159090909090909,
      "pattern": {
        "n_origins": 3,
        "deg_router_nrmse": 1.3642424515871938,
        "struct_oracle_nrmse_UPPER_BOUND": 1.3599631484626855,
        "gap_pat_upper_bound": 0.004279303124508305,
        "perm_p_plain": 0.003992015968063872,
        "perm_p_snr_stratified": 0.005988023952095809,
        "interaction_var_ratio": 0.19845394869462052,
        "snr_by_origin": {
          "S_both": 9.295593101585867,
          "S_season": 7.0138606935961265,
          "S_trend": 9.11768617786147
        },
        "per_struct_winner": {
          "S_both": "v_median",
          "S_season": "v_winsor",
          "S_trend": "v_median"
        },
        "d12c_pass_stratified": true
      },
      "semantic_dup": [],
      "good_definedness": {
        "point_top1": "v_median",
        "win_rate": 1.0,
        "gap_point": 0.3999681197565794,
        "gap_ci": [
          0.12523688568962105,
          0.6972726472950947
        ],
        "well_defined": true
      }
    },
    "forecast|snrHigh|miss": {
      "uids": 78,
      "n_rows": 78,
      "col_mean_nrmse": {
        "v_none": 1.5874145513980107,
        "v_median": 1.122796288706998,
        "v_savgol": 1.4836893484565254,
        "v_stl": 1.5006201897797122,
        "v_wavelet": 1.4812661860542191,
        "v_winsor": 1.5348123376172174,
        "v_winsor_savgol": 1.399393111995737
      },
      "point_top1": "v_median",
      "point_top2": "v_winsor_savgol",
      "svd": {
        "first_sv_var_ratio": 0.4804158806918775,
        "second_sv_var_ratio": 0.25843217578874805,
        "effective_rank": 2.948169325333516,
        "recon_err_rank1": 0.5195841193081225,
        "recon_err_rank2": 0.26115194351937443,
        "sv_var_ratios": [
          0.4804158806918775,
          0.25843217578874805,
          0.20039559789490238,
          0.03131024681008417,
          0.018886696633204896
        ],
        "first_sv_ci": [
          0.4044164877491632,
          0.7220689236411572
        ]
      },
      "near_tie_frac": 0.2692307692307692,
      "pattern": {
        "n_origins": 3,
        "deg_router_nrmse": 1.122796288706998,
        "struct_oracle_nrmse_UPPER_BOUND": 1.1167577798556076,
        "gap_pat_upper_bound": 0.006038508851390345,
        "perm_p_plain": 0.059880239520958084,
        "perm_p_snr_stratified": 0.2435129740518962,
        "interaction_var_ratio": 0.11478070435974394,
        "snr_by_origin": {
          "S_both": 9.406898815286324,
          "S_season": 5.924068244455018,
          "S_trend": 9.50171923951094
        },
        "per_struct_winner": {
          "S_both": "v_median",
          "S_season": "v_stl",
          "S_trend": "v_median"
        },
        "d12c_pass_stratified": false
      },
      "semantic_dup": [],
      "good_definedness": {
        "point_top1": "v_median",
        "win_rate": 0.99,
        "gap_point": 0.2656107063322784,
        "gap_ci": [
          0.057473804376007326,
          0.502377673373994
        ],
        "well_defined": true
      }
    },
    "forecast|snrLow|full": {
      "uids": 72,
      "n_rows": 72,
      "col_mean_nrmse": {
        "v_none": 1.799871698832758,
        "v_median": 1.7060389861663177,
        "v_savgol": 1.786261662104891,
        "v_stl": 1.76164143987822,
        "v_wavelet": 1.791327367289039,
        "v_winsor": 1.7279667352852526,
        "v_winsor_savgol": 1.6888187984899725
      },
      "point_top1": "v_winsor_savgol",
      "point_top2": "v_median",
      "svd": {
        "first_sv_var_ratio": 0.44041934407200106,
        "second_sv_var_ratio": 0.2872904598381897,
        "effective_rank": 3.239247782842425,
        "recon_err_rank1": 0.559580655927999,
        "recon_err_rank2": 0.2722901960898093,
        "sv_var_ratios": [
          0.44041934407200106,
          0.2872904598381897,
          0.15879438415791436,
          0.07963941447282857,
          0.0231499552122699
        ],
        "first_sv_ci": [
          0.3748012417488527,
          0.7954661535858625
        ]
      },
      "near_tie_frac": 0.5277777777777778,
      "pattern": {
        "n_origins": 4,
        "deg_router_nrmse": 1.6888187984899725,
        "struct_oracle_nrmse_UPPER_BOUND": 1.6496838892641261,
        "gap_pat_upper_bound": 0.03913490922584639,
        "perm_p_plain": 0.033932135728542916,
        "perm_p_snr_stratified": 0.06187624750499002,
        "interaction_var_ratio": 0.3156345276760186,
        "snr_by_origin": {
          "S_ar": -6.846402047931977,
          "S_both": 3.3086343885752,
          "S_season": 2.6503512346179074,
          "S_trend": 3.6049909622811165
        },
        "per_struct_winner": {
          "S_ar": "v_median",
          "S_both": "v_median",
          "S_season": "v_stl",
          "S_trend": "v_winsor_savgol"
        },
        "d12c_pass_stratified": false
      },
      "semantic_dup": [],
      "good_definedness": {
        "point_top1": "v_winsor_savgol",
        "win_rate": 0.4866666666666667,
        "gap_point": 0.014589220192533114,
        "gap_ci": [
          -0.06663695243426689,
          0.15702218725979805
        ],
        "well_defined": false
      }
    },
    "forecast|snrLow|miss": {
      "uids": 82,
      "n_rows": 82,
      "col_mean_nrmse": {
        "v_none": 1.797618826618402,
        "v_median": 1.708897216930873,
        "v_savgol": 1.8906781584156491,
        "v_stl": 1.8841487378794963,
        "v_wavelet": 1.8712760385764733,
        "v_winsor": 1.8036485422262745,
        "v_winsor_savgol": 1.7893312903061989
      },
      "point_top1": "v_median",
      "point_top2": "v_winsor_savgol",
      "svd": {
        "first_sv_var_ratio": 0.6572070446005016,
        "second_sv_var_ratio": 0.159948362074966,
        "effective_rank": 2.1208363590829045,
        "recon_err_rank1": 0.3427929553994984,
        "recon_err_rank2": 0.1828445933245324,
        "sv_var_ratios": [
          0.6572070446005016,
          0.159948362074966,
          0.09827221414973293,
          0.06394572259483539,
          0.015227921099168495
        ],
        "first_sv_ci": [
          0.4232053581584521,
          0.8401393179252435
        ]
      },
      "near_tie_frac": 0.45121951219512196,
      "pattern": {
        "n_origins": 4,
        "deg_router_nrmse": 1.708897216930873,
        "struct_oracle_nrmse_UPPER_BOUND": 1.6856600926887175,
        "gap_pat_upper_bound": 0.023237124242155405,
        "perm_p_plain": 0.001996007984031936,
        "perm_p_snr_stratified": 0.01996007984031936,
        "interaction_var_ratio": 0.290771396022945,
        "snr_by_origin": {
          "S_ar": -6.49693358445546,
          "S_both": 3.4007508892730893,
          "S_season": 2.0796499233220143,
          "S_trend": 3.7360318898518274
        },
        "per_struct_winner": {
          "S_ar": "v_winsor",
          "S_both": "v_median",
          "S_season": "v_none",
          "S_trend": "v_median"
        },