{
 "note": "评审十六轮共识点4：固定 cell×origin 比较 median@5/9/15/25 的严格剂量反应（修 F0 '随窗单调' 的跨 cell 混杂）；标签=E-3.2 nested outer-test L_test，all_data 口径。",
 "dose_response": {
  "forecast|snrHigh|full|S_both": {
   "n": 40,
   "mean_loss": {
    "v_median": 0.4661751048746604,
    "f0_median_w9": 0.4328310274518694,
    "f0_median_w15": 0.5870511192882729,
    "f0_median_w25": 0.9876524249172046
   },
   "monotone_harm": false,
   "monotone_gain": false
  },
  "forecast|snrHigh|full|S_season": {
   "n": 40,
   "mean_loss": {
    "v_median": 0.09099999196229139,
    "f0_median_w9": 0.18567923529775202,
    "f0_median_w15": 0.38154952165270944,
    "f0_median_w25": 1.1105981807448182
   },
   "monotone_harm": true,
   "monotone_gain": false
  },
  "forecast|snrHigh|full|S_trend": {
   "n": 40,
   "mean_loss": {
    "v_median": 2.0598169630169174,
    "f0_median_w9": 1.8863152902072806,
    "f0_median_w15": 1.8736836352008202,
    "f0_median_w25": 1.179282077330076
   },
   "monotone_harm": false,
   "monotone_gain": true
  },
  "forecast|snrHigh|miss|S_both": {
   "n": 40,
   "mean_loss": {
    "v_median": 0.5550561775547993,
    "f0_median_w9": 0.47253795386367853,
    "f0_median_w15": 0.6207605380669434,
    "f0_median_w25": 0.989313218476332
   },
   "monotone_harm": false,
   "monotone_gain": false
  },
  "forecast|snrHigh|miss|S_season": {
   "n": 40,
   "mean_loss": {
    "v_median": 0.08906856760405094,
    "f0_median_w9": 0.20149558473370693,
    "f0_median_w15": 0.38256365971181144,
    "f0_median_w25": 1.0884164363180848
   },
   "monotone_harm": true,
   "monotone_gain": false
  },
  "forecast|snrHigh|miss|S_trend": {
   "n": 40,
   "mean_loss": {
    "v_median": 1.7987445790624883,
    "f0_median_w9": 1.6392630417206804,
    "f0_median_w15": 1.3258375218419667,
    "f0_median_w25": 0.8888140696316501
   },
   "monotone_harm": false,
   "monotone_gain": true
  },
  "forecast|snrLow|full|S_ar": {
   "n": 40,
   "mean_loss": {
    "v_median": 1.1583981779208343,
    "f0_median_w9": 1.1374582036703802,
    "f0_median_w15": 1.1007356657787593,
    "f0_median_w25": 1.1073777433378524
   },
   "monotone_harm": false,
   "monotone_gain": false
  },
  "forecast|snrLow|full|S_both": {
   "n": 40,
   "mean_loss": {
    "v_median": 1.6565260168524159,
    "f0_median_w9": 1.6387750243341404,
    "f0_median_w15": 1.5171443924270906,
    "f0_median_w25": 1.4195882973569964
   },
   "monotone_harm": false,
   "monotone_gain": true
  },
  "forecast|snrLow|full|S_season": {
   "n": 40,
   "mean_loss": {
    "v_median": 0.4304226347713239,
    "f0_median_w9": 0.5330183166456429,
    "f0_median_w15": 0.7520251942994717,
    "f0_median_w25": 1.0826541572287092
   },
   "monotone_harm": true,
   "monotone_gain": false
  },
  "forecast|snrLow|full|S_trend": {
   "n": 40,
   "mean_loss": {
    "v_median": 7.085314745731809,
    "f0_median_w9": 6.86151517268019,
    "f0_median_w15": 6.752104352286395,
    "f0_median_w25": 5.895496721366589
   },
   "monotone_harm": false,
   "monotone_gain": true
  },
  "forecast|snrLow|miss|S_ar": {
   "n": 40,
   "mean_loss": {
    "v_median": 1.1834584079986903,
    "f0_median_w9": 1.1849280016901216,
    "f0_median_w15": 1.166549124201985,
    "f0_median_w25": 1.1563073846631926
   },
   "monotone_harm": false,
   "monotone_gain": false
  },
  "forecast|snrLow|miss|S_both": {
   "n": 40,
   "mean_loss": {
    "v_median": 1.4693599448202832,
    "f0_median_w9": 1.4415218261661327,
    "f0_median_w15": 1.3117147157141322,
    "f0_median_w25": 1.2713523340464064
   },
   "monotone_harm": false,
   "monotone_gain": true
  },
  "forecast|snrLow|miss|S_season": {
   "n": 40,
   "mean_loss": {
    "v_median": 0.34965140561010577,
    "f0_median_w9": 0.4427036822428071,
    "f0_median_w15": 0.6987366314728626,
    "f0_median_w25": 1.0786493630766656
   },
   "monotone_harm": true,
   "monotone_gain": false
  },
  "forecast|snrLow|miss|S_trend": {
   "n": 40,
   "mean_loss": {
    "v_median": 5.301421791437394,
    "f0_median_w9": 4.947482457474668,
    "f0_median_w15": 4.301767064995911,
    "f0_median_w25": 3.7172556038829745
   },
   "monotone_harm": false,
   "monotone_gain": true
  }
 }
}