{
 "note": "评审第十六轮：最终候选策略须有自己的主比较 CI（原 report 判据 (i)(ii)(vi) 用 dp_gbdt）。零重训（records 重算），caveat 同 A-39⑤：条件于已拟合头/router。seed=20260704, B=2000。",
 "cis": {
  "primary_no_Sar": {
   "dp_abstain_vs_global": {
    "mean": -0.25625731924029904,
    "ci_lo": -0.3229202493981376,
    "ci_hi": -0.19867097485065677,
    "frac_positive": 0.0,
    "n": 480,
    "n_boot": 2000
   },
   "dp_abstain_vs_d_lookup": {
    "mean": -0.23925718417678313,
    "ci_lo": -0.2947442740416575,
    "ci_hi": -0.18584188886387754,
    "frac_positive": 0.0,
    "n": 480,
    "n_boot": 2000
   },
   "dp_abstain_vs_d_gbdt": {
    "mean": -0.22661698375243192,
    "ci_lo": -0.2906453149335452,
    "ci_hi": -0.1615399106705487,
    "frac_positive": 0.0,
    "n": 480,
    "n_boot": 2000
   },
   "dp_abstain_vs_true_d_gbdt": {
    "mean": -0.13850684480352277,
    "ci_lo": -0.20444768393097748,
    "ci_hi": -0.06951507502148827,
    "frac_positive": 0.0,
    "n": 480,
    "n_boot": 2000
   },
   "dp_abstain_vs_dp_gbdt": {
    "mean": -0.028030111847370188,
    "ci_lo": -0.07638232973174304,
    "ci_hi": 0.012782103921824975,
    "frac_positive": 0.089,
    "n": 480,
    "n_boot": 2000
   }
  },
  "all_data": {
   "dp_abstain_vs_global": {
    "mean": -0.22792677201953668,
    "ci_lo": -0.2937727604767991,
    "ci_hi": -0.16457930444981222,
    "frac_positive": 0.0,
    "n": 560,
    "n_boot": 2000
   },
   "dp_abstain_vs_d_lookup": {
    "mean": -0.11307173121362407,
    "ci_lo": -0.1713161629701742,
    "ci_hi": -0.052966620052764486,
    "frac_positive": 0.0005,
    "n": 560,
    "n_boot": 2000
   },
   "dp_abstain_vs_d_gbdt": {
    "mean": -0.1703299223158839,
    "ci_lo": -0.23670925131787077,
    "ci_hi": -0.10638734393509336,
    "frac_positive": 0.0,
    "n": 560,
    "n_boot": 2000
   },
   "dp_abstain_vs_true_d_gbdt": {
    "mean": -0.10011151290298112,
    "ci_lo": -0.16899474626636943,
    "ci_hi": -0.0311363090523487,
    "frac_positive": 0.003,
    "n": 560,
    "n_boot": 2000
   },
   "dp_abstain_vs_dp_gbdt": {
    "mean": 0.015329842259215715,
    "ci_lo": -0.020345496367348913,
    "ci_hi": 0.05065499986434829,
    "frac_positive": 0.797,
    "n": 560,
    "n_boot": 2000
   }
  }
 }
}