{
 "arms": {
  "p0": {
   "mean_regret": 0.2965044052409643,
   "abstain_rate": 0.0,
   "worst_group_lcb": -0.6487214288606367,
   "regret_by_origin": {
    "S_ar": 0.07743383352907357,
    "S_both": 0.39286474762267226,
    "S_hetero": 0.047816648869097485,
    "S_intermittent": 0.06071632233273888,
    "S_multiseason": 0.13721892334465066,
    "S_regime": 0.4997669584548191,
    "S_season": 0.10745183271413661,
    "S_trend": 1.0487659750605256
   },
   "regret_by_topo": {
    "rand": 0.2517023286013383,
    "block": 0.3282335362027396,
    "burst": 0.29314689687792395,
    "full": 0.3260078049597057
   }
  },
  "p0_abstain": {
   "mean_regret": 0.2762227652475405,
   "abstain_rate": 0.34226190476190477,
   "worst_group_lcb": -0.671933981268628,
   "regret_by_origin": {
    "S_ar": 0.07538750098503703,
    "S_both": 0.39226665156640433,
    "S_hetero": 0.051634320668632085,
    "S_intermittent": 0.06045860860569235,
    "S_multiseason": 0.11864601150034959,
    "S_regime": 0.4691554230676139,
    "S_season": 0.08753850781516401,
    "S_trend": 0.9546950977714308
   },
   "regret_by_topo": {
    "rand": 0.23432613749241904,
    "block": 0.26961022719803257,
    "burst": 0.3189767457824534,
    "full": 0.3304871163218864
   }
  },
  "fixpc": {
   "mean_regret": 0.34763368545071593,
   "abstain_rate": 0.0,
   "worst_group_lcb": -1.8510841106238614,
   "regret_by_origin": {
    "S_ar": 0.10088401506174885,
    "S_both": 0.2690933979504885,
    "S_hetero": 0.06246883000085383,
    "S_intermittent": 0.09441066349157506,
    "S_multiseason": 0.12959819474318768,
    "S_regime": 0.5974929463239351,
    "S_season": 0.08418692880399925,
    "S_trend": 1.442934507229939
   },
   "regret_by_topo": {
    "rand": 0.2755111903364808,
    "block": 0.40684253595316017,
    "burst": 0.35512522985815165,
    "full": 0.3659694302668621
   }
  },
  "fixpc_abstain": {
   "mean_regret": 0.3034657178616207,
   "abstain_rate": 0.36904761904761907,
   "worst_group_lcb": -1.558877614128194,
   "regret_by_origin": {
    "S_ar": 0.08377015160779229,
    "S_both": 0.2387948185860409,
    "S_hetero": 0.056245574502790815,
    "S_intermittent": 0.09001220071655625,
    "S_multiseason": 0.15568761905654252,
    "S_regime": 0.487614428413966,
    "S_season": 0.07081804614526077,
    "S_trend": 1.244782903864016
   },
   "regret_by_topo": {
    "rand": 0.26069738842873,
    "block": 0.3674093199184472,
    "burst": 0.24256523824157306,
    "full": 0.3220156522337964
   }
  },
  "ddec_snr": {
   "mean_regret": 0.33109902796311746,
   "abstain_rate": 0.0,
   "worst_group_lcb": -0.8512668489468467,
   "regret_by_origin": {
    "S_ar": 0.08522946259450702,
    "S_both": 0.23336845298732664,
    "S_hetero": 0.07132007776207652,
    "S_intermittent": 0.10721152810148099,
    "S_multiseason": 0.1382658256046959,
    "S_regime": 0.6535247949712218,
    "S_season": 0.062085677791156,
    "S_trend": 1.2977864038924745
   },
   "regret_by_topo": {
    "rand": 0.23999588503863548,
    "block": 0.42563486441907017,
    "burst": 0.34255727356985716,
    "full": 0.31277539529343606
   }
  },
  "ddec_full": {
   "mean_regret": 0.32571847898758916,
   "abstain_rate": 0.0,
   "worst_group_lcb": -0.7856076862128099,
   "regret_by_origin": {
    "S_ar": 0.10163183772081748,
    "S_both": 0.2722442613878786,
    "S_hetero": 0.08046589423251653,
    "S_intermittent": 0.09306441135334127,
    "S_multiseason": 0.12298409438964447,
    "S_regime": 0.6097275419528231,
    "S_season": 0.06582721037141524,
    "S_trend": 1.2598025804922768
   },
   "regret_by_topo": {
    "rand": 0.2955405800231228,
    "block": 0.37021412298298173,
    "burst": 0.3304528746529611,
    "full": 0.292348593260365
   }
  },
  "sq": {
   "mean_regret": 0.30227392308996265,
   "abstain_rate": 0.0,
   "worst_group_lcb": -1.042972326037325,
   "regret_by_origin": {
    "S_ar": 0.09669913235531778,
    "S_both": 0.15449937099412012,
    "S_hetero": 0.06271485051329974,
    "S_intermittent": 0.08127896737276945,
    "S_multiseason": 0.14799922993900086,
    "S_regime": 0.4492853900100454,
    "S_season": 0.08769671067121965,
    "S_trend": 1.338017732863928
   },
   "regret_by_topo": {
    "rand": 0.25512416124635623,
    "block": 0.3168509950308191,
    "burst": 0.31166635367431744,
    "full": 0.3580268723111076
   }
  }
 },
 "comparisons": {
  "p0_abstain_vs_p0": {
   "mean": -0.020281639993423757,
   "ci_lo": -0.0470682639845321,
   "ci_hi": 0.005264829421014626,
   "frac_positive": 0.06,
   "n": 672,
   "n_boot": 2000
  },
  "fixpc_vs_p0": {
   "mean": 0.05112928020975168,
   "ci_lo": -0.013150461608827622,
   "ci_hi": 0.1240777537280184,
   "frac_positive": 0.9365,
   "n": 672,
   "n_boot": 2000
  },
  "fixpc_abstain_vs_p0": {
   "mean": 0.006961312620656425,
   "ci_lo": -0.05318326426687402,
   "ci_hi": 0.07732965153503382,
   "frac_positive": 0.584,
   "n": 672,
   "n_boot": 2000
  },
  "ddec_snr_vs_p0": {
   "mean": 0.03459462272215315,
   "ci_lo": -0.0314807076996014,
   "ci_hi": 0.10738339459055946,
   "frac_positive": 0.8365,
   "n": 672,
   "n_boot": 2000
  },
  "ddec_full_vs_p0": {
   "mean": 0.02921407374662493,
   "ci_lo": -0.03643231784516168,
   "ci_hi": 0.10699234762707377,
   "frac_positive": 0.801,
   "n": 672,
   "n_boot": 2000
  },
  "sq_vs_p0": {
   "mean": 0.005769517848998351,
   "ci_lo": -0.050921364495872916,
   "ci_hi": 0.07408632400725358,
   "frac_positive": 0.5635,
   "n": 672,
   "n_boot": 2000
  }
 },
 "verdict": {
  "fixpc_mean_ci_excludes_zero": false,
  "fixpc_worst_group_not_inferior_to_p0_abstain": false,
  "decision": "FAIL：回退最简单可复制组合（不做第三轮特征 finetuning）"
 },
 "config": {
  "seed": 20260705,
  "outer_k": 5,
  "inner_k": 4,
  "boot_b": 2000,
  "n_uids": 672,
  "actions": [
   "v_none",
   "v_median",
   "v_savgol",
   "v_stl",
   "v_wavelet",
   "v_winsor",
   "v_winsor_savgol",
   "f0_median_w9",
   "f0_median_w15",
   "f0_median_w25"
  ],
  "prereg": "results/Stage2/prereg_s2_replication.md §1",
  "protocol": "tensor_protocol_v3.json（frozen_full）"
 }
}