{"S2:S_both:n_hi_block_hi:0": 2.131299517018013, "S2:S_both:n_hi_block_hi:7": 2.0691223443277362, "S2:S_both:n_hi_block_lo:4": 1.931259230302492, "S2:S_both:n_hi_burst:2": 1.9105142879178771, "S2:S_both:n_hi_burst:9": 4.264390385094611, "S2:S_both:n_hi_full:4": 2.18833780323977, "S2:S_both:n_hi_rand_hi:2": 2.354254692046135, "S2:S_both:n_hi_rand_lo:1": 1.9950419477807229, "S2:S_both:n_hi_rand_lo:7": 2.04494977213656, "S2:S_both:n_lo_block_hi:5": 1.9143711032264827, "S2:S_both:n_lo_block_lo:1": 1.7409032548123546, "S2:S_both:n_lo_block_lo:8": 2.5310135405733303, "S2:S_both:n_lo_burst:6": 2.527957208119337, "S2:S_both:n_lo_full:2": 2.7711337975996493, "S2:S_both:n_lo_rand_hi:0": 1.6481004083808843, "S2:S_both:n_lo_rand_hi:5": 1.9341898260374941, "S2:S_both:n_lo_rand_lo:6": 3.3157171083990513, "S2:S_multiseason:n_hi_block_hi:1": 0.5238267880945466, "S2:S_multiseason:n_hi_block_hi:8": 0.8477532102115117, "S2:S_multiseason:n_hi_block_lo:7": 1.360738330618599, "S2:S_multiseason:n_hi_burst:3": 0.8613080887595318, "S2:S_multiseason:n_hi_full:1": 0.4832692156111086, "S2:S_multiseason:n_hi_full:8": 0.35613524699957916, "S2:S_multiseason:n_hi_rand_hi:6": 0.5523336028263994, "S2:S_multiseason:n_hi_rand_lo:2": 0.5269122533834986, "S2:S_multiseason:n_hi_rand_lo:7": 0.5518964999770748, "S2:S_multiseason:n_lo_block_hi:7": 0.34910400437685485, "S2:S_multiseason:n_lo_block_lo:2": 1.186655197234289, "S2:S_multiseason:n_lo_burst:0": 0.4031615880840643, "S2:S_multiseason:n_lo_burst:7": 1.171810490481633, "S2:S_multiseason:n_lo_full:5": 0.4472967017862342, "S2:S_multiseason:n_lo_rand_hi:3": 0.17287914736506615, "S2:S_multiseason:n_lo_rand_hi:8": 0.7380212258882016, "S2:S_multiseason:n_lo_rand_lo:6": 0.6709008054439627, "S2:S_regime:n_hi_block_hi:3": 7.688670801315764, "S2:S_regime:n_hi_block_lo:0": 3.389114885972079, "S2:S_regime:n_hi_block_lo:8": 7.6186329885221875, "S2:S_regime:n_hi_burst:3": 4.043572204871636, "S2:S_regime:n_hi_full:1": 2.8055891471184493, "S2:S_regime:n_hi_full:9": 5.089075141397372, "S2:S_regime:n_hi_rand_hi:6": 4.643472857309005, "S2:S_regime:n_hi_rand_lo:3": 1.2265846827941471, "S2:S_regime:n_lo_block_hi:0": 4.313468954305901, "S2:S_regime:n_lo_block_hi:5": 1.5176219397212143, "S2:S_regime:n_lo_block_lo:5": 2.890807915811791, "S2:S_regime:n_lo_burst:2": 2.545100935939027, "S2:S_regime:n_lo_burst:9": 1.294102506920616, "S2:S_regime:n_lo_full:5": 1.3596699954851188, "S2:S_regime:n_lo_rand_hi:3": 4.037521141564823, "S2:S_regime:n_lo_rand_lo:0": 4.7791919325587005, "S2:S_regime:n_lo_rand_lo:7": 3.615179713784424, "S2:S_trend:n_hi_block_hi:4": 6.963617125492314, "S2:S_trend:n_hi_block_lo:1": 10.291957384350011, "S2:S_trend:n_hi_block_lo:9": 7.042805404254376, "S2:S_trend:n_hi_burst:6": 7.1110544193985366, "S2:S_trend:n_hi_full:2": 6.924252473364588, "S2:S_trend:n_hi_rand_hi:0": 6.825872934171699, "S2:S_trend:n_hi_rand_hi:8": 7.17537384328969, "S2:S_trend:n_hi_rand_lo:6": 6.9847499153578125, "S2:S_trend:n_lo_block_hi:3": 13.13427715887786, "S2:S_trend:n_lo_block_hi:9": 8.503508923509028, "S2:S_trend:n_lo_block_lo:6": 7.077393959303721, "S2:S_trend:n_lo_burst:2": 8.341101372600045, "S2:S_trend:n_lo_full:0": 11.329496497582502, "S2:S_trend:n_lo_full:8": 4.72878747280388, "S2:S_trend:n_lo_rand_hi:4": 9.104687948971891, "S2:S_trend:n_lo_rand_lo:1": 4.733532951821461, "S2:S_trend:n_lo_rand_lo:9": 8.879522211487915, "S2:S_both:n_hi_block_hi:1": 1.9442475113631519, "S2:S_both:n_hi_block_hi:8": 1.9912317094893155, "S2:S_both:n_hi_block_lo:6": 2.103568457631286, "S2:S_both:n_hi_burst:4": 1.907499399318411, "S2:S_both:n_hi_full:0": 1.8700736886473546, "S2:S_both:n_hi_full:5": 1.8810309983989872, "S2:S_both:n_hi_rand_hi:4": 2.7540265259853025, "S2:S_both:n_hi_rand_lo:2": 1.89026449956344, "S2:S_both:n_hi_rand_lo:9": 1.197935808513916, "S2:S_both:n_lo_block_hi:6": 1.62171243046665, "S2:S_both:n_lo_block_lo:2": 1.3068445149771244, "S2:S_both:n_lo_burst:0": 2.512234363059521, "S2:S_both:n_lo_burst:7": 1.7251584672687208, "S2:S_both:n_lo_full:4": 1.5608480072694382, "S2:S_both:n_lo_rand_hi:1": 4.475929439850158, "S2:S_both:n_lo_rand_hi:9": 2.6332776926061436, "S2:S_both:n_lo_rand_lo:7": 2.3425229831198338, "S2:S_multiseason:n_hi_block_hi:2": 1.0790129505530281, "S2:S_multiseason:n_hi_block_lo:0": 1.3877149475619477, "S2:S_multiseason:n_hi_block_lo:8": 0.5802782692601759, "S2:S_multiseason:n_hi_burst:4": 1.334485485191184, "S2:S_multiseason:n_hi_full:2": 1.0630638155507808, "S2:S_multiseason:n_hi_full:9": 0.33936219544553475, "S2:S_multiseason:n_hi_rand_hi:7": 0.23493826067051737, "S2:S_multiseason:n_hi_rand_lo:3": 1.3351437246059927, "S2:S_multiseason:n_lo_block_hi:1": 1.2923189650382414, "S2:S_multiseason:n_lo_block_hi:8": 0.392582731600949, "S2:S_multiseason:n_lo_block_lo:3": 0.7461317745652347, "S2:S_multiseason:n_lo_burst:2": 0.8438675370890596, "S2:S_multiseason:n_lo_burst:8": 0.7356166517270805, "S2:S_multiseason:n_lo_full:6": 2.4845854610053064, "S2:S_multiseason:n_lo_rand_hi:4": 0.3001717793931041, "S2:S_multiseason:n_lo_rand_lo:0": 0.6204475314728501, "S2:S_multiseason:n_lo_rand_lo:7": 0.7082517251147866, "S2:S_regime:n_hi_block_hi:6": 2.5094362704423125, "S2:S_regime:n_hi_block_lo:2": 6.375040642731754, "S2:S_regime:n_hi_block_lo:9": 2.788669752600536, "S2:S_regime:n_hi_burst:4": 6.3187791548534245, "S2:S_regime:n_hi_full:3": 1.6335589200328129, "S2:S_regime:n_hi_rand_hi:1": 1.3994799408614504, "S2:S_regime:n_hi_rand_hi:8": 2.0702918128869254, "S2:S_regime:n_hi_rand_lo:4": 1.0185323464992266, "S2:S_regime:n_lo_block_hi:1": 3.4394489143509044, "S2:S_regime:n_lo_block_hi:7": 12.83798276760153, "S2:S_regime:n_lo_block_lo:6": 1.8468129847180221, "S2:S_regime:n_lo_burst:3": 1.9876180246527835, "S2:S_regime:n_lo_full:0": 1.1633304252578502, "S2:S_regime:n_lo_full:7": 3.94715474161356, "S2:S_regime:n_lo_rand_hi:4": 2.005113481716244, "S2:S_regime:n_lo_rand_lo:1": 3.2979102498048207, "S2:S_regime:n_lo_rand_lo:9": 1.3652916745995463, "S2:S_trend:n_hi_block_hi:5": 7.091947371776745, "S2:S_trend:n_hi_block_lo:3": 7.371842896593675, "S2:S_trend:n_hi_burst:0": 7.328042273335998, "S2:S_trend:n_hi_burst:8": 7.32425742538147, "S2:S_trend:n_hi_full:6": 6.878824542783459, "S2:S_trend:n_hi_rand_hi:2": 6.6897212064231795, "S2:S_trend:n_hi_rand_hi:9": 12.306538820957403, "S2:S_trend:n_hi_rand_lo:7": 7.018109655335284, "S2:S_trend:n_lo_block_hi:5": 6.7038588970015045, "S2:S_trend:n_lo_block_lo:1": 11.524731087476896, "S2:S_trend:n_lo_block_lo:7": 7.815981882458312, "S2:S_trend:n_lo_burst:5": 4.826693319538269, "S2:S_trend:n_lo_full:1": 6.237243525555072, "S2:S_trend:n_lo_full:9": 6.776738386806721, "S2:S_trend:n_lo_rand_hi:5": 5.777010076789944, "S2:S_trend:n_lo_rand_lo:2": 5.177558253791129, "S2:S_both:n_hi_block_hi:2": 2.0296557089599907, "S2:S_both:n_hi_block_lo:0": 2.13344610027701, "S2:S_both:n_hi_block_lo:7": 2.113602999943941, "S2:S_both:n_hi_burst:6": 1.4379145829092241, "S2:S_both:n_hi_full:1": 1.9842198435589444, "S2:S_both:n_hi_full:7": 2.0793093976013575, "S2:S_both:n_hi_rand_hi:6": 2.0381676873090804, "S2:S_both:n_hi_rand_lo:3": 2.2064335021987347, "S2:S_both:n_lo_block_hi:0": 2.0391418835503834, "S2:S_both:n_lo_block_hi:7": 1.5562274277281514, "S2:S_both:n_lo_block_lo:3": 3.1053047687303392, "S2:S_both:n_lo_burst:3": 2.8544526809552098, "S2:S_both:n_lo_burst:8": 2.862449628441563, "S2:S_both:n_lo_full:5": 3.2200026173626486, "S2:S_both:n_lo_rand_hi:2": 2.2265711238319272, "S2:S_both:n_lo_rand_lo:1": 2.038999098794039, "S2:S_both:n_lo_rand_lo:8": 3.41675800043971, "S2:S_multiseason:n_hi_block_hi:3": 1.591140397985459, "S2:S_multiseason:n_hi_block_lo:2": 0.9329318314918734, "S2:S_multiseason:n_hi_block_lo:9": 0.7355833496817131, "S2:S_multiseason:n_hi_burst:5": 0.565039923478578, "S2:S_multiseason:n_hi_full:3": 0.9196230576927491, "S2:S_multiseason:n_hi_rand_hi:0": 0.800122985746332, "S2:S_multiseason:n_hi_rand_hi:8": 0.7998306983979858, "S2:S_multiseason:n_hi_rand_lo:4": 0.23980622329116924, "S2:S_multiseason:n_lo_block_hi:3": 0.32529672574934226,