{"S2:S_both:n_hi_block_hi:0": 2.4926769566018243, "S2:S_both:n_hi_block_hi:7": 1.1213534680700785, "S2:S_both:n_hi_block_lo:4": 1.2671379884451157, "S2:S_both:n_hi_burst:2": 1.4097006350323908, "S2:S_both:n_hi_burst:9": 0.9865916657826841, "S2:S_both:n_hi_full:4": 1.313655615580578, "S2:S_both:n_hi_rand_hi:2": 1.1830258143817722, "S2:S_both:n_hi_rand_lo:1": 1.1750287962825152, "S2:S_both:n_hi_rand_lo:7": 1.2372639996452386, "S2:S_both:n_lo_block_hi:5": 1.244824933918609, "S2:S_both:n_lo_block_lo:1": 1.4557991231025231, "S2:S_both:n_lo_block_lo:8": 1.5179745834638838, "S2:S_both:n_lo_burst:6": 1.070745472804721, "S2:S_both:n_lo_full:2": 1.3674644745334121, "S2:S_both:n_lo_rand_hi:0": 1.5007418499365368, "S2:S_both:n_lo_rand_hi:5": 1.8429363282202273, "S2:S_both:n_lo_rand_lo:6": 1.2108333770033615, "S2:S_multiseason:n_hi_block_hi:1": 1.090094591031771, "S2:S_multiseason:n_hi_block_hi:8": 1.6290835990751615, "S2:S_multiseason:n_hi_block_lo:7": 2.048481127901189, "S2:S_multiseason:n_hi_burst:3": 1.7329806292702619, "S2:S_multiseason:n_hi_full:1": 1.2142832211207328, "S2:S_multiseason:n_hi_full:8": 1.201673502159905, "S2:S_multiseason:n_hi_rand_hi:6": 1.732236395287511, "S2:S_multiseason:n_hi_rand_lo:2": 1.2432066731892655, "S2:S_multiseason:n_hi_rand_lo:7": 1.210453178635739, "S2:S_multiseason:n_lo_block_hi:7": 0.9548103902490281, "S2:S_multiseason:n_lo_block_lo:2": 1.6999196591254109, "S2:S_multiseason:n_lo_burst:0": 1.7751218874852055, "S2:S_multiseason:n_lo_burst:7": 1.6676784342233355, "S2:S_multiseason:n_lo_full:5": 1.4513476892677926, "S2:S_multiseason:n_lo_rand_hi:3": 1.175644740377178, "S2:S_multiseason:n_lo_rand_hi:8": 1.917512783649054, "S2:S_multiseason:n_lo_rand_lo:6": 0.9969440528649484, "S2:S_regime:n_hi_block_hi:3": 8.715811074737934, "S2:S_regime:n_hi_block_lo:0": 3.770641023576675, "S2:S_regime:n_hi_block_lo:8": 5.436288992242403, "S2:S_regime:n_hi_burst:3": 4.875832582721104, "S2:S_regime:n_hi_full:1": 3.6874988987752877, "S2:S_regime:n_hi_full:9": 4.904693339563494, "S2:S_regime:n_hi_rand_hi:6": 5.2941743381635105, "S2:S_regime:n_hi_rand_lo:3": 1.2670522871549763, "S2:S_regime:n_lo_block_hi:0": 5.13820907479178, "S2:S_regime:n_lo_block_hi:5": 1.3842333205283863, "S2:S_regime:n_lo_block_lo:5": 2.008811699786259, "S2:S_regime:n_lo_burst:2": 2.089211576461563, "S2:S_regime:n_lo_burst:9": 0.8977759691781716, "S2:S_regime:n_lo_full:5": 1.0033956036725389, "S2:S_regime:n_lo_rand_hi:3": 5.796082126888929, "S2:S_regime:n_lo_rand_lo:0": 4.808121232397995, "S2:S_regime:n_lo_rand_lo:7": 4.1588202043846305, "S2:S_trend:n_hi_block_hi:4": 7.647229064220745, "S2:S_trend:n_hi_block_lo:1": 8.476824458817216, "S2:S_trend:n_hi_block_lo:9": 8.346773857781223, "S2:S_trend:n_hi_burst:6": 8.887512364440104, "S2:S_trend:n_hi_full:2": 8.253998288416094, "S2:S_trend:n_hi_rand_hi:0": 8.519979031082023, "S2:S_trend:n_hi_rand_hi:8": 8.771575582658649, "S2:S_trend:n_hi_rand_lo:6": 8.306821498918968, "S2:S_trend:n_lo_block_hi:3": 12.032890933175054, "S2:S_trend:n_lo_block_hi:9": 9.885718301951584, "S2:S_trend:n_lo_block_lo:6": 12.26883622435503, "S2:S_trend:n_lo_burst:2": 9.727941502658743, "S2:S_trend:n_lo_full:0": 8.302066734430369, "S2:S_trend:n_lo_full:8": 9.860215563348161, "S2:S_trend:n_lo_rand_hi:4": 8.005765226723517, "S2:S_trend:n_lo_rand_lo:1": 7.379261480009557, "S2:S_trend:n_lo_rand_lo:9": 10.504361588702624, "S2:S_both:n_hi_block_hi:1": 1.160273591307078, "S2:S_both:n_hi_block_hi:8": 1.154044383566285, "S2:S_both:n_hi_block_lo:6": 1.189775204407181, "S2:S_both:n_hi_burst:4": 1.2190070161643047, "S2:S_both:n_hi_full:0": 1.2784506689075226, "S2:S_both:n_hi_full:5": 1.254719043264755, "S2:S_both:n_hi_rand_hi:4": 1.1237656399765088, "S2:S_both:n_hi_rand_lo:2": 1.1670766163339168, "S2:S_both:n_hi_rand_lo:9": 1.0490325747821108, "S2:S_both:n_lo_block_hi:6": 1.3454188656340806, "S2:S_both:n_lo_block_lo:2": 1.1203286077055095, "S2:S_both:n_lo_burst:0": 0.9488793899195688, "S2:S_both:n_lo_burst:7": 1.5354338931120073, "S2:S_both:n_lo_full:4": 1.246725198614237, "S2:S_both:n_lo_rand_hi:1": 1.5822005752819035, "S2:S_both:n_lo_rand_hi:9": 1.5463679899797578, "S2:S_both:n_lo_rand_lo:7": 1.2493692514456594, "S2:S_multiseason:n_hi_block_hi:2": 0.9885079471508077, "S2:S_multiseason:n_hi_block_lo:0": 2.1005634610983908, "S2:S_multiseason:n_hi_block_lo:8": 0.9848016115480988, "S2:S_multiseason:n_hi_burst:4": 2.18153417768167, "S2:S_multiseason:n_hi_full:2": 1.626855231303963, "S2:S_multiseason:n_hi_full:9": 1.2215123560259815, "S2:S_multiseason:n_hi_rand_hi:7": 0.9719458083126861, "S2:S_multiseason:n_hi_rand_lo:3": 1.8814097087278747, "S2:S_multiseason:n_lo_block_hi:1": 1.1976643780145135, "S2:S_multiseason:n_lo_block_hi:8": 0.9665264846298374, "S2:S_multiseason:n_lo_block_lo:3": 1.2714733946227639, "S2:S_multiseason:n_lo_burst:2": 0.9167813466167158, "S2:S_multiseason:n_lo_burst:8": 0.9549702188287432, "S2:S_multiseason:n_lo_full:6": 1.2469689772755093, "S2:S_multiseason:n_lo_rand_hi:4": 1.445690002315619, "S2:S_multiseason:n_lo_rand_lo:0": 0.9233850802607844, "S2:S_multiseason:n_lo_rand_lo:7": 1.016392021194836, "S2:S_regime:n_hi_block_hi:6": 1.0139680213066113, "S2:S_regime:n_hi_block_lo:2": 5.134720987504916, "S2:S_regime:n_hi_block_lo:9": 3.629471877561996, "S2:S_regime:n_hi_burst:4": 7.549592868595358, "S2:S_regime:n_hi_full:3": 2.6842416847406585, "S2:S_regime:n_hi_rand_hi:1": 1.349688512243922, "S2:S_regime:n_hi_rand_hi:8": 1.4152724323241324, "S2:S_regime:n_hi_rand_lo:4": 1.0020762569597577, "S2:S_regime:n_lo_block_hi:1": 2.8021031409810297, "S2:S_regime:n_lo_block_hi:7": 6.964279564175454, "S2:S_regime:n_lo_block_lo:6": 2.40340479291021, "S2:S_regime:n_lo_burst:3": 1.2991271808887268, "S2:S_regime:n_lo_full:0": 2.6143899847597343, "S2:S_regime:n_lo_full:7": 1.2805551943801363, "S2:S_regime:n_lo_rand_hi:4": 1.5684070481591044, "S2:S_regime:n_lo_rand_lo:1": 2.5751863356876195, "S2:S_regime:n_lo_rand_lo:9": 1.1677936452738913, "S2:S_trend:n_hi_block_hi:5": 8.263833136251593, "S2:S_trend:n_hi_block_lo:3": 7.797770136128295, "S2:S_trend:n_hi_burst:0": 8.269117345138813, "S2:S_trend:n_hi_burst:8": 8.846921206969084, "S2:S_trend:n_hi_full:6": 8.161000644506567, "S2:S_trend:n_hi_rand_hi:2": 8.680125957955893, "S2:S_trend:n_hi_rand_hi:9": 7.584782646966034, "S2:S_trend:n_hi_rand_lo:7": 8.081331750631339, "S2:S_trend:n_lo_block_hi:5": 5.287263358689094, "S2:S_trend:n_lo_block_lo:1": 7.343787626697408, "S2:S_trend:n_lo_block_lo:7": 6.026137823068362, "S2:S_trend:n_lo_burst:5": 8.380556918762815, "S2:S_trend:n_lo_full:1": 8.825082894415333, "S2:S_trend:n_lo_full:9": 10.224054252238384, "S2:S_trend:n_lo_rand_hi:5": 9.242425172083909, "S2:S_trend:n_lo_rand_lo:2": 8.324330795205062, "S2:S_both:n_hi_block_hi:2": 1.2550725878229405, "S2:S_both:n_hi_block_lo:0": 1.207429817808557, "S2:S_both:n_hi_block_lo:7": 1.258931029993842, "S2:S_both:n_hi_burst:6": 1.0065828947522037, "S2:S_both:n_hi_full:1": 1.2268328066730825, "S2:S_both:n_hi_full:7": 1.3144959535439933, "S2:S_both:n_hi_rand_hi:6": 1.131642277428945, "S2:S_both:n_hi_rand_lo:3": 1.0861682301189148, "S2:S_both:n_lo_block_hi:0": 2.201389416930931, "S2:S_both:n_lo_block_hi:7": 2.5628545012900625, "S2:S_both:n_lo_block_lo:3": 0.9481063415866448, "S2:S_both:n_lo_burst:3": 1.645732302835728, "S2:S_both:n_lo_burst:8": 1.1961424582517057, "S2:S_both:n_lo_full:5": 1.3277377300848783, "S2:S_both:n_lo_rand_hi:2": 1.3602761013435831, "S2:S_both:n_lo_rand_lo:1": 1.4880794601330918, "S2:S_both:n_lo_rand_lo:8": 1.7064479450390317, "S2:S_multiseason:n_hi_block_hi:3": 1.478313082140709, "S2:S_multiseason:n_hi_block_lo:2": 1.49115788644379, "S2:S_multiseason:n_hi_block_lo:9": 1.0593717102368574, "S2:S_multiseason:n_hi_burst:5": 1.134123085141153, "S2:S_multiseason:n_hi_full:3": 1.489219216629827, "S2:S_multiseason:n_hi_rand_hi:0": 1.7750677404598825, "S2:S_multiseason:n_hi_rand_hi:8": 1.855549286867008, "S2:S_multiseason:n_hi_rand_lo:4": 1.197714834545499, "S2:S_multiseason:n_lo_block_hi:3": 1.7871329313029638,