{"S2:S_both:n_hi_block_hi:0": 2.1666507172078497, "S2:S_both:n_hi_block_hi:7": 2.338506583822327, "S2:S_both:n_hi_block_lo:4": 2.5364668317607206, "S2:S_both:n_hi_burst:2": 2.1199497442553357, "S2:S_both:n_hi_burst:9": 3.041360486511728, "S2:S_both:n_hi_full:4": 2.2948811812680576, "S2:S_both:n_hi_rand_hi:2": 2.2664749825106023, "S2:S_both:n_hi_rand_lo:1": 2.1597470681556485, "S2:S_both:n_hi_rand_lo:7": 2.1446006384760814, "S2:S_both:n_lo_block_hi:5": 2.2848235175736025, "S2:S_both:n_lo_block_lo:1": 2.499256847016745, "S2:S_both:n_lo_block_lo:8": 2.199833056793951, "S2:S_both:n_lo_burst:6": 3.11120565087186, "S2:S_both:n_lo_full:2": 1.8879893900093152, "S2:S_both:n_lo_rand_hi:0": 1.9968481312821698, "S2:S_both:n_lo_rand_hi:5": 2.062061821184456, "S2:S_both:n_lo_rand_lo:6": 2.6008845244399357, "S2:S_multiseason:n_hi_block_hi:1": 0.8890142476776131, "S2:S_multiseason:n_hi_block_hi:8": 1.1764659663887969, "S2:S_multiseason:n_hi_block_lo:7": 0.8468819183461302, "S2:S_multiseason:n_hi_burst:3": 1.2810098807705756, "S2:S_multiseason:n_hi_full:1": 0.8359732586793972, "S2:S_multiseason:n_hi_full:8": 0.6977245811765889, "S2:S_multiseason:n_hi_rand_hi:6": 1.1089957574183922, "S2:S_multiseason:n_hi_rand_lo:2": 0.8574939973483419, "S2:S_multiseason:n_hi_rand_lo:7": 0.7890407926967623, "S2:S_multiseason:n_lo_block_hi:7": 0.860510208094045, "S2:S_multiseason:n_lo_block_lo:2": 1.3950585604190142, "S2:S_multiseason:n_lo_burst:0": 1.2196905890534249, "S2:S_multiseason:n_lo_burst:7": 1.5541213041102375, "S2:S_multiseason:n_lo_full:5": 0.6783305216679538, "S2:S_multiseason:n_lo_rand_hi:3": 0.6460279868688931, "S2:S_multiseason:n_lo_rand_hi:8": 1.469561303527091, "S2:S_multiseason:n_lo_rand_lo:6": 1.0142756837156985, "S2:S_regime:n_hi_block_hi:3": 7.82506438791597, "S2:S_regime:n_hi_block_lo:0": 4.046488373235438, "S2:S_regime:n_hi_block_lo:8": 7.043552843433262, "S2:S_regime:n_hi_burst:3": 4.498206242957568, "S2:S_regime:n_hi_full:1": 3.1152105716162923, "S2:S_regime:n_hi_full:9": 5.8849616647127485, "S2:S_regime:n_hi_rand_hi:6": 4.523471091829586, "S2:S_regime:n_hi_rand_lo:3": 1.1683046523325766, "S2:S_regime:n_lo_block_hi:0": 4.928018487177836, "S2:S_regime:n_lo_block_hi:5": 1.1798151375922123, "S2:S_regime:n_lo_block_lo:5": 2.014994851556161, "S2:S_regime:n_lo_burst:2": 2.9200856737366934, "S2:S_regime:n_lo_burst:9": 0.47439138810014575, "S2:S_regime:n_lo_full:5": 1.0708133376818258, "S2:S_regime:n_lo_rand_hi:3": 7.655965279626158, "S2:S_regime:n_lo_rand_lo:0": 5.787669418319541, "S2:S_regime:n_lo_rand_lo:7": 5.25194799056759, "S2:S_trend:n_hi_block_hi:4": 8.388724655126147, "S2:S_trend:n_hi_block_lo:1": 10.421329373117242, "S2:S_trend:n_hi_block_lo:9": 7.051703120966248, "S2:S_trend:n_hi_burst:6": 9.456172831387585, "S2:S_trend:n_hi_full:2": 7.887363931069407, "S2:S_trend:n_hi_rand_hi:0": 6.729149339062511, "S2:S_trend:n_hi_rand_hi:8": 6.756280365398989, "S2:S_trend:n_hi_rand_lo:6": 6.895951367059557, "S2:S_trend:n_lo_block_hi:3": 11.534116761401966, "S2:S_trend:n_lo_block_hi:9": 8.83071881692599, "S2:S_trend:n_lo_block_lo:6": 8.29788096572922, "S2:S_trend:n_lo_burst:2": 7.60027511812811, "S2:S_trend:n_lo_full:0": 6.388402627955317, "S2:S_trend:n_lo_full:8": 7.984408198410121, "S2:S_trend:n_lo_rand_hi:4": 9.879905486705194, "S2:S_trend:n_lo_rand_lo:1": 9.228455712751277, "S2:S_trend:n_lo_rand_lo:9": 10.692354113425402, "S2:S_both:n_hi_block_hi:1": 2.1651170219506954, "S2:S_both:n_hi_block_hi:8": 2.121888653989968, "S2:S_both:n_hi_block_lo:6": 2.29969636312705, "S2:S_both:n_hi_burst:4": 2.1723869699527083, "S2:S_both:n_hi_full:0": 2.067577768071498, "S2:S_both:n_hi_full:5": 2.482462352372169, "S2:S_both:n_hi_rand_hi:4": 2.816279608334668, "S2:S_both:n_hi_rand_lo:2": 2.0315330092987693, "S2:S_both:n_hi_rand_lo:9": 2.558325649857114, "S2:S_both:n_lo_block_hi:6": 2.0036679641391006, "S2:S_both:n_lo_block_lo:2": 2.700834351374369, "S2:S_both:n_lo_burst:0": 2.6506481190527222, "S2:S_both:n_lo_burst:7": 3.15022987977022, "S2:S_both:n_lo_full:4": 2.2664580966792447, "S2:S_both:n_lo_rand_hi:1": 3.99191433781142, "S2:S_both:n_lo_rand_hi:9": 2.3775357430867965, "S2:S_both:n_lo_rand_lo:7": 2.3647820784013462, "S2:S_multiseason:n_hi_block_hi:2": 1.049500725674339, "S2:S_multiseason:n_hi_block_lo:0": 1.7859033388927041, "S2:S_multiseason:n_hi_block_lo:8": 0.938781274857106, "S2:S_multiseason:n_hi_burst:4": 1.4501084984506547, "S2:S_multiseason:n_hi_full:2": 1.243699924909609, "S2:S_multiseason:n_hi_full:9": 1.0396256316315537, "S2:S_multiseason:n_hi_rand_hi:7": 0.5603019828155997, "S2:S_multiseason:n_hi_rand_lo:3": 1.6548935768403652, "S2:S_multiseason:n_lo_block_hi:1": 1.2710918464857597, "S2:S_multiseason:n_lo_block_hi:8": 0.8064377043854227, "S2:S_multiseason:n_lo_block_lo:3": 1.2484349947024989, "S2:S_multiseason:n_lo_burst:2": 1.3202831460357272, "S2:S_multiseason:n_lo_burst:8": 0.9519562112556442, "S2:S_multiseason:n_lo_full:6": 1.601473705571615, "S2:S_multiseason:n_lo_rand_hi:4": 1.1395472812723346, "S2:S_multiseason:n_lo_rand_lo:0": 1.0770590638909372, "S2:S_multiseason:n_lo_rand_lo:7": 1.0700509844317945, "S2:S_regime:n_hi_block_hi:6": 4.929207800964828, "S2:S_regime:n_hi_block_lo:2": 6.260687181276726, "S2:S_regime:n_hi_block_lo:9": 2.0678831618124502, "S2:S_regime:n_hi_burst:4": 6.343156545944316, "S2:S_regime:n_hi_full:3": 1.841285875894078, "S2:S_regime:n_hi_rand_hi:1": 1.3074468203230665, "S2:S_regime:n_hi_rand_hi:8": 1.831995772162277, "S2:S_regime:n_hi_rand_lo:4": 2.468357882106472, "S2:S_regime:n_lo_block_hi:1": 2.8744444026880602, "S2:S_regime:n_lo_block_hi:7": 11.878476585444249, "S2:S_regime:n_lo_block_lo:6": 1.9298835794941083, "S2:S_regime:n_lo_burst:3": 1.2372674419453966, "S2:S_regime:n_lo_full:0": 1.2579185853249755, "S2:S_regime:n_lo_full:7": 2.151773955174307, "S2:S_regime:n_lo_rand_hi:4": 1.2378011454627291, "S2:S_regime:n_lo_rand_lo:1": 2.9008475790129773, "S2:S_regime:n_lo_rand_lo:9": 1.3911452313545518, "S2:S_trend:n_hi_block_hi:5": 6.718320357009935, "S2:S_trend:n_hi_block_lo:3": 7.002308673218992, "S2:S_trend:n_hi_burst:0": 7.339186415059373, "S2:S_trend:n_hi_burst:8": 7.247127353993515, "S2:S_trend:n_hi_full:6": 6.911091522344574, "S2:S_trend:n_hi_rand_hi:2": 6.888073935777706, "S2:S_trend:n_hi_rand_hi:9": 9.724167015162589, "S2:S_trend:n_hi_rand_lo:7": 6.940636194447888, "S2:S_trend:n_lo_block_hi:5": 7.7398187446886, "S2:S_trend:n_lo_block_lo:1": 8.488609977013438, "S2:S_trend:n_lo_block_lo:7": 8.601362131748436, "S2:S_trend:n_lo_burst:5": 7.51353482356238, "S2:S_trend:n_lo_full:1": 5.913820629544319, "S2:S_trend:n_lo_full:9": 9.524052279265797, "S2:S_trend:n_lo_rand_hi:5": 6.5821889031084115, "S2:S_trend:n_lo_rand_lo:2": 7.8347487431180705, "S2:S_both:n_hi_block_hi:2": 2.3982136087518864, "S2:S_both:n_hi_block_lo:0": 2.307389536965861, "S2:S_both:n_hi_block_lo:7": 2.3138403536248267, "S2:S_both:n_hi_burst:6": 2.07341534961248, "S2:S_both:n_hi_full:1": 2.2493442217559685, "S2:S_both:n_hi_full:7": 2.1503292663469575, "S2:S_both:n_hi_rand_hi:6": 2.268442799116183, "S2:S_both:n_hi_rand_lo:3": 2.3598011994611836, "S2:S_both:n_lo_block_hi:0": 1.9875042293756793, "S2:S_both:n_lo_block_hi:7": 2.4934357465325183, "S2:S_both:n_lo_block_lo:3": 2.9141697318728146, "S2:S_both:n_lo_burst:3": 3.0074755441262138, "S2:S_both:n_lo_burst:8": 2.3129352925335325, "S2:S_both:n_lo_full:5": 2.5159967382959905, "S2:S_both:n_lo_rand_hi:2": 2.502401004109409, "S2:S_both:n_lo_rand_lo:1": 2.052588825966286, "S2:S_both:n_lo_rand_lo:8": 2.0352374991365054, "S2:S_multiseason:n_hi_block_hi:3": 1.5969389334425579, "S2:S_multiseason:n_hi_block_lo:2": 1.1695475702817937, "S2:S_multiseason:n_hi_block_lo:9": 0.7816163261635991, "S2:S_multiseason:n_hi_burst:5": 0.8622210717963635, "S2:S_multiseason:n_hi_full:3": 1.1833776690109619, "S2:S_multiseason:n_hi_rand_hi:0": 1.217932312173428, "S2:S_multiseason:n_hi_rand_hi:8": 1.2061589828177008, "S2:S_multiseason:n_hi_rand_lo:4": 0.4672324190540099, "S2:S_multiseason:n_lo_block_hi:3": 1.106310117733245,