{"S2:S_both:n_hi_block_hi:0": 2.208699673489226, "S2:S_both:n_hi_block_hi:7": 1.7514282691753242, "S2:S_both:n_hi_block_lo:4": 1.821463295644469, "S2:S_both:n_hi_burst:2": 1.7512478454270526, "S2:S_both:n_hi_burst:9": 1.9165931893536972, "S2:S_both:n_hi_full:4": 1.7135953843969727, "S2:S_both:n_hi_rand_hi:2": 1.7568628990584432, "S2:S_both:n_hi_rand_lo:1": 1.6911079183448885, "S2:S_both:n_hi_rand_lo:7": 1.7822864430769945, "S2:S_both:n_lo_block_hi:5": 1.8537901215777914, "S2:S_both:n_lo_block_lo:1": 1.7879048553671746, "S2:S_both:n_lo_block_lo:8": 1.6871210672713908, "S2:S_both:n_lo_burst:6": 1.7966710458182469, "S2:S_both:n_lo_full:2": 1.8664261343351891, "S2:S_both:n_lo_rand_hi:0": 1.6975894867772423, "S2:S_both:n_lo_rand_hi:5": 1.806619155538402, "S2:S_both:n_lo_rand_lo:6": 2.1365740186913365, "S2:S_multiseason:n_hi_block_hi:1": 1.064031013128025, "S2:S_multiseason:n_hi_block_hi:8": 1.4386013594444225, "S2:S_multiseason:n_hi_block_lo:7": 1.6222270895677366, "S2:S_multiseason:n_hi_burst:3": 1.4485338942391015, "S2:S_multiseason:n_hi_full:1": 1.0298994852977652, "S2:S_multiseason:n_hi_full:8": 1.09962799957564, "S2:S_multiseason:n_hi_rand_hi:6": 1.3426938537727464, "S2:S_multiseason:n_hi_rand_lo:2": 1.0670294689926665, "S2:S_multiseason:n_hi_rand_lo:7": 1.0360932728728873, "S2:S_multiseason:n_lo_block_hi:7": 1.0985218271221946, "S2:S_multiseason:n_lo_block_lo:2": 1.3912984645473652, "S2:S_multiseason:n_lo_burst:0": 1.3085951889691465, "S2:S_multiseason:n_lo_burst:7": 1.545352335934799, "S2:S_multiseason:n_lo_full:5": 1.1045092221420019, "S2:S_multiseason:n_lo_rand_hi:3": 1.1550293149850528, "S2:S_multiseason:n_lo_rand_hi:8": 1.2967225036223398, "S2:S_multiseason:n_lo_rand_lo:6": 1.2279347500140185, "S2:S_regime:n_hi_block_hi:3": 7.9461810175584615, "S2:S_regime:n_hi_block_lo:0": 3.198606255408335, "S2:S_regime:n_hi_block_lo:8": 5.296467780506744, "S2:S_regime:n_hi_burst:3": 5.0467443335296345, "S2:S_regime:n_hi_full:1": 3.0904383297833826, "S2:S_regime:n_hi_full:9": 5.398867741956078, "S2:S_regime:n_hi_rand_hi:6": 4.514398823837589, "S2:S_regime:n_hi_rand_lo:3": 1.016038680532479, "S2:S_regime:n_lo_block_hi:0": 5.06801606841825, "S2:S_regime:n_lo_block_hi:5": 0.7207866834267614, "S2:S_regime:n_lo_block_lo:5": 1.924359556396614, "S2:S_regime:n_lo_burst:2": 1.7323570849578196, "S2:S_regime:n_lo_burst:9": 1.1123423792702865, "S2:S_regime:n_lo_full:5": 1.0906259008641335, "S2:S_regime:n_lo_rand_hi:3": 5.704047772664513, "S2:S_regime:n_lo_rand_lo:0": 3.429147638466101, "S2:S_regime:n_lo_rand_lo:7": 4.89465531923169, "S2:S_trend:n_hi_block_hi:4": 7.14123769250843, "S2:S_trend:n_hi_block_lo:1": 7.123006000744733, "S2:S_trend:n_hi_block_lo:9": 7.181518552479343, "S2:S_trend:n_hi_burst:6": 7.180000004819315, "S2:S_trend:n_hi_full:2": 7.481027180354436, "S2:S_trend:n_hi_rand_hi:0": 6.942077439875249, "S2:S_trend:n_hi_rand_hi:8": 7.436533772683231, "S2:S_trend:n_hi_rand_lo:6": 6.996571214972882, "S2:S_trend:n_lo_block_hi:3": 9.2359814906392, "S2:S_trend:n_lo_block_hi:9": 8.928768402092139, "S2:S_trend:n_lo_block_lo:6": 9.047125015712998, "S2:S_trend:n_lo_burst:2": 8.869510932516643, "S2:S_trend:n_lo_full:0": 8.249217070690724, "S2:S_trend:n_lo_full:8": 7.910326392242291, "S2:S_trend:n_lo_rand_hi:4": 7.306217328307049, "S2:S_trend:n_lo_rand_lo:1": 8.180623527415596, "S2:S_trend:n_lo_rand_lo:9": 6.850466197868156, "S2:S_both:n_hi_block_hi:1": 1.8100576728193265, "S2:S_both:n_hi_block_hi:8": 1.7421504773183072, "S2:S_both:n_hi_block_lo:6": 1.7577261516212983, "S2:S_both:n_hi_burst:4": 1.7713173930522048, "S2:S_both:n_hi_full:0": 1.7404699624389524, "S2:S_both:n_hi_full:5": 1.7238200847902012, "S2:S_both:n_hi_rand_hi:4": 1.73152574286058, "S2:S_both:n_hi_rand_lo:2": 1.7446758973412264, "S2:S_both:n_hi_rand_lo:9": 1.6977051000647814, "S2:S_both:n_lo_block_hi:6": 2.699363773863911, "S2:S_both:n_lo_block_lo:2": 1.8922788629312508, "S2:S_both:n_lo_burst:0": 1.7283504248817003, "S2:S_both:n_lo_burst:7": 1.7809117783575916, "S2:S_both:n_lo_full:4": 1.8639285344245469, "S2:S_both:n_lo_rand_hi:1": 1.4569972338265684, "S2:S_both:n_lo_rand_hi:9": 1.604495117950349, "S2:S_both:n_lo_rand_lo:7": 1.6432747330282456, "S2:S_multiseason:n_hi_block_hi:2": 1.021913160279092, "S2:S_multiseason:n_hi_block_lo:0": 1.7189524980920017, "S2:S_multiseason:n_hi_block_lo:8": 0.966915865709774, "S2:S_multiseason:n_hi_burst:4": 1.9257671201190831, "S2:S_multiseason:n_hi_full:2": 1.569172264640176, "S2:S_multiseason:n_hi_full:9": 0.9894597985898373, "S2:S_multiseason:n_hi_rand_hi:7": 1.064087377543904, "S2:S_multiseason:n_hi_rand_lo:3": 1.7780575476204168, "S2:S_multiseason:n_lo_block_hi:1": 1.279986295113539, "S2:S_multiseason:n_lo_block_hi:8": 1.035987664196424, "S2:S_multiseason:n_lo_block_lo:3": 1.2164295684731652, "S2:S_multiseason:n_lo_burst:2": 0.948605245658091, "S2:S_multiseason:n_lo_burst:8": 1.124142828573913, "S2:S_multiseason:n_lo_full:6": 1.4548116545715393, "S2:S_multiseason:n_lo_rand_hi:4": 1.195128709755114, "S2:S_multiseason:n_lo_rand_lo:0": 1.0429366763296481, "S2:S_multiseason:n_lo_rand_lo:7": 1.345845098742353, "S2:S_regime:n_hi_block_hi:6": 1.1718043458736753, "S2:S_regime:n_hi_block_lo:2": 4.865694238979578, "S2:S_regime:n_hi_block_lo:9": 3.6086093316222487, "S2:S_regime:n_hi_burst:4": 6.180671632161668, "S2:S_regime:n_hi_full:3": 2.7600263715286215, "S2:S_regime:n_hi_rand_hi:1": 1.3456928966309352, "S2:S_regime:n_hi_rand_hi:8": 1.4508457673598925, "S2:S_regime:n_hi_rand_lo:4": 1.4201455225892796, "S2:S_regime:n_lo_block_hi:1": 1.1106441090370862, "S2:S_regime:n_lo_block_hi:7": 6.060197809302041, "S2:S_regime:n_lo_block_lo:6": 2.416063234242194, "S2:S_regime:n_lo_burst:3": 1.4488841751749582, "S2:S_regime:n_lo_full:0": 1.2648689596206613, "S2:S_regime:n_lo_full:7": 2.476442608811129, "S2:S_regime:n_lo_rand_hi:4": 1.3473380665266055, "S2:S_regime:n_lo_rand_lo:1": 2.6890896242300815, "S2:S_regime:n_lo_rand_lo:9": 1.1736736375862242, "S2:S_trend:n_hi_block_hi:5": 7.118604213397823, "S2:S_trend:n_hi_block_lo:3": 7.17789208460916, "S2:S_trend:n_hi_burst:0": 7.235123365594948, "S2:S_trend:n_hi_burst:8": 7.222996209779537, "S2:S_trend:n_hi_full:6": 7.12471110704422, "S2:S_trend:n_hi_rand_hi:2": 7.119431690209418, "S2:S_trend:n_hi_rand_hi:9": 7.3991769319414376, "S2:S_trend:n_hi_rand_lo:7": 6.514168659762964, "S2:S_trend:n_lo_block_hi:5": 6.800132826202512, "S2:S_trend:n_lo_block_lo:1": 10.660996245547889, "S2:S_trend:n_lo_block_lo:7": 8.881262628454271, "S2:S_trend:n_lo_burst:5": 8.51893354894575, "S2:S_trend:n_lo_full:1": 7.524347235648017, "S2:S_trend:n_lo_full:9": 7.809886181826232, "S2:S_trend:n_lo_rand_hi:5": 6.2942431281386515, "S2:S_trend:n_lo_rand_lo:2": 7.2168396251786975, "S2:S_both:n_hi_block_hi:2": 1.710491916423386, "S2:S_both:n_hi_block_lo:0": 1.8078400142938345, "S2:S_both:n_hi_block_lo:7": 1.8813286079895721, "S2:S_both:n_hi_burst:6": 1.816286083259588, "S2:S_both:n_hi_full:1": 1.7385419192926597, "S2:S_both:n_hi_full:7": 1.740440424155068, "S2:S_both:n_hi_rand_hi:6": 1.7083716616317133, "S2:S_both:n_hi_rand_lo:3": 1.8353028454858558, "S2:S_both:n_lo_block_hi:0": 2.0482074497717324, "S2:S_both:n_lo_block_hi:7": 3.504114605973597, "S2:S_both:n_lo_block_lo:3": 2.350776469820018, "S2:S_both:n_lo_burst:3": 2.0045496594721928, "S2:S_both:n_lo_burst:8": 2.1722315237437986, "S2:S_both:n_lo_full:5": 1.9674499615459318, "S2:S_both:n_lo_rand_hi:2": 1.9856128758418987, "S2:S_both:n_lo_rand_lo:1": 1.4814141394733569, "S2:S_both:n_lo_rand_lo:8": 2.0473477862209664, "S2:S_multiseason:n_hi_block_hi:3": 1.488256239284188, "S2:S_multiseason:n_hi_block_lo:2": 1.4234072551472343, "S2:S_multiseason:n_hi_block_lo:9": 0.8412608216562243, "S2:S_multiseason:n_hi_burst:5": 1.0166194653443343, "S2:S_multiseason:n_hi_full:3": 1.3954422101993125, "S2:S_multiseason:n_hi_rand_hi:0": 1.3521989738107767, "S2:S_multiseason:n_hi_rand_hi:8": 1.393603958125142, "S2:S_multiseason:n_hi_rand_lo:4": 1.1714462280455105, "S2:S_multiseason:n_lo_block_hi:3": 1.7604021018657958,