{"S2:S_both:n_hi_block_hi:0": 1.8816113926886247, "S2:S_both:n_hi_block_hi:7": 1.9324127027410962, "S2:S_both:n_hi_block_lo:4": 2.0003105508678605, "S2:S_both:n_hi_burst:2": 1.8399319762016693, "S2:S_both:n_hi_burst:9": 3.435488929650413, "S2:S_both:n_hi_full:4": 2.033738280527885, "S2:S_both:n_hi_rand_hi:2": 2.025005853457637, "S2:S_both:n_hi_rand_lo:1": 1.9372148806016116, "S2:S_both:n_hi_rand_lo:7": 1.9406910677196032, "S2:S_both:n_lo_block_hi:5": 2.209122981793855, "S2:S_both:n_lo_block_lo:1": 2.386245628610371, "S2:S_both:n_lo_block_lo:8": 2.1282011178243736, "S2:S_both:n_lo_burst:6": 2.730127423396884, "S2:S_both:n_lo_full:2": 1.8693480517550003, "S2:S_both:n_lo_rand_hi:0": 1.6906273577748814, "S2:S_both:n_lo_rand_hi:5": 1.9664424519816213, "S2:S_both:n_lo_rand_lo:6": 2.784737820728383, "S2:S_multiseason:n_hi_block_hi:1": 0.15734517151751412, "S2:S_multiseason:n_hi_block_hi:8": 0.9148439549144659, "S2:S_multiseason:n_hi_block_lo:7": 1.4156142024412628, "S2:S_multiseason:n_hi_burst:3": 0.9328882154708807, "S2:S_multiseason:n_hi_full:1": 0.4434344369520955, "S2:S_multiseason:n_hi_full:8": 0.38762198775604834, "S2:S_multiseason:n_hi_rand_hi:6": 0.690854514981948, "S2:S_multiseason:n_hi_rand_lo:2": 0.5466027119791504, "S2:S_multiseason:n_hi_rand_lo:7": 0.5786580552498813, "S2:S_multiseason:n_lo_block_hi:7": 0.41054825444619136, "S2:S_multiseason:n_lo_block_lo:2": 1.3245275346567154, "S2:S_multiseason:n_lo_burst:0": 0.4615630680150338, "S2:S_multiseason:n_lo_burst:7": 1.063824505539522, "S2:S_multiseason:n_lo_full:5": 0.355938389754458, "S2:S_multiseason:n_lo_rand_hi:3": 0.21560669096694146, "S2:S_multiseason:n_lo_rand_hi:8": 0.9629384245673333, "S2:S_multiseason:n_lo_rand_lo:6": 0.33598665774613046, "S2:S_regime:n_hi_block_hi:3": 7.843424479746839, "S2:S_regime:n_hi_block_lo:0": 3.9727566123972347, "S2:S_regime:n_hi_block_lo:8": 8.261469234656015, "S2:S_regime:n_hi_burst:3": 3.750248517318119, "S2:S_regime:n_hi_full:1": 2.9801125494851637, "S2:S_regime:n_hi_full:9": 6.749807626174456, "S2:S_regime:n_hi_rand_hi:6": 4.743115496506764, "S2:S_regime:n_hi_rand_lo:3": 1.1778178186880075, "S2:S_regime:n_lo_block_hi:0": 4.806710644498065, "S2:S_regime:n_lo_block_hi:5": 1.0839115862725222, "S2:S_regime:n_lo_block_lo:5": 2.845603462975872, "S2:S_regime:n_lo_burst:2": 3.054389426993649, "S2:S_regime:n_lo_burst:9": 1.449766854163735, "S2:S_regime:n_lo_full:5": 1.2272697970810176, "S2:S_regime:n_lo_rand_hi:3": 6.2342425794651, "S2:S_regime:n_lo_rand_lo:0": 5.477094898734017, "S2:S_regime:n_lo_rand_lo:7": 4.374177035124516, "S2:S_trend:n_hi_block_hi:4": 6.789553805593571, "S2:S_trend:n_hi_block_lo:1": 9.207708337207512, "S2:S_trend:n_hi_block_lo:9": 7.159761813093428, "S2:S_trend:n_hi_burst:6": 7.237512636135971, "S2:S_trend:n_hi_full:2": 8.032800367066928, "S2:S_trend:n_hi_rand_hi:0": 7.03887677015765, "S2:S_trend:n_hi_rand_hi:8": 7.22411989000332, "S2:S_trend:n_hi_rand_lo:6": 6.9600735979758275, "S2:S_trend:n_lo_block_hi:3": 11.087017400641514, "S2:S_trend:n_lo_block_hi:9": 8.52773453640646, "S2:S_trend:n_lo_block_lo:6": 6.958895569397716, "S2:S_trend:n_lo_burst:2": 7.689474694270647, "S2:S_trend:n_lo_full:0": 8.592890147984011, "S2:S_trend:n_lo_full:8": 7.1693503636257345, "S2:S_trend:n_lo_rand_hi:4": 9.446854118691943, "S2:S_trend:n_lo_rand_lo:1": 6.934973030049704, "S2:S_trend:n_lo_rand_lo:9": 7.97581822397616, "S2:S_both:n_hi_block_hi:1": 1.9019064116235551, "S2:S_both:n_hi_block_hi:8": 1.7001681128944315, "S2:S_both:n_hi_block_lo:6": 2.2344334905347054, "S2:S_both:n_hi_burst:4": 1.8392107411930556, "S2:S_both:n_hi_full:0": 1.906727976987319, "S2:S_both:n_hi_full:5": 1.774312035419507, "S2:S_both:n_hi_rand_hi:4": 1.778511662908282, "S2:S_both:n_hi_rand_lo:2": 1.987931457026189, "S2:S_both:n_hi_rand_lo:9": 1.9574978468531419, "S2:S_both:n_lo_block_hi:6": 2.137119274315159, "S2:S_both:n_lo_block_lo:2": 2.7393402877584583, "S2:S_both:n_lo_burst:0": 2.275139646859939, "S2:S_both:n_lo_burst:7": 1.6564301949955669, "S2:S_both:n_lo_full:4": 2.069519488035928, "S2:S_both:n_lo_rand_hi:1": 3.5306728969807337, "S2:S_both:n_lo_rand_hi:9": 2.323262224675921, "S2:S_both:n_lo_rand_lo:7": 2.4045480559869605, "S2:S_multiseason:n_hi_block_hi:2": 0.9783523169857734, "S2:S_multiseason:n_hi_block_lo:0": 1.446246779246141, "S2:S_multiseason:n_hi_block_lo:8": 0.47835088575556783, "S2:S_multiseason:n_hi_burst:4": 1.519767003876813, "S2:S_multiseason:n_hi_full:2": 1.0754600683068956, "S2:S_multiseason:n_hi_full:9": 0.5379543129670554, "S2:S_multiseason:n_hi_rand_hi:7": 0.25222296177505577, "S2:S_multiseason:n_hi_rand_lo:3": 1.3922121993882577, "S2:S_multiseason:n_lo_block_hi:1": 1.1685163487737955, "S2:S_multiseason:n_lo_block_hi:8": 0.8058822682015104, "S2:S_multiseason:n_lo_block_lo:3": 1.0093149101937178, "S2:S_multiseason:n_lo_burst:2": 0.5900769983951237, "S2:S_multiseason:n_lo_burst:8": 1.026026335770731, "S2:S_multiseason:n_lo_full:6": 0.9726223310642708, "S2:S_multiseason:n_lo_rand_hi:4": 0.7006081668970137, "S2:S_multiseason:n_lo_rand_lo:0": 0.6129108486901124, "S2:S_multiseason:n_lo_rand_lo:7": 0.4562003150159751, "S2:S_regime:n_hi_block_hi:6": 2.4327520537598026, "S2:S_regime:n_hi_block_lo:2": 6.460414116536442, "S2:S_regime:n_hi_block_lo:9": 3.704152148966043, "S2:S_regime:n_hi_burst:4": 6.524215481961332, "S2:S_regime:n_hi_full:3": 1.8354123605807826, "S2:S_regime:n_hi_rand_hi:1": 1.3470962377069842, "S2:S_regime:n_hi_rand_hi:8": 2.0997103420271173, "S2:S_regime:n_hi_rand_lo:4": 3.0223470205808267, "S2:S_regime:n_lo_block_hi:1": 3.3894256076377283, "S2:S_regime:n_lo_block_hi:7": 15.033570572304553, "S2:S_regime:n_lo_block_lo:6": 2.0127791147225675, "S2:S_regime:n_lo_burst:3": 1.170317709800636, "S2:S_regime:n_lo_full:0": 1.1335782058142587, "S2:S_regime:n_lo_full:7": 3.16479423343978, "S2:S_regime:n_lo_rand_hi:4": 1.8053218994534728, "S2:S_regime:n_lo_rand_lo:1": 3.960792216365745, "S2:S_regime:n_lo_rand_lo:9": 1.3486492730682302, "S2:S_trend:n_hi_block_hi:5": 6.9084484475232495, "S2:S_trend:n_hi_block_lo:3": 7.039980760228104, "S2:S_trend:n_hi_burst:0": 7.6660206082550095, "S2:S_trend:n_hi_burst:8": 7.114258175053027, "S2:S_trend:n_hi_full:6": 6.987289981670335, "S2:S_trend:n_hi_rand_hi:2": 6.919931420525233, "S2:S_trend:n_hi_rand_hi:9": 12.225670346705398, "S2:S_trend:n_hi_rand_lo:7": 6.864499263240703, "S2:S_trend:n_lo_block_hi:5": 6.925006694996776, "S2:S_trend:n_lo_block_lo:1": 9.66686606194597, "S2:S_trend:n_lo_block_lo:7": 8.006637564294083, "S2:S_trend:n_lo_burst:5": 6.65209279254269, "S2:S_trend:n_lo_full:1": 6.548575817890987, "S2:S_trend:n_lo_full:9": 8.005438191761968, "S2:S_trend:n_lo_rand_hi:5": 6.6642425236503025, "S2:S_trend:n_lo_rand_lo:2": 6.533501235582678, "S2:S_both:n_hi_block_hi:2": 1.7687417774193763, "S2:S_both:n_hi_block_lo:0": 2.229628523580678, "S2:S_both:n_hi_block_lo:7": 2.262873429882464, "S2:S_both:n_hi_burst:6": 1.351340568352361, "S2:S_both:n_hi_full:1": 1.9526167303009656, "S2:S_both:n_hi_full:7": 2.015228310843072, "S2:S_both:n_hi_rand_hi:6": 1.9705916363590479, "S2:S_both:n_hi_rand_lo:3": 2.231797995220447, "S2:S_both:n_lo_block_hi:0": 1.7573221919115958, "S2:S_both:n_lo_block_hi:7": 1.6395209707891656, "S2:S_both:n_lo_block_lo:3": 2.9205883455675874, "S2:S_both:n_lo_burst:3": 2.5910672657078404, "S2:S_both:n_lo_burst:8": 2.175298672984207, "S2:S_both:n_lo_full:5": 2.9501201895963853, "S2:S_both:n_lo_rand_hi:2": 2.4128286392318223, "S2:S_both:n_lo_rand_lo:1": 2.012912879627276, "S2:S_both:n_lo_rand_lo:8": 3.1825600423525464, "S2:S_multiseason:n_hi_block_hi:3": 1.6256496246642407, "S2:S_multiseason:n_hi_block_lo:2": 0.8214386615173914, "S2:S_multiseason:n_hi_block_lo:9": 0.2219858027382427, "S2:S_multiseason:n_hi_burst:5": 0.32162695130328983, "S2:S_multiseason:n_hi_full:3": 0.9524360626345496, "S2:S_multiseason:n_hi_rand_hi:0": 0.8430657268328984, "S2:S_multiseason:n_hi_rand_hi:8": 0.835251690242415, "S2:S_multiseason:n_hi_rand_lo:4": 0.2483466938391473, "S2:S_multiseason:n_lo_block_hi:3": 0.4940906882539961,