{"S2:S_both:n_hi_block_hi:0": 2.1609540690974156, "S2:S_both:n_hi_block_hi:7": 2.0366658168863636, "S2:S_both:n_hi_block_lo:4": 2.0076933756640636, "S2:S_both:n_hi_burst:2": 2.0437235908101323, "S2:S_both:n_hi_burst:9": 2.1425794023846985, "S2:S_both:n_hi_full:4": 2.147263120528217, "S2:S_both:n_hi_rand_hi:2": 2.094389907843718, "S2:S_both:n_hi_rand_lo:1": 2.066924683916154, "S2:S_both:n_hi_rand_lo:7": 2.1422772243166164, "S2:S_both:n_lo_block_hi:5": 1.8504575947135575, "S2:S_both:n_lo_block_lo:1": 2.2728065752961557, "S2:S_both:n_lo_block_lo:8": 2.4631421851312947, "S2:S_both:n_lo_burst:6": 2.465678673866697, "S2:S_both:n_lo_full:2": 2.443794059833247, "S2:S_both:n_lo_rand_hi:0": 1.9909199159169937, "S2:S_both:n_lo_rand_hi:5": 1.4264559007549782, "S2:S_both:n_lo_rand_lo:6": 2.6509884970249042, "S2:S_multiseason:n_hi_block_hi:1": 0.6531729342297999, "S2:S_multiseason:n_hi_block_hi:8": 1.302912078540711, "S2:S_multiseason:n_hi_block_lo:7": 1.8916799027080615, "S2:S_multiseason:n_hi_burst:3": 1.5106886073706205, "S2:S_multiseason:n_hi_full:1": 0.9038826490181898, "S2:S_multiseason:n_hi_full:8": 1.0101410266536939, "S2:S_multiseason:n_hi_rand_hi:6": 1.2341222942599188, "S2:S_multiseason:n_hi_rand_lo:2": 0.9067886862153345, "S2:S_multiseason:n_hi_rand_lo:7": 0.8668754766774326, "S2:S_multiseason:n_lo_block_hi:7": 0.5373300453980574, "S2:S_multiseason:n_lo_block_lo:2": 1.269927068838252, "S2:S_multiseason:n_lo_burst:0": 1.3862213284381584, "S2:S_multiseason:n_lo_burst:7": 1.7323067730410258, "S2:S_multiseason:n_lo_full:5": 1.0908960767085276, "S2:S_multiseason:n_lo_rand_hi:3": 1.1545979410711047, "S2:S_multiseason:n_lo_rand_hi:8": 1.6353461953810917, "S2:S_multiseason:n_lo_rand_lo:6": 0.8437993015658176, "S2:S_regime:n_hi_block_hi:3": 8.020601279758978, "S2:S_regime:n_hi_block_lo:0": 3.187193410696601, "S2:S_regime:n_hi_block_lo:8": 5.771891414557453, "S2:S_regime:n_hi_burst:3": 3.994156616897975, "S2:S_regime:n_hi_full:1": 3.090758927712643, "S2:S_regime:n_hi_full:9": 3.915309309902588, "S2:S_regime:n_hi_rand_hi:6": 4.884789513387495, "S2:S_regime:n_hi_rand_lo:3": 1.447247986318594, "S2:S_regime:n_lo_block_hi:0": 4.892411068372984, "S2:S_regime:n_lo_block_hi:5": 1.120676869497877, "S2:S_regime:n_lo_block_lo:5": 1.6848972291645805, "S2:S_regime:n_lo_burst:2": 2.7391506898341698, "S2:S_regime:n_lo_burst:9": 0.9456685588334522, "S2:S_regime:n_lo_full:5": 1.1709072697565728, "S2:S_regime:n_lo_rand_hi:3": 4.096180440375718, "S2:S_regime:n_lo_rand_lo:0": 5.443705413344617, "S2:S_regime:n_lo_rand_lo:7": 5.015908381594399, "S2:S_trend:n_hi_block_hi:4": 7.442443381380458, "S2:S_trend:n_hi_block_lo:1": 7.337091743392992, "S2:S_trend:n_hi_block_lo:9": 7.358620554650123, "S2:S_trend:n_hi_burst:6": 7.323013618377008, "S2:S_trend:n_hi_full:2": 7.392741243067484, "S2:S_trend:n_hi_rand_hi:0": 7.142752374497755, "S2:S_trend:n_hi_rand_hi:8": 7.454455543783194, "S2:S_trend:n_hi_rand_lo:6": 7.428884043802496, "S2:S_trend:n_lo_block_hi:3": 10.946386019485518, "S2:S_trend:n_lo_block_hi:9": 16.928397186411345, "S2:S_trend:n_lo_block_lo:6": 9.411016794130635, "S2:S_trend:n_lo_burst:2": 7.0495734976362305, "S2:S_trend:n_lo_full:0": 7.8151249498184505, "S2:S_trend:n_lo_full:8": 7.672568358997958, "S2:S_trend:n_lo_rand_hi:4": 7.711343395726984, "S2:S_trend:n_lo_rand_lo:1": 8.252760230831617, "S2:S_trend:n_lo_rand_lo:9": 8.075009345992305, "S2:S_both:n_hi_block_hi:1": 2.0991266587469295, "S2:S_both:n_hi_block_hi:8": 1.9966739718781175, "S2:S_both:n_hi_block_lo:6": 2.1616882891886147, "S2:S_both:n_hi_burst:4": 1.9398248299694, "S2:S_both:n_hi_full:0": 1.9953574289638978, "S2:S_both:n_hi_full:5": 1.9291501262588238, "S2:S_both:n_hi_rand_hi:4": 2.0989606190083014, "S2:S_both:n_hi_rand_lo:2": 1.989927594816941, "S2:S_both:n_hi_rand_lo:9": 1.9656241737343425, "S2:S_both:n_lo_block_hi:6": 2.678767801465891, "S2:S_both:n_lo_block_lo:2": 2.1379467269769257, "S2:S_both:n_lo_burst:0": 2.1393703853123225, "S2:S_both:n_lo_burst:7": 1.850598983158649, "S2:S_both:n_lo_full:4": 2.351682499565548, "S2:S_both:n_lo_rand_hi:1": 2.60951157534559, "S2:S_both:n_lo_rand_hi:9": 2.8238153300557305, "S2:S_both:n_lo_rand_lo:7": 2.5262702975486366, "S2:S_multiseason:n_hi_block_hi:2": 1.1225217243608094, "S2:S_multiseason:n_hi_block_lo:0": 1.8840570822138283, "S2:S_multiseason:n_hi_block_lo:8": 0.7363660752625988, "S2:S_multiseason:n_hi_burst:4": 2.0215395281705604, "S2:S_multiseason:n_hi_full:2": 1.3375991649493644, "S2:S_multiseason:n_hi_full:9": 1.1501141290206516, "S2:S_multiseason:n_hi_rand_hi:7": 0.5140715527426785, "S2:S_multiseason:n_hi_rand_lo:3": 1.879839916594865, "S2:S_multiseason:n_lo_block_hi:1": 1.4850641928559158, "S2:S_multiseason:n_lo_block_hi:8": 0.7943304667010029, "S2:S_multiseason:n_lo_block_lo:3": 1.676841814849085, "S2:S_multiseason:n_lo_burst:2": 0.9996925635689082, "S2:S_multiseason:n_lo_burst:8": 0.8184684832744946, "S2:S_multiseason:n_lo_full:6": 0.8364610259544462, "S2:S_multiseason:n_lo_rand_hi:4": 1.4832224487201529, "S2:S_multiseason:n_lo_rand_lo:0": 0.6102063853273638, "S2:S_multiseason:n_lo_rand_lo:7": 0.8913442346281576, "S2:S_regime:n_hi_block_hi:6": 1.5067087223777542, "S2:S_regime:n_hi_block_lo:2": 6.153784441522453, "S2:S_regime:n_hi_block_lo:9": 3.151327872632532, "S2:S_regime:n_hi_burst:4": 6.219362882855578, "S2:S_regime:n_hi_full:3": 2.253682426733566, "S2:S_regime:n_hi_rand_hi:1": 1.2631505871199722, "S2:S_regime:n_hi_rand_hi:8": 1.9561175855336972, "S2:S_regime:n_hi_rand_lo:4": 0.9916062816512365, "S2:S_regime:n_lo_block_hi:1": 2.1341596709241593, "S2:S_regime:n_lo_block_hi:7": 7.573406084248234, "S2:S_regime:n_lo_block_lo:6": 2.114762610841136, "S2:S_regime:n_lo_burst:3": 1.2748175004965967, "S2:S_regime:n_lo_full:0": 1.0253731683646008, "S2:S_regime:n_lo_full:7": 3.1631504315853425, "S2:S_regime:n_lo_rand_hi:4": 1.8118544153488587, "S2:S_regime:n_lo_rand_lo:1": 2.0950050840647356, "S2:S_regime:n_lo_rand_lo:9": 1.3104354981407016, "S2:S_trend:n_hi_block_hi:5": 7.20522881594341, "S2:S_trend:n_hi_block_lo:3": 7.1658755497234665, "S2:S_trend:n_hi_burst:0": 7.238675875902003, "S2:S_trend:n_hi_burst:8": 7.310152698544589, "S2:S_trend:n_hi_full:6": 7.100160891446669, "S2:S_trend:n_hi_rand_hi:2": 7.114478088792321, "S2:S_trend:n_hi_rand_hi:9": 7.311664205655016, "S2:S_trend:n_hi_rand_lo:7": 7.295282279584485, "S2:S_trend:n_lo_block_hi:5": 8.534935060746298, "S2:S_trend:n_lo_block_lo:1": 7.56263806452073, "S2:S_trend:n_lo_block_lo:7": 9.767952056738835, "S2:S_trend:n_lo_burst:5": 7.260827391663656, "S2:S_trend:n_lo_full:1": 7.524370463295268, "S2:S_trend:n_lo_full:9": 9.288846959786474, "S2:S_trend:n_lo_rand_hi:5": 8.167156024346562, "S2:S_trend:n_lo_rand_lo:2": 6.962862327090505, "S2:S_both:n_hi_block_hi:2": 2.1439236464419857, "S2:S_both:n_hi_block_lo:0": 2.04723258928436, "S2:S_both:n_hi_block_lo:7": 2.095444415444547, "S2:S_both:n_hi_burst:6": 2.0665550149435017, "S2:S_both:n_hi_full:1": 2.064825206078082, "S2:S_both:n_hi_full:7": 2.2647861800678974, "S2:S_both:n_hi_rand_hi:6": 2.0213176162420283, "S2:S_both:n_hi_rand_lo:3": 2.306235564789002, "S2:S_both:n_lo_block_hi:0": 3.8376212678274304, "S2:S_both:n_lo_block_hi:7": 1.6550018185410604, "S2:S_both:n_lo_block_lo:3": 2.1554195457819185, "S2:S_both:n_lo_burst:3": 2.7910175680562825, "S2:S_both:n_lo_burst:8": 2.717439787489216, "S2:S_both:n_lo_full:5": 2.8911129988103315, "S2:S_both:n_lo_rand_hi:2": 2.070603556107171, "S2:S_both:n_lo_rand_lo:1": 2.1661180807988645, "S2:S_both:n_lo_rand_lo:8": 2.023379876433656, "S2:S_multiseason:n_hi_block_hi:3": 1.7965016261573292, "S2:S_multiseason:n_hi_block_lo:2": 1.2425447279680386, "S2:S_multiseason:n_hi_block_lo:9": 1.105025802689422, "S2:S_multiseason:n_hi_burst:5": 1.093196853280033, "S2:S_multiseason:n_hi_full:3": 1.3325656206836511, "S2:S_multiseason:n_hi_rand_hi:0": 1.4116964757592088, "S2:S_multiseason:n_hi_rand_hi:8": 1.6215286726364173, "S2:S_multiseason:n_hi_rand_lo:4": 0.660481996173499, "S2:S_multiseason:n_lo_block_hi:3": 1.5698719409291095,