{"S2:S_both:n_hi_block_hi:0": 2.1097632296474744, "S2:S_both:n_hi_block_hi:7": 2.0428011666458574, "S2:S_both:n_hi_block_lo:4": 2.0077508162461726, "S2:S_both:n_hi_burst:2": 2.0162733955111753, "S2:S_both:n_hi_burst:9": 2.1666144487689167, "S2:S_both:n_hi_full:4": 2.165917654841594, "S2:S_both:n_hi_rand_hi:2": 2.1697483034072005, "S2:S_both:n_hi_rand_lo:1": 2.073440060262695, "S2:S_both:n_hi_rand_lo:7": 2.175867604244632, "S2:S_both:n_lo_block_hi:5": 1.8738402275228416, "S2:S_both:n_lo_block_lo:1": 2.3151483484709527, "S2:S_both:n_lo_block_lo:8": 2.4511679472019305, "S2:S_both:n_lo_burst:6": 2.525862734794978, "S2:S_both:n_lo_full:2": 2.447999162017251, "S2:S_both:n_lo_rand_hi:0": 1.9553592181750936, "S2:S_both:n_lo_rand_hi:5": 2.0833651305646645, "S2:S_both:n_lo_rand_lo:6": 2.731694650251397, "S2:S_multiseason:n_hi_block_hi:1": 0.6373669125680745, "S2:S_multiseason:n_hi_block_hi:8": 1.2726561128581326, "S2:S_multiseason:n_hi_block_lo:7": 1.8677784356587224, "S2:S_multiseason:n_hi_burst:3": 1.4807708838454323, "S2:S_multiseason:n_hi_full:1": 0.8653578940707103, "S2:S_multiseason:n_hi_full:8": 0.9419483164142787, "S2:S_multiseason:n_hi_rand_hi:6": 1.3276903235297313, "S2:S_multiseason:n_hi_rand_lo:2": 0.9240117444188829, "S2:S_multiseason:n_hi_rand_lo:7": 0.8458566331305669, "S2:S_multiseason:n_lo_block_hi:7": 0.5023970520701111, "S2:S_multiseason:n_lo_block_lo:2": 1.2453811849409726, "S2:S_multiseason:n_lo_burst:0": 1.333616240100712, "S2:S_multiseason:n_lo_burst:7": 1.594798605619667, "S2:S_multiseason:n_lo_full:5": 0.9961094898483152, "S2:S_multiseason:n_lo_rand_hi:3": 1.015234176974685, "S2:S_multiseason:n_lo_rand_hi:8": 2.5013850583602815, "S2:S_multiseason:n_lo_rand_lo:6": 0.708640975806627, "S2:S_regime:n_hi_block_hi:3": 7.93046687216923, "S2:S_regime:n_hi_block_lo:0": 3.1536196211772736, "S2:S_regime:n_hi_block_lo:8": 5.762498249856718, "S2:S_regime:n_hi_burst:3": 4.329662429516958, "S2:S_regime:n_hi_full:1": 3.049918943865039, "S2:S_regime:n_hi_full:9": 3.8281953402960163, "S2:S_regime:n_hi_rand_hi:6": 4.878309476806426, "S2:S_regime:n_hi_rand_lo:3": 1.4146406446390944, "S2:S_regime:n_lo_block_hi:0": 4.857592376991803, "S2:S_regime:n_lo_block_hi:5": 1.1231811579037343, "S2:S_regime:n_lo_block_lo:5": 1.6897674257975968, "S2:S_regime:n_lo_burst:2": 2.79031167332599, "S2:S_regime:n_lo_burst:9": 0.9217832292788775, "S2:S_regime:n_lo_full:5": 1.1793872378375632, "S2:S_regime:n_lo_rand_hi:3": 5.029819517812055, "S2:S_regime:n_lo_rand_lo:0": 5.363926286355329, "S2:S_regime:n_lo_rand_lo:7": 5.0183103416253685, "S2:S_trend:n_hi_block_hi:4": 7.350600230567461, "S2:S_trend:n_hi_block_lo:1": 7.240789555230591, "S2:S_trend:n_hi_block_lo:9": 7.259850982390119, "S2:S_trend:n_hi_burst:6": 7.22632516609345, "S2:S_trend:n_hi_full:2": 7.29109854497006, "S2:S_trend:n_hi_rand_hi:0": 7.074518542195416, "S2:S_trend:n_hi_rand_hi:8": 7.365853563404138, "S2:S_trend:n_hi_rand_lo:6": 7.31585117474205, "S2:S_trend:n_lo_block_hi:3": 10.772427741353722, "S2:S_trend:n_lo_block_hi:9": 8.459977423370855, "S2:S_trend:n_lo_block_lo:6": 9.34913242141443, "S2:S_trend:n_lo_burst:2": 8.680748936871177, "S2:S_trend:n_lo_full:0": 7.756070614047123, "S2:S_trend:n_lo_full:8": 7.653404150088828, "S2:S_trend:n_lo_rand_hi:4": 7.909217333354223, "S2:S_trend:n_lo_rand_lo:1": 8.614772198926858, "S2:S_trend:n_lo_rand_lo:9": 8.271791963065851, "S2:S_both:n_hi_block_hi:1": 2.038592497641909, "S2:S_both:n_hi_block_hi:8": 2.004575302860158, "S2:S_both:n_hi_block_lo:6": 2.183036377910398, "S2:S_both:n_hi_burst:4": 1.9410351874197473, "S2:S_both:n_hi_full:0": 2.004654612499863, "S2:S_both:n_hi_full:5": 1.928686218823703, "S2:S_both:n_hi_rand_hi:4": 2.076589362787176, "S2:S_both:n_hi_rand_lo:2": 2.091163929735912, "S2:S_both:n_hi_rand_lo:9": 1.9869271531968924, "S2:S_both:n_lo_block_hi:6": 2.666657001258952, "S2:S_both:n_lo_block_lo:2": 2.1999773114261254, "S2:S_both:n_lo_burst:0": 2.444567854149786, "S2:S_both:n_lo_burst:7": 1.8116270776308925, "S2:S_both:n_lo_full:4": 2.366932881990773, "S2:S_both:n_lo_rand_hi:1": 1.427174141314087, "S2:S_both:n_lo_rand_hi:9": 2.4993999641674685, "S2:S_both:n_lo_rand_lo:7": 2.606932807489974, "S2:S_multiseason:n_hi_block_hi:2": 1.0687113518219853, "S2:S_multiseason:n_hi_block_lo:0": 1.8660703540207026, "S2:S_multiseason:n_hi_block_lo:8": 0.7250575656957731, "S2:S_multiseason:n_hi_burst:4": 2.0066804020088083, "S2:S_multiseason:n_hi_full:2": 1.3064138512138637, "S2:S_multiseason:n_hi_full:9": 1.1233763040664426, "S2:S_multiseason:n_hi_rand_hi:7": 0.5407798079800483, "S2:S_multiseason:n_hi_rand_lo:3": 1.8651610407622394, "S2:S_multiseason:n_lo_block_hi:1": 1.3075487823094085, "S2:S_multiseason:n_lo_block_hi:8": 0.7888967154884253, "S2:S_multiseason:n_lo_block_lo:3": 1.668499413262179, "S2:S_multiseason:n_lo_burst:2": 0.6821799118591085, "S2:S_multiseason:n_lo_burst:8": 0.8280709029538973, "S2:S_multiseason:n_lo_full:6": 0.7919934322700498, "S2:S_multiseason:n_lo_rand_hi:4": 1.0973497278077928, "S2:S_multiseason:n_lo_rand_lo:0": 0.5381410173233144, "S2:S_multiseason:n_lo_rand_lo:7": 0.8457281734977332, "S2:S_regime:n_hi_block_hi:6": 1.540979864199923, "S2:S_regime:n_hi_block_lo:2": 6.200849080188778, "S2:S_regime:n_hi_block_lo:9": 3.1089522045518434, "S2:S_regime:n_hi_burst:4": 6.1647375362483166, "S2:S_regime:n_hi_full:3": 2.2017103086650414, "S2:S_regime:n_hi_rand_hi:1": 1.2974074167450036, "S2:S_regime:n_hi_rand_hi:8": 1.8408956105165213, "S2:S_regime:n_hi_rand_lo:4": 1.0234827891201872, "S2:S_regime:n_lo_block_hi:1": 2.152828883263154, "S2:S_regime:n_lo_block_hi:7": 7.628142491839982, "S2:S_regime:n_lo_block_lo:6": 2.0958314416529986, "S2:S_regime:n_lo_burst:3": 1.2677461615084484, "S2:S_regime:n_lo_full:0": 0.9605453890506799, "S2:S_regime:n_lo_full:7": 3.1272809918084286, "S2:S_regime:n_lo_rand_hi:4": 1.5586890025660538, "S2:S_regime:n_lo_rand_lo:1": 2.1001354798453615, "S2:S_regime:n_lo_rand_lo:9": 1.3349852613976503, "S2:S_trend:n_hi_block_hi:5": 7.104693209536457, "S2:S_trend:n_hi_block_lo:3": 7.0598423620578314, "S2:S_trend:n_hi_burst:0": 7.203611466412922, "S2:S_trend:n_hi_burst:8": 7.214229044426252, "S2:S_trend:n_hi_full:6": 7.000551666982149, "S2:S_trend:n_hi_rand_hi:2": 6.997464987928483, "S2:S_trend:n_hi_rand_hi:9": 7.133892578760163, "S2:S_trend:n_hi_rand_lo:7": 7.020338820000555, "S2:S_trend:n_lo_block_hi:5": 8.414620012768722, "S2:S_trend:n_lo_block_lo:1": 7.570100272081929, "S2:S_trend:n_lo_block_lo:7": 9.659438838002288, "S2:S_trend:n_lo_burst:5": 7.08062590941682, "S2:S_trend:n_lo_full:1": 7.288124308175441, "S2:S_trend:n_lo_full:9": 9.203408586998679, "S2:S_trend:n_lo_rand_hi:5": 7.946964736657242, "S2:S_trend:n_lo_rand_lo:2": 6.88344593213713, "S2:S_both:n_hi_block_hi:2": 2.1596161578540505, "S2:S_both:n_hi_block_lo:0": 2.0558830552528535, "S2:S_both:n_hi_block_lo:7": 2.1016368717351006, "S2:S_both:n_hi_burst:6": 2.083186587222168, "S2:S_both:n_hi_full:1": 2.070258764842667, "S2:S_both:n_hi_full:7": 2.2799810566574283, "S2:S_both:n_hi_rand_hi:6": 2.029277542931795, "S2:S_both:n_hi_rand_lo:3": 2.3248444303095304, "S2:S_both:n_lo_block_hi:0": 2.0396630873048154, "S2:S_both:n_lo_block_hi:7": 1.5917849621743603, "S2:S_both:n_lo_block_lo:3": 2.315954075468971, "S2:S_both:n_lo_burst:3": 2.8971820632874166, "S2:S_both:n_lo_burst:8": 2.745607115262031, "S2:S_both:n_lo_full:5": 2.960085856018385, "S2:S_both:n_lo_rand_hi:2": 2.1298301199792693, "S2:S_both:n_lo_rand_lo:1": 2.1002509840483055, "S2:S_both:n_lo_rand_lo:8": 2.0167896941560737, "S2:S_multiseason:n_hi_block_hi:3": 1.5799319654121387, "S2:S_multiseason:n_hi_block_lo:2": 1.2145093947321588, "S2:S_multiseason:n_hi_block_lo:9": 1.1005732298629074, "S2:S_multiseason:n_hi_burst:5": 0.9239290068979666, "S2:S_multiseason:n_hi_full:3": 1.3036801578769206, "S2:S_multiseason:n_hi_rand_hi:0": 1.3890001979806368, "S2:S_multiseason:n_hi_rand_hi:8": 1.3989517386825638, "S2:S_multiseason:n_hi_rand_lo:4": 0.6321085176820916, "S2:S_multiseason:n_lo_block_hi:3": 1.548879798620412,