{"S2:S_both:n_hi_block_hi:0": 2.2228152672699624, "S2:S_both:n_hi_block_hi:7": 1.9987682165404552, "S2:S_both:n_hi_block_lo:4": 1.9740541962268432, "S2:S_both:n_hi_burst:2": 1.9601442204987591, "S2:S_both:n_hi_burst:9": 4.9499887387760575, "S2:S_both:n_hi_full:4": 1.9820993074860431, "S2:S_both:n_hi_rand_hi:2": 2.174404660897625, "S2:S_both:n_hi_rand_lo:1": 2.008935773965142, "S2:S_both:n_hi_rand_lo:7": 2.0219565596995155, "S2:S_both:n_lo_block_hi:5": 2.002678705168172, "S2:S_both:n_lo_block_lo:1": 1.9827848384787934, "S2:S_both:n_lo_block_lo:8": 2.1178657495531086, "S2:S_both:n_lo_burst:6": 2.3185227077950503, "S2:S_both:n_lo_full:2": 1.7708333366574591, "S2:S_both:n_lo_rand_hi:0": 1.8840376477449765, "S2:S_both:n_lo_rand_hi:5": 2.0133818303126443, "S2:S_both:n_lo_rand_lo:6": 2.488860806474102, "S2:S_multiseason:n_hi_block_hi:1": 0.629571864104773, "S2:S_multiseason:n_hi_block_hi:8": 1.1171897353305833, "S2:S_multiseason:n_hi_block_lo:7": 1.2089056887700953, "S2:S_multiseason:n_hi_burst:3": 1.22654852595451, "S2:S_multiseason:n_hi_full:1": 0.7808129779955802, "S2:S_multiseason:n_hi_full:8": 0.6466064297591144, "S2:S_multiseason:n_hi_rand_hi:6": 0.9114525200067519, "S2:S_multiseason:n_hi_rand_lo:2": 0.8275877227239417, "S2:S_multiseason:n_hi_rand_lo:7": 0.7804020283054589, "S2:S_multiseason:n_lo_block_hi:7": 0.8619799563105675, "S2:S_multiseason:n_lo_block_lo:2": 1.3920065878087384, "S2:S_multiseason:n_lo_burst:0": 1.1959041927111, "S2:S_multiseason:n_lo_burst:7": 1.558489471460207, "S2:S_multiseason:n_lo_full:5": 0.7528738273435727, "S2:S_multiseason:n_lo_rand_hi:3": 0.7060517361200439, "S2:S_multiseason:n_lo_rand_hi:8": 1.4615756628497218, "S2:S_multiseason:n_lo_rand_lo:6": 0.9415820397033177, "S2:S_regime:n_hi_block_hi:3": 8.39282303012265, "S2:S_regime:n_hi_block_lo:0": 3.420276501613861, "S2:S_regime:n_hi_block_lo:8": 6.4935533478529415, "S2:S_regime:n_hi_burst:3": 4.575177636641189, "S2:S_regime:n_hi_full:1": 3.2675121200519706, "S2:S_regime:n_hi_full:9": 5.3407042596691525, "S2:S_regime:n_hi_rand_hi:6": 4.979773584787849, "S2:S_regime:n_hi_rand_lo:3": 1.2156710887456301, "S2:S_regime:n_lo_block_hi:0": 4.7657570630271335, "S2:S_regime:n_lo_block_hi:5": 1.2343863588152062, "S2:S_regime:n_lo_block_lo:5": 1.963719171467209, "S2:S_regime:n_lo_burst:2": 2.8936801612743444, "S2:S_regime:n_lo_burst:9": 0.5958698371804623, "S2:S_regime:n_lo_full:5": 1.0440605531738552, "S2:S_regime:n_lo_rand_hi:3": 6.279903807911136, "S2:S_regime:n_lo_rand_lo:0": 4.868857346207777, "S2:S_regime:n_lo_rand_lo:7": 4.28695875833822, "S2:S_trend:n_hi_block_hi:4": 7.704819071790435, "S2:S_trend:n_hi_block_lo:1": 9.127314858606244, "S2:S_trend:n_hi_block_lo:9": 7.730562604345076, "S2:S_trend:n_hi_burst:6": 7.712295992465903, "S2:S_trend:n_hi_full:2": 7.857295565819318, "S2:S_trend:n_hi_rand_hi:0": 7.622825901206917, "S2:S_trend:n_hi_rand_hi:8": 7.906712088605539, "S2:S_trend:n_hi_rand_lo:6": 7.766423680341622, "S2:S_trend:n_lo_block_hi:3": 13.31737282620331, "S2:S_trend:n_lo_block_hi:9": 9.056129600133309, "S2:S_trend:n_lo_block_lo:6": 8.928288884131529, "S2:S_trend:n_lo_burst:2": 8.718424759323277, "S2:S_trend:n_lo_full:0": 7.866107519646187, "S2:S_trend:n_lo_full:8": 7.4499723552250074, "S2:S_trend:n_lo_rand_hi:4": 8.156705781075736, "S2:S_trend:n_lo_rand_lo:1": 8.429649668213791, "S2:S_trend:n_lo_rand_lo:9": 9.654964333057082, "S2:S_both:n_hi_block_hi:1": 1.9944281704925926, "S2:S_both:n_hi_block_hi:8": 1.9496709894821953, "S2:S_both:n_hi_block_lo:6": 2.0580540762295985, "S2:S_both:n_hi_burst:4": 1.9357983995341976, "S2:S_both:n_hi_full:0": 1.8957502112416864, "S2:S_both:n_hi_full:5": 1.8696469191767804, "S2:S_both:n_hi_rand_hi:4": 3.3266088164339638, "S2:S_both:n_hi_rand_lo:2": 1.873220610149305, "S2:S_both:n_hi_rand_lo:9": 1.872736538891627, "S2:S_both:n_lo_block_hi:6": 1.746839949064461, "S2:S_both:n_lo_block_lo:2": 2.304969825773614, "S2:S_both:n_lo_burst:0": 2.3367888999549358, "S2:S_both:n_lo_burst:7": 1.9280625747257563, "S2:S_both:n_lo_full:4": 2.4065772438864843, "S2:S_both:n_lo_rand_hi:1": 5.193375368684082, "S2:S_both:n_lo_rand_hi:9": 2.35550219930345, "S2:S_both:n_lo_rand_lo:7": 2.184084999308728, "S2:S_multiseason:n_hi_block_hi:2": 1.0653611234184959, "S2:S_multiseason:n_hi_block_lo:0": 1.777142423819089, "S2:S_multiseason:n_hi_block_lo:8": 0.803594109048899, "S2:S_multiseason:n_hi_burst:4": 1.5865136408053315, "S2:S_multiseason:n_hi_full:2": 1.2712041109865189, "S2:S_multiseason:n_hi_full:9": 0.9252091549621008, "S2:S_multiseason:n_hi_rand_hi:7": 0.4534578388378603, "S2:S_multiseason:n_hi_rand_lo:3": 1.6560280440657704, "S2:S_multiseason:n_lo_block_hi:1": 1.2835729840874404, "S2:S_multiseason:n_lo_block_hi:8": 0.8356840298208821, "S2:S_multiseason:n_lo_block_lo:3": 1.2775150039129137, "S2:S_multiseason:n_lo_burst:2": 1.0702184880760728, "S2:S_multiseason:n_lo_burst:8": 0.9107664045588134, "S2:S_multiseason:n_lo_full:6": 1.2803418490848455, "S2:S_multiseason:n_lo_rand_hi:4": 1.1022260696393609, "S2:S_multiseason:n_lo_rand_lo:0": 1.0377030681295574, "S2:S_multiseason:n_lo_rand_lo:7": 0.9516722065922577, "S2:S_regime:n_hi_block_hi:6": 1.314795058211783, "S2:S_regime:n_hi_block_lo:2": 6.267789508293268, "S2:S_regime:n_hi_block_lo:9": 2.35138217121859, "S2:S_regime:n_hi_burst:4": 6.5695771059587065, "S2:S_regime:n_hi_full:3": 1.986234790467076, "S2:S_regime:n_hi_rand_hi:1": 1.2992053437150362, "S2:S_regime:n_hi_rand_hi:8": 1.790774974119581, "S2:S_regime:n_hi_rand_lo:4": 1.052415773947429, "S2:S_regime:n_lo_block_hi:1": 2.438724523638734, "S2:S_regime:n_lo_block_hi:7": 9.622666136259577, "S2:S_regime:n_lo_block_lo:6": 1.7239542475069964, "S2:S_regime:n_lo_burst:3": 1.2417162272233493, "S2:S_regime:n_lo_full:0": 1.322907520666405, "S2:S_regime:n_lo_full:7": 2.1395183301008416, "S2:S_regime:n_lo_rand_hi:4": 1.2641728471547957, "S2:S_regime:n_lo_rand_lo:1": 2.7395117560325724, "S2:S_regime:n_lo_rand_lo:9": 1.356221790279269, "S2:S_trend:n_hi_block_hi:5": 7.715645775087132, "S2:S_trend:n_hi_block_lo:3": 7.790083094424774, "S2:S_trend:n_hi_burst:0": 7.971104565436219, "S2:S_trend:n_hi_burst:8": 7.68835883643369, "S2:S_trend:n_hi_full:6": 7.567145161390404, "S2:S_trend:n_hi_rand_hi:2": 7.5852197145829185, "S2:S_trend:n_hi_rand_hi:9": 8.97400392709909, "S2:S_trend:n_hi_rand_lo:7": 7.701328569168975, "S2:S_trend:n_lo_block_hi:5": 7.22147891228955, "S2:S_trend:n_lo_block_lo:1": 8.587047663809267, "S2:S_trend:n_lo_block_lo:7": 8.660854324766058, "S2:S_trend:n_lo_burst:5": 6.910148836230757, "S2:S_trend:n_lo_full:1": 6.933437043413926, "S2:S_trend:n_lo_full:9": 8.064575223496888, "S2:S_trend:n_lo_rand_hi:5": 7.226251932906746, "S2:S_trend:n_lo_rand_lo:2": 7.480232728892751, "S2:S_both:n_hi_block_hi:2": 1.9832697849274188, "S2:S_both:n_hi_block_lo:0": 2.00479040114639, "S2:S_both:n_hi_block_lo:7": 1.9629155914299936, "S2:S_both:n_hi_burst:6": 1.7940066976409077, "S2:S_both:n_hi_full:1": 1.9578037071741528, "S2:S_both:n_hi_full:7": 2.0733116642719946, "S2:S_both:n_hi_rand_hi:6": 2.0163462129755536, "S2:S_both:n_hi_rand_lo:3": 2.153719272530148, "S2:S_both:n_lo_block_hi:0": 2.1971219509962086, "S2:S_both:n_lo_block_hi:7": 1.6293524147852254, "S2:S_both:n_lo_block_lo:3": 2.4387266174729048, "S2:S_both:n_lo_burst:3": 2.2087301413926133, "S2:S_both:n_lo_burst:8": 2.180294154111508, "S2:S_both:n_lo_full:5": 2.326056206151032, "S2:S_both:n_lo_rand_hi:2": 2.1895028348418974, "S2:S_both:n_lo_rand_lo:1": 1.8717776958145742, "S2:S_both:n_lo_rand_lo:8": 2.067533836748007, "S2:S_multiseason:n_hi_block_hi:3": 1.5671689152667043, "S2:S_multiseason:n_hi_block_lo:2": 1.1490404360303077, "S2:S_multiseason:n_hi_block_lo:9": 0.9720559945329736, "S2:S_multiseason:n_hi_burst:5": 0.7969078035895483, "S2:S_multiseason:n_hi_full:3": 1.1881105842657373, "S2:S_multiseason:n_hi_rand_hi:0": 1.1098021436297774, "S2:S_multiseason:n_hi_rand_hi:8": 1.0350999790085553, "S2:S_multiseason:n_hi_rand_lo:4": 0.43784527842704657, "S2:S_multiseason:n_lo_block_hi:3": 0.9667156549885246,