{"S2:S_both:n_hi_block_hi:0": 2.11012094193084, "S2:S_both:n_hi_block_hi:7": 2.3090424483024115, "S2:S_both:n_hi_block_lo:4": 2.2323203166910734, "S2:S_both:n_hi_burst:2": 2.1015410408167967, "S2:S_both:n_hi_burst:9": 2.070489128045474, "S2:S_both:n_hi_full:4": 2.140414434762319, "S2:S_both:n_hi_rand_hi:2": 2.390543238784856, "S2:S_both:n_hi_rand_lo:1": 2.0697261513655594, "S2:S_both:n_hi_rand_lo:7": 1.956687144393277, "S2:S_both:n_lo_block_hi:5": 1.5403528665108681, "S2:S_both:n_lo_block_lo:1": 1.5013634568873786, "S2:S_both:n_lo_block_lo:8": 2.9328675640918425, "S2:S_both:n_lo_burst:6": 2.61530764144306, "S2:S_both:n_lo_full:2": 2.391729531929162, "S2:S_both:n_lo_rand_hi:0": 2.692667696326664, "S2:S_both:n_lo_rand_hi:5": 1.9228206673915564, "S2:S_both:n_lo_rand_lo:6": 2.942518909271237, "S2:S_multiseason:n_hi_block_hi:1": 0.09603042339393862, "S2:S_multiseason:n_hi_block_hi:8": 0.8298359564592919, "S2:S_multiseason:n_hi_block_lo:7": 1.3988579327979433, "S2:S_multiseason:n_hi_burst:3": 0.9045492168257926, "S2:S_multiseason:n_hi_full:1": 0.3924873960394606, "S2:S_multiseason:n_hi_full:8": 0.3277170009507549, "S2:S_multiseason:n_hi_rand_hi:6": 0.6750689712551179, "S2:S_multiseason:n_hi_rand_lo:2": 0.4960235219259166, "S2:S_multiseason:n_hi_rand_lo:7": 0.5240649262510584, "S2:S_multiseason:n_lo_block_hi:7": 0.41015471561263045, "S2:S_multiseason:n_lo_block_lo:2": 1.4112937359138271, "S2:S_multiseason:n_lo_burst:0": 0.43026550797206525, "S2:S_multiseason:n_lo_burst:7": 1.0611959001279354, "S2:S_multiseason:n_lo_full:5": 0.36545359165490465, "S2:S_multiseason:n_lo_rand_hi:3": 0.2874019188291415, "S2:S_multiseason:n_lo_rand_hi:8": 0.9498559170938855, "S2:S_multiseason:n_lo_rand_lo:6": 0.32135246123598327, "S2:S_regime:n_hi_block_hi:3": 7.469934495021467, "S2:S_regime:n_hi_block_lo:0": 3.286706749237036, "S2:S_regime:n_hi_block_lo:8": 8.89395321660234, "S2:S_regime:n_hi_burst:3": 3.6280720349617193, "S2:S_regime:n_hi_full:1": 2.7242233683680697, "S2:S_regime:n_hi_full:9": 4.468071759714544, "S2:S_regime:n_hi_rand_hi:6": 4.294340600048547, "S2:S_regime:n_hi_rand_lo:3": 1.187586328452008, "S2:S_regime:n_lo_block_hi:0": 4.85396845850766, "S2:S_regime:n_lo_block_hi:5": 1.1794061337925008, "S2:S_regime:n_lo_block_lo:5": 3.0403858760576674, "S2:S_regime:n_lo_burst:2": 2.320641239634288, "S2:S_regime:n_lo_burst:9": 1.467688869848708, "S2:S_regime:n_lo_full:5": 1.2594158137408384, "S2:S_regime:n_lo_rand_hi:3": 4.806920972417035, "S2:S_regime:n_lo_rand_lo:0": 4.846561832887192, "S2:S_regime:n_lo_rand_lo:7": 4.007171653269877, "S2:S_trend:n_hi_block_hi:4": 6.590013083987865, "S2:S_trend:n_hi_block_lo:1": 11.747876228330496, "S2:S_trend:n_hi_block_lo:9": 6.886526086832515, "S2:S_trend:n_hi_burst:6": 8.673539929056767, "S2:S_trend:n_hi_full:2": 7.356000518989113, "S2:S_trend:n_hi_rand_hi:0": 5.627584968944282, "S2:S_trend:n_hi_rand_hi:8": 5.858764829701322, "S2:S_trend:n_hi_rand_lo:6": 6.196579312430802, "S2:S_trend:n_lo_block_hi:3": 11.03352112015038, "S2:S_trend:n_lo_block_hi:9": 8.284583839411505, "S2:S_trend:n_lo_block_lo:6": 5.794359371370092, "S2:S_trend:n_lo_burst:2": 7.2459967902101425, "S2:S_trend:n_lo_full:0": 9.672861975805382, "S2:S_trend:n_lo_full:8": 4.252510391557054, "S2:S_trend:n_lo_rand_hi:4": 9.958975493428575, "S2:S_trend:n_lo_rand_lo:1": 3.791946143945489, "S2:S_trend:n_lo_rand_lo:9": 10.280736425761509, "S2:S_both:n_hi_block_hi:1": 1.9522775914371466, "S2:S_both:n_hi_block_hi:8": 2.2576922299577267, "S2:S_both:n_hi_block_lo:6": 2.8922350503444596, "S2:S_both:n_hi_burst:4": 2.1953372131499065, "S2:S_both:n_hi_full:0": 2.220436923985009, "S2:S_both:n_hi_full:5": 2.2863781906798195, "S2:S_both:n_hi_rand_hi:4": 2.2588843629157234, "S2:S_both:n_hi_rand_lo:2": 2.151666245030035, "S2:S_both:n_hi_rand_lo:9": 2.356168563509564, "S2:S_both:n_lo_block_hi:6": 1.774256429627944, "S2:S_both:n_lo_block_lo:2": 1.8895382678586854, "S2:S_both:n_lo_burst:0": 2.5421610041276477, "S2:S_both:n_lo_burst:7": 1.5847279090357875, "S2:S_both:n_lo_full:4": 1.665661529513012, "S2:S_both:n_lo_rand_hi:1": 3.900038752037521, "S2:S_both:n_lo_rand_hi:9": 2.9196681318390416, "S2:S_both:n_lo_rand_lo:7": 1.8073358490164144, "S2:S_multiseason:n_hi_block_hi:2": 0.9857340273179812, "S2:S_multiseason:n_hi_block_lo:0": 1.4270245063330997, "S2:S_multiseason:n_hi_block_lo:8": 0.45094926674241537, "S2:S_multiseason:n_hi_burst:4": 1.5197458395319268, "S2:S_multiseason:n_hi_full:2": 0.9975001933628679, "S2:S_multiseason:n_hi_full:9": 0.4542357156597289, "S2:S_multiseason:n_hi_rand_hi:7": 0.22936767495751362, "S2:S_multiseason:n_hi_rand_lo:3": 1.3741432150301116, "S2:S_multiseason:n_lo_block_hi:1": 1.1652797554095524, "S2:S_multiseason:n_lo_block_hi:8": 0.7493769457022375, "S2:S_multiseason:n_lo_block_lo:3": 1.0010266039913887, "S2:S_multiseason:n_lo_burst:2": 0.5006348439831947, "S2:S_multiseason:n_lo_burst:8": 1.0043233728278058, "S2:S_multiseason:n_lo_full:6": 0.9199057709261432, "S2:S_multiseason:n_lo_rand_hi:4": 0.6478942329285774, "S2:S_multiseason:n_lo_rand_lo:0": 0.5690233982642559, "S2:S_multiseason:n_lo_rand_lo:7": 0.39334422577613, "S2:S_regime:n_hi_block_hi:6": 4.663828236844567, "S2:S_regime:n_hi_block_lo:2": 6.230940642201529, "S2:S_regime:n_hi_block_lo:9": 2.715860966451071, "S2:S_regime:n_hi_burst:4": 6.316786744849905, "S2:S_regime:n_hi_full:3": 1.781176954944749, "S2:S_regime:n_hi_rand_hi:1": 1.377709662609906, "S2:S_regime:n_hi_rand_hi:8": 2.090531366811522, "S2:S_regime:n_hi_rand_lo:4": 2.8692696052823483, "S2:S_regime:n_lo_block_hi:1": 3.5101703367281085, "S2:S_regime:n_lo_block_hi:7": 15.292701469293473, "S2:S_regime:n_lo_block_lo:6": 1.9069195104819097, "S2:S_regime:n_lo_burst:3": 1.3459388618443557, "S2:S_regime:n_lo_full:0": 1.1365053832875895, "S2:S_regime:n_lo_full:7": 3.1418222883113116, "S2:S_regime:n_lo_rand_hi:4": 1.8539500179680055, "S2:S_regime:n_lo_rand_lo:1": 3.670385205085651, "S2:S_regime:n_lo_rand_lo:9": 1.3130702929453082, "S2:S_trend:n_hi_block_hi:5": 6.14444903829508, "S2:S_trend:n_hi_block_lo:3": 6.720702832447302, "S2:S_trend:n_hi_burst:0": 6.558765646098408, "S2:S_trend:n_hi_burst:8": 7.197684213376925, "S2:S_trend:n_hi_full:6": 6.231884638378706, "S2:S_trend:n_hi_rand_hi:2": 5.990980307038813, "S2:S_trend:n_hi_rand_hi:9": 15.80610675561528, "S2:S_trend:n_hi_rand_lo:7": 5.538913629887274, "S2:S_trend:n_lo_block_hi:5": 6.748792875516006, "S2:S_trend:n_lo_block_lo:1": 10.701531470248959, "S2:S_trend:n_lo_block_lo:7": 10.253030386799871, "S2:S_trend:n_lo_burst:5": 5.334625724765235, "S2:S_trend:n_lo_full:1": 5.992691485692135, "S2:S_trend:n_lo_full:9": 11.411550590645838, "S2:S_trend:n_lo_rand_hi:5": 6.266683528195533, "S2:S_trend:n_lo_rand_lo:2": 5.915070308546387, "S2:S_both:n_hi_block_hi:2": 2.076107785206956, "S2:S_both:n_hi_block_lo:0": 2.4422043854742874, "S2:S_both:n_hi_block_lo:7": 2.167316163955233, "S2:S_both:n_hi_burst:6": 2.519247402755488, "S2:S_both:n_hi_full:1": 2.3174689245192788, "S2:S_both:n_hi_full:7": 2.248562640502298, "S2:S_both:n_hi_rand_hi:6": 2.271396799548622, "S2:S_both:n_hi_rand_lo:3": 2.452304057958006, "S2:S_both:n_lo_block_hi:0": 1.721026464409607, "S2:S_both:n_lo_block_hi:7": 1.979781462101191, "S2:S_both:n_lo_block_lo:3": 3.556124353113014, "S2:S_both:n_lo_burst:3": 3.267415266838215, "S2:S_both:n_lo_burst:8": 2.300553720113523, "S2:S_both:n_lo_full:5": 2.304787780419232, "S2:S_both:n_lo_rand_hi:2": 2.0415108779445097, "S2:S_both:n_lo_rand_lo:1": 2.3535093823388187, "S2:S_both:n_lo_rand_lo:8": 4.728400986600226, "S2:S_multiseason:n_hi_block_hi:3": 1.6347683696067072, "S2:S_multiseason:n_hi_block_lo:2": 0.7024921693767162, "S2:S_multiseason:n_hi_block_lo:9": 0.19119208897326637, "S2:S_multiseason:n_hi_burst:5": 0.33551513430192315, "S2:S_multiseason:n_hi_full:3": 0.8449582954949341, "S2:S_multiseason:n_hi_rand_hi:0": 0.8262871631696498, "S2:S_multiseason:n_hi_rand_hi:8": 0.8198510195029045, "S2:S_multiseason:n_hi_rand_lo:4": 0.20235199280897276, "S2:S_multiseason:n_lo_block_hi:3": 0.4679380126405464,