{"S2:S_both:n_hi_block_hi:0": 2.039310690132605, "S2:S_both:n_hi_block_hi:7": 2.347400236584575, "S2:S_both:n_hi_block_lo:4": 2.6432957214600084, "S2:S_both:n_hi_burst:2": 1.9877038090932255, "S2:S_both:n_hi_burst:9": 2.835064594271616, "S2:S_both:n_hi_full:4": 2.24913864460766, "S2:S_both:n_hi_rand_hi:2": 2.37416984233911, "S2:S_both:n_hi_rand_lo:1": 2.19905021341538, "S2:S_both:n_hi_rand_lo:7": 2.2198586818618855, "S2:S_both:n_lo_block_hi:5": 2.200651372833328, "S2:S_both:n_lo_block_lo:1": 2.3302640136082795, "S2:S_both:n_lo_block_lo:8": 2.7479807353890697, "S2:S_both:n_lo_burst:6": 2.936726267085953, "S2:S_both:n_lo_full:2": 2.0684878251455063, "S2:S_both:n_lo_rand_hi:0": 2.4807127773376534, "S2:S_both:n_lo_rand_hi:5": 2.0937542611716653, "S2:S_both:n_lo_rand_lo:6": 2.943479458932728, "S2:S_multiseason:n_hi_block_hi:1": 0.83630567346221, "S2:S_multiseason:n_hi_block_hi:8": 1.1360163355798996, "S2:S_multiseason:n_hi_block_lo:7": 0.97415417951636, "S2:S_multiseason:n_hi_burst:3": 1.1893396754138075, "S2:S_multiseason:n_hi_full:1": 0.7623580618682063, "S2:S_multiseason:n_hi_full:8": 0.5821788656592376, "S2:S_multiseason:n_hi_rand_hi:6": 1.0357042973269732, "S2:S_multiseason:n_hi_rand_lo:2": 0.7553315401462977, "S2:S_multiseason:n_hi_rand_lo:7": 0.7275482313075801, "S2:S_multiseason:n_lo_block_hi:7": 0.41366759625848987, "S2:S_multiseason:n_lo_block_lo:2": 1.2280473351661172, "S2:S_multiseason:n_lo_burst:0": 0.9411991001549248, "S2:S_multiseason:n_lo_burst:7": 1.4363081229606223, "S2:S_multiseason:n_lo_full:5": 0.31280668960601576, "S2:S_multiseason:n_lo_rand_hi:3": 0.3974620731207249, "S2:S_multiseason:n_lo_rand_hi:8": 1.0671115188574622, "S2:S_multiseason:n_lo_rand_lo:6": 0.8904193826715222, "S2:S_regime:n_hi_block_hi:3": 7.323509929675705, "S2:S_regime:n_hi_block_lo:0": 3.7980689280683806, "S2:S_regime:n_hi_block_lo:8": 6.76543882762977, "S2:S_regime:n_hi_burst:3": 3.952796820763889, "S2:S_regime:n_hi_full:1": 2.8732682789457864, "S2:S_regime:n_hi_full:9": 6.821994082929435, "S2:S_regime:n_hi_rand_hi:6": 4.264944220757227, "S2:S_regime:n_hi_rand_lo:3": 1.2225344884078506, "S2:S_regime:n_lo_block_hi:0": 4.868173338237248, "S2:S_regime:n_lo_block_hi:5": 0.8970334699910805, "S2:S_regime:n_lo_block_lo:5": 2.1917799420035853, "S2:S_regime:n_lo_burst:2": 2.776715134289531, "S2:S_regime:n_lo_burst:9": 0.8884044458618344, "S2:S_regime:n_lo_full:5": 1.1444461812278106, "S2:S_regime:n_lo_rand_hi:3": 3.86393069559538, "S2:S_regime:n_lo_rand_lo:0": 5.828857307121559, "S2:S_regime:n_lo_rand_lo:7": 8.766184144004097, "S2:S_trend:n_hi_block_hi:4": 7.594982146974937, "S2:S_trend:n_hi_block_lo:1": 9.420342971050536, "S2:S_trend:n_hi_block_lo:9": 6.879714671496544, "S2:S_trend:n_hi_burst:6": 9.699220746469637, "S2:S_trend:n_hi_full:2": 8.510564688706493, "S2:S_trend:n_hi_rand_hi:0": 5.795235005969138, "S2:S_trend:n_hi_rand_hi:8": 6.073866139397931, "S2:S_trend:n_hi_rand_lo:6": 6.36370548656214, "S2:S_trend:n_lo_block_hi:3": 9.976304523208627, "S2:S_trend:n_lo_block_hi:9": 8.438689843652945, "S2:S_trend:n_lo_block_lo:6": 7.168105744040073, "S2:S_trend:n_lo_burst:2": 7.00280525565557, "S2:S_trend:n_lo_full:0": 7.092572643027304, "S2:S_trend:n_lo_full:8": 4.637718227756972, "S2:S_trend:n_lo_rand_hi:4": 11.59828190480528, "S2:S_trend:n_lo_rand_lo:1": 5.259372909051502, "S2:S_trend:n_lo_rand_lo:9": 11.108310721371232, "S2:S_both:n_hi_block_hi:1": 2.2767165383292376, "S2:S_both:n_hi_block_hi:8": 2.2388415440264167, "S2:S_both:n_hi_block_lo:6": 2.4378299507363805, "S2:S_both:n_hi_burst:4": 2.2227046692642327, "S2:S_both:n_hi_full:0": 2.1520076634467675, "S2:S_both:n_hi_full:5": 2.6222216237455642, "S2:S_both:n_hi_rand_hi:4": 2.9489032306422582, "S2:S_both:n_hi_rand_lo:2": 1.9066293184930778, "S2:S_both:n_hi_rand_lo:9": 1.2251686036783442, "S2:S_both:n_lo_block_hi:6": 1.8886717894003016, "S2:S_both:n_lo_block_lo:2": 2.595643059753994, "S2:S_both:n_lo_burst:0": 2.6442702183025655, "S2:S_both:n_lo_burst:7": 2.2878068944117946, "S2:S_both:n_lo_full:4": 2.018849975715309, "S2:S_both:n_lo_rand_hi:1": 3.2716801151346644, "S2:S_both:n_lo_rand_hi:9": 2.9699704004494802, "S2:S_both:n_lo_rand_lo:7": 2.5082572684093805, "S2:S_multiseason:n_hi_block_hi:2": 1.0695461353152655, "S2:S_multiseason:n_hi_block_lo:0": 1.7079397035899584, "S2:S_multiseason:n_hi_block_lo:8": 0.7893320448122958, "S2:S_multiseason:n_hi_burst:4": 1.3897691552664786, "S2:S_multiseason:n_hi_full:2": 1.1689254447951223, "S2:S_multiseason:n_hi_full:9": 0.83685847607011, "S2:S_multiseason:n_hi_rand_hi:7": 0.37795135489212855, "S2:S_multiseason:n_hi_rand_lo:3": 1.5705307443286243, "S2:S_multiseason:n_lo_block_hi:1": 1.2983319654604675, "S2:S_multiseason:n_lo_block_hi:8": 0.5846106665626585, "S2:S_multiseason:n_lo_block_lo:3": 1.0624378629827889, "S2:S_multiseason:n_lo_burst:2": 1.685111020862448, "S2:S_multiseason:n_lo_burst:8": 0.7830713083642364, "S2:S_multiseason:n_lo_full:6": 1.9170281010730135, "S2:S_multiseason:n_lo_rand_hi:4": 0.879476836422022, "S2:S_multiseason:n_lo_rand_lo:0": 0.7070942867194425, "S2:S_multiseason:n_lo_rand_lo:7": 1.142761190472577, "S2:S_regime:n_hi_block_hi:6": 4.762263550553962, "S2:S_regime:n_hi_block_lo:2": 6.303406454281948, "S2:S_regime:n_hi_block_lo:9": 2.1163025766064156, "S2:S_regime:n_hi_burst:4": 5.955432719380393, "S2:S_regime:n_hi_full:3": 1.961935562413316, "S2:S_regime:n_hi_rand_hi:1": 1.2977988244331842, "S2:S_regime:n_hi_rand_hi:8": 2.0104066200157398, "S2:S_regime:n_hi_rand_lo:4": 2.43987891541872, "S2:S_regime:n_lo_block_hi:1": 3.271849565755251, "S2:S_regime:n_lo_block_hi:7": 11.881047832749344, "S2:S_regime:n_lo_block_lo:6": 1.8088348284148117, "S2:S_regime:n_lo_burst:3": 1.2692978459421809, "S2:S_regime:n_lo_full:0": 1.1269071447127144, "S2:S_regime:n_lo_full:7": 2.1140063692817126, "S2:S_regime:n_lo_rand_hi:4": 1.4091808782038533, "S2:S_regime:n_lo_rand_lo:1": 3.1589090329222684, "S2:S_regime:n_lo_rand_lo:9": 1.3417793234236812, "S2:S_trend:n_hi_block_hi:5": 5.860692330530652, "S2:S_trend:n_hi_block_lo:3": 6.660162962693131, "S2:S_trend:n_hi_burst:0": 6.519259012251799, "S2:S_trend:n_hi_burst:8": 6.778138132925392, "S2:S_trend:n_hi_full:6": 6.330816562503561, "S2:S_trend:n_hi_rand_hi:2": 6.645796325475192, "S2:S_trend:n_hi_rand_hi:9": 10.76588540232113, "S2:S_trend:n_hi_rand_lo:7": 6.196444270456056, "S2:S_trend:n_lo_block_hi:5": 7.849057998328368, "S2:S_trend:n_lo_block_lo:1": 8.128906128582248, "S2:S_trend:n_lo_block_lo:7": 10.133415742366465, "S2:S_trend:n_lo_burst:5": 6.709149262375201, "S2:S_trend:n_lo_full:1": 5.598108989225781, "S2:S_trend:n_lo_full:9": 12.043250244957438, "S2:S_trend:n_lo_rand_hi:5": 5.710257336353734, "S2:S_trend:n_lo_rand_lo:2": 6.4375080090456684, "S2:S_both:n_hi_block_hi:2": 2.2970740572387207, "S2:S_both:n_hi_block_lo:0": 2.4475511764707236, "S2:S_both:n_hi_block_lo:7": 2.321613615285217, "S2:S_both:n_hi_burst:6": 1.190422138500244, "S2:S_both:n_hi_full:1": 2.270563984565892, "S2:S_both:n_hi_full:7": 2.233506916330057, "S2:S_both:n_hi_rand_hi:6": 2.2933008280148903, "S2:S_both:n_hi_rand_lo:3": 2.4231352541978106, "S2:S_both:n_lo_block_hi:0": 1.8239357163816527, "S2:S_both:n_lo_block_hi:7": 2.0422403277615695, "S2:S_both:n_lo_block_lo:3": 3.0766153721832112, "S2:S_both:n_lo_burst:3": 3.1737547338112777, "S2:S_both:n_lo_burst:8": 2.264070875700107, "S2:S_both:n_lo_full:5": 3.074236421188235, "S2:S_both:n_lo_rand_hi:2": 2.28904105418852, "S2:S_both:n_lo_rand_lo:1": 2.1987990125136303, "S2:S_both:n_lo_rand_lo:8": 4.409369597556764, "S2:S_multiseason:n_hi_block_hi:3": 1.613963925490142, "S2:S_multiseason:n_hi_block_lo:2": 1.1384602529372676, "S2:S_multiseason:n_hi_block_lo:9": 0.522092059887778, "S2:S_multiseason:n_hi_burst:5": 0.7852247139849716, "S2:S_multiseason:n_hi_full:3": 1.0888828069187713, "S2:S_multiseason:n_hi_rand_hi:0": 1.19192571855921, "S2:S_multiseason:n_hi_rand_hi:8": 1.2180456680708092, "S2:S_multiseason:n_hi_rand_lo:4": 0.38603277551342996, "S2:S_multiseason:n_lo_block_hi:3": 0.9496899890611118,