{"S2:S_both:n_hi_block_hi:0": 2.04132920429754, "S2:S_both:n_hi_block_hi:7": 2.052988983062396, "S2:S_both:n_hi_block_lo:4": 2.0201453278987684, "S2:S_both:n_hi_burst:2": 2.0275416786226974, "S2:S_both:n_hi_burst:9": 2.1774738837213454, "S2:S_both:n_hi_full:4": 2.177947675816196, "S2:S_both:n_hi_rand_hi:2": 2.143443602835075, "S2:S_both:n_hi_rand_lo:1": 2.0977435500310175, "S2:S_both:n_hi_rand_lo:7": 2.1860864020918123, "S2:S_both:n_lo_block_hi:5": 1.879130203174912, "S2:S_both:n_lo_block_lo:1": 2.320749708245521, "S2:S_both:n_lo_block_lo:8": 2.4496395993350917, "S2:S_both:n_lo_burst:6": 2.532515502058038, "S2:S_both:n_lo_full:2": 2.4578769042890394, "S2:S_both:n_lo_rand_hi:0": 1.9995332777388966, "S2:S_both:n_lo_rand_hi:5": 1.9148275775713615, "S2:S_both:n_lo_rand_lo:6": 2.747646948403927, "S2:S_multiseason:n_hi_block_hi:1": 0.6406620932534404, "S2:S_multiseason:n_hi_block_hi:8": 1.2705628306626002, "S2:S_multiseason:n_hi_block_lo:7": 1.8678160552366514, "S2:S_multiseason:n_hi_burst:3": 1.4786082211561051, "S2:S_multiseason:n_hi_full:1": 0.8626311601689095, "S2:S_multiseason:n_hi_full:8": 0.943974827797044, "S2:S_multiseason:n_hi_rand_hi:6": 1.2281055922668291, "S2:S_multiseason:n_hi_rand_lo:2": 0.9148092951894998, "S2:S_multiseason:n_hi_rand_lo:7": 0.8405560648916742, "S2:S_multiseason:n_lo_block_hi:7": 0.5075638021290008, "S2:S_multiseason:n_lo_block_lo:2": 1.244336948047378, "S2:S_multiseason:n_lo_burst:0": 1.340163048141867, "S2:S_multiseason:n_lo_burst:7": 1.7396410595966842, "S2:S_multiseason:n_lo_full:5": 1.0515831963934896, "S2:S_multiseason:n_lo_rand_hi:3": 0.8808365053386528, "S2:S_multiseason:n_lo_rand_hi:8": 1.630792395594347, "S2:S_multiseason:n_lo_rand_lo:6": 0.8105221271361972, "S2:S_regime:n_hi_block_hi:3": 7.924435562967704, "S2:S_regime:n_hi_block_lo:0": 3.157211843164854, "S2:S_regime:n_hi_block_lo:8": 5.7516430750154335, "S2:S_regime:n_hi_burst:3": 4.311063674638125, "S2:S_regime:n_hi_full:1": 3.051827955042258, "S2:S_regime:n_hi_full:9": 3.8498652774206734, "S2:S_regime:n_hi_rand_hi:6": 4.865731518302472, "S2:S_regime:n_hi_rand_lo:3": 1.4248480095657343, "S2:S_regime:n_lo_block_hi:0": 4.842879017837469, "S2:S_regime:n_lo_block_hi:5": 1.1270274449599593, "S2:S_regime:n_lo_block_lo:5": 1.6850673549612154, "S2:S_regime:n_lo_burst:2": 2.7860378579824103, "S2:S_regime:n_lo_burst:9": 0.9139740848350489, "S2:S_regime:n_lo_full:5": 1.176172156391349, "S2:S_regime:n_lo_rand_hi:3": 5.052616571831211, "S2:S_regime:n_lo_rand_lo:0": 4.253693778858217, "S2:S_regime:n_lo_rand_lo:7": 4.935705448779186, "S2:S_trend:n_hi_block_hi:4": 7.35401983836591, "S2:S_trend:n_hi_block_lo:1": 7.240015852772598, "S2:S_trend:n_hi_block_lo:9": 7.261685550002997, "S2:S_trend:n_hi_burst:6": 7.224902808138437, "S2:S_trend:n_hi_full:2": 7.288363476241559, "S2:S_trend:n_hi_rand_hi:0": 7.0818791500137435, "S2:S_trend:n_hi_rand_hi:8": 7.362214297691437, "S2:S_trend:n_hi_rand_lo:6": 7.342031458465821, "S2:S_trend:n_lo_block_hi:3": 10.825584048175077, "S2:S_trend:n_lo_block_hi:9": 8.484478636857819, "S2:S_trend:n_lo_block_lo:6": 9.304972775572802, "S2:S_trend:n_lo_burst:2": 8.269516071384519, "S2:S_trend:n_lo_full:0": 7.758258942419062, "S2:S_trend:n_lo_full:8": 7.647500338826782, "S2:S_trend:n_lo_rand_hi:4": 7.784599051297914, "S2:S_trend:n_lo_rand_lo:1": 8.367516363649546, "S2:S_trend:n_lo_rand_lo:9": 8.384273720011054, "S2:S_both:n_hi_block_hi:1": 2.038095985855298, "S2:S_both:n_hi_block_hi:8": 2.0139052503226424, "S2:S_both:n_hi_block_lo:6": 2.1957865111085177, "S2:S_both:n_hi_burst:4": 1.9497367601035267, "S2:S_both:n_hi_full:0": 2.015426263713861, "S2:S_both:n_hi_full:5": 1.938458936991266, "S2:S_both:n_hi_rand_hi:4": 2.088453873603837, "S2:S_both:n_hi_rand_lo:2": 2.0451497104271916, "S2:S_both:n_hi_rand_lo:9": 1.997563070008488, "S2:S_both:n_lo_block_hi:6": 2.6754512186645556, "S2:S_both:n_lo_block_lo:2": 2.2071803822739606, "S2:S_both:n_lo_burst:0": 2.27625993973048, "S2:S_both:n_lo_burst:7": 1.8015218114885359, "S2:S_both:n_lo_full:4": 2.3747199296378345, "S2:S_both:n_lo_rand_hi:1": 1.368994932837886, "S2:S_both:n_lo_rand_hi:9": 2.4054392001657714, "S2:S_both:n_lo_rand_lo:7": 2.604296603245282, "S2:S_multiseason:n_hi_block_hi:2": 1.0693328576449013, "S2:S_multiseason:n_hi_block_lo:0": 1.8663168121869418, "S2:S_multiseason:n_hi_block_lo:8": 0.7199368127340666, "S2:S_multiseason:n_hi_burst:4": 2.0033472543206625, "S2:S_multiseason:n_hi_full:2": 1.306873649071928, "S2:S_multiseason:n_hi_full:9": 1.1130016845375736, "S2:S_multiseason:n_hi_rand_hi:7": 0.4743032005911086, "S2:S_multiseason:n_hi_rand_lo:3": 1.8652016119700827, "S2:S_multiseason:n_lo_block_hi:1": 1.2983084219604184, "S2:S_multiseason:n_lo_block_hi:8": 0.7804880911633911, "S2:S_multiseason:n_lo_block_lo:3": 1.6640232130647632, "S2:S_multiseason:n_lo_burst:2": 0.6691193288203374, "S2:S_multiseason:n_lo_burst:8": 0.8195147205018136, "S2:S_multiseason:n_lo_full:6": 0.7972201635472137, "S2:S_multiseason:n_lo_rand_hi:4": 1.114991488831115, "S2:S_multiseason:n_lo_rand_lo:0": 0.5399427649790894, "S2:S_multiseason:n_lo_rand_lo:7": 0.7989071834936382, "S2:S_regime:n_hi_block_hi:6": 1.5271550528391453, "S2:S_regime:n_hi_block_lo:2": 6.185666758518465, "S2:S_regime:n_hi_block_lo:9": 3.1174300754947306, "S2:S_regime:n_hi_burst:4": 6.164801754776712, "S2:S_regime:n_hi_full:3": 2.2179831421682903, "S2:S_regime:n_hi_rand_hi:1": 1.2625025387812872, "S2:S_regime:n_hi_rand_hi:8": 1.9121190662261285, "S2:S_regime:n_hi_rand_lo:4": 1.0406841547764685, "S2:S_regime:n_lo_block_hi:1": 2.170436558181314, "S2:S_regime:n_lo_block_hi:7": 7.60361695299173, "S2:S_regime:n_lo_block_lo:6": 2.0503138038809743, "S2:S_regime:n_lo_burst:3": 1.271676477544525, "S2:S_regime:n_lo_full:0": 0.9683609988980701, "S2:S_regime:n_lo_full:7": 3.1627952910223067, "S2:S_regime:n_lo_rand_hi:4": 1.1491312399193807, "S2:S_regime:n_lo_rand_lo:1": 2.083855625136351, "S2:S_regime:n_lo_rand_lo:9": 1.3321464276345119, "S2:S_trend:n_hi_block_hi:5": 7.102724602126859, "S2:S_trend:n_hi_block_lo:3": 7.056747341960383, "S2:S_trend:n_hi_burst:0": 7.182637370900143, "S2:S_trend:n_hi_burst:8": 7.2095055107773, "S2:S_trend:n_hi_full:6": 7.000628209598524, "S2:S_trend:n_hi_rand_hi:2": 7.2315145374927425, "S2:S_trend:n_hi_rand_hi:9": 7.214927145009156, "S2:S_trend:n_hi_rand_lo:7": 7.154790701277424, "S2:S_trend:n_lo_block_hi:5": 8.420085804146195, "S2:S_trend:n_lo_block_lo:1": 7.536197313093737, "S2:S_trend:n_lo_block_lo:7": 9.307368930255414, "S2:S_trend:n_lo_burst:5": 7.03062107278143, "S2:S_trend:n_lo_full:1": 7.253856371565759, "S2:S_trend:n_lo_full:9": 9.196598583801018, "S2:S_trend:n_lo_rand_hi:5": 7.956925288384333, "S2:S_trend:n_lo_rand_lo:2": 6.835232861362688, "S2:S_both:n_hi_block_hi:2": 2.179101120316751, "S2:S_both:n_hi_block_lo:0": 2.07407489611235, "S2:S_both:n_hi_block_lo:7": 2.1217360122590474, "S2:S_both:n_hi_burst:6": 2.1020163166995403, "S2:S_both:n_hi_full:1": 2.089380549978421, "S2:S_both:n_hi_full:7": 2.3006254891697586, "S2:S_both:n_hi_rand_hi:6": 1.9866734908083756, "S2:S_both:n_hi_rand_lo:3": 2.3355522661481767, "S2:S_both:n_lo_block_hi:0": 2.047704323720034, "S2:S_both:n_lo_block_hi:7": 1.6036731774355808, "S2:S_both:n_lo_block_lo:3": 2.3503426998724066, "S2:S_both:n_lo_burst:3": 2.8654943918990416, "S2:S_both:n_lo_burst:8": 2.760271447648664, "S2:S_both:n_lo_full:5": 2.9910113961595113, "S2:S_both:n_lo_rand_hi:2": 2.138809753444316, "S2:S_both:n_lo_rand_lo:1": 2.1186587021505465, "S2:S_both:n_lo_rand_lo:8": 2.032695793025343, "S2:S_multiseason:n_hi_block_hi:3": 1.5765938323313768, "S2:S_multiseason:n_hi_block_lo:2": 1.215978933360454, "S2:S_multiseason:n_hi_block_lo:9": 1.0665811813739345, "S2:S_multiseason:n_hi_burst:5": 0.9107962188217842, "S2:S_multiseason:n_hi_full:3": 1.303468102664228, "S2:S_multiseason:n_hi_rand_hi:0": 1.38396709208584, "S2:S_multiseason:n_hi_rand_hi:8": 1.4366920762006095, "S2:S_multiseason:n_hi_rand_lo:4": 0.6358940836168147, "S2:S_multiseason:n_lo_block_hi:3": 1.5445231345569674,