{"S2:S_both:n_hi_block_hi:0": 2.4015712166390943, "S2:S_both:n_hi_block_hi:7": 2.382116306250751, "S2:S_both:n_hi_block_lo:4": 2.606365957431001, "S2:S_both:n_hi_burst:2": 1.888290061367156, "S2:S_both:n_hi_burst:9": 4.4351977814452, "S2:S_both:n_hi_full:4": 2.3013864979086516, "S2:S_both:n_hi_rand_hi:2": 2.4967760329311743, "S2:S_both:n_hi_rand_lo:1": 2.1264062744443306, "S2:S_both:n_hi_rand_lo:7": 2.032128379340308, "S2:S_both:n_lo_block_hi:5": 1.6810046786530883, "S2:S_both:n_lo_block_lo:1": 1.7166788576661127, "S2:S_both:n_lo_block_lo:8": 2.805570516634051, "S2:S_both:n_lo_burst:6": 2.9075573865829556, "S2:S_both:n_lo_full:2": 2.3091175313525505, "S2:S_both:n_lo_rand_hi:0": 2.2172988901072, "S2:S_both:n_lo_rand_hi:5": 2.437559453808009, "S2:S_both:n_lo_rand_lo:6": 3.3110425627842477, "S2:S_multiseason:n_hi_block_hi:1": 0.9206743686363242, "S2:S_multiseason:n_hi_block_hi:8": 0.8932066176149436, "S2:S_multiseason:n_hi_block_lo:7": 2.139679681221491, "S2:S_multiseason:n_hi_burst:3": 0.931721028488533, "S2:S_multiseason:n_hi_full:1": 0.5589141121287668, "S2:S_multiseason:n_hi_full:8": 0.4455942358428331, "S2:S_multiseason:n_hi_rand_hi:6": 0.7242362061690706, "S2:S_multiseason:n_hi_rand_lo:2": 0.5620247835827475, "S2:S_multiseason:n_hi_rand_lo:7": 0.5827697505498669, "S2:S_multiseason:n_lo_block_hi:7": 0.3060923567752919, "S2:S_multiseason:n_lo_block_lo:2": 1.1642740727426617, "S2:S_multiseason:n_lo_burst:0": 0.5036229863753701, "S2:S_multiseason:n_lo_burst:7": 1.3194966322823758, "S2:S_multiseason:n_lo_full:5": 0.5151560172637749, "S2:S_multiseason:n_lo_rand_hi:3": 0.17360013461958831, "S2:S_multiseason:n_lo_rand_hi:8": 0.7807859909668555, "S2:S_multiseason:n_lo_rand_lo:6": 0.8892997044497463, "S2:S_regime:n_hi_block_hi:3": 7.347155221068993, "S2:S_regime:n_hi_block_lo:0": 3.895411517922277, "S2:S_regime:n_hi_block_lo:8": 8.794772740758594, "S2:S_regime:n_hi_burst:3": 3.131783534051568, "S2:S_regime:n_hi_full:1": 2.7504237328180925, "S2:S_regime:n_hi_full:9": 6.416089691293935, "S2:S_regime:n_hi_rand_hi:6": 4.276560658213638, "S2:S_regime:n_hi_rand_lo:3": 1.193734326112318, "S2:S_regime:n_lo_block_hi:0": 4.8235032805892235, "S2:S_regime:n_lo_block_hi:5": 1.1871398393786428, "S2:S_regime:n_lo_block_lo:5": 2.9055216847124337, "S2:S_regime:n_lo_burst:2": 2.363616118987279, "S2:S_regime:n_lo_burst:9": 1.2227291322138856, "S2:S_regime:n_lo_full:5": 1.2048439375659135, "S2:S_regime:n_lo_rand_hi:3": 4.275060987275451, "S2:S_regime:n_lo_rand_lo:0": 6.013236466635548, "S2:S_regime:n_lo_rand_lo:7": 10.4099030844969, "S2:S_trend:n_hi_block_hi:4": 7.2116443350100345, "S2:S_trend:n_hi_block_lo:1": 12.233571332146667, "S2:S_trend:n_hi_block_lo:9": 6.960079065625345, "S2:S_trend:n_hi_burst:6": 10.075987157946875, "S2:S_trend:n_hi_full:2": 8.310112488691239, "S2:S_trend:n_hi_rand_hi:0": 5.597020522110568, "S2:S_trend:n_hi_rand_hi:8": 5.7760589133593445, "S2:S_trend:n_hi_rand_lo:6": 6.302445512391426, "S2:S_trend:n_lo_block_hi:3": 10.668124963948749, "S2:S_trend:n_lo_block_hi:9": 15.861417687492937, "S2:S_trend:n_lo_block_lo:6": 5.887621975353199, "S2:S_trend:n_lo_burst:2": 6.2177556059154035, "S2:S_trend:n_lo_full:0": 10.181242186701931, "S2:S_trend:n_lo_full:8": 4.363427316104404, "S2:S_trend:n_lo_rand_hi:4": 9.9827895270641, "S2:S_trend:n_lo_rand_lo:1": 4.59310804124232, "S2:S_trend:n_lo_rand_lo:9": 9.911528070596356, "S2:S_both:n_hi_block_hi:1": 2.37997516694807, "S2:S_both:n_hi_block_hi:8": 2.2443976620123873, "S2:S_both:n_hi_block_lo:6": 2.5377616743285225, "S2:S_both:n_hi_burst:4": 2.257081217847438, "S2:S_both:n_hi_full:0": 2.2313957356370486, "S2:S_both:n_hi_full:5": 2.6366956886830213, "S2:S_both:n_hi_rand_hi:4": 3.1616539918777176, "S2:S_both:n_hi_rand_lo:2": 1.7220733941652093, "S2:S_both:n_hi_rand_lo:9": 1.3212337939497818, "S2:S_both:n_lo_block_hi:6": 1.6281347445059773, "S2:S_both:n_lo_block_lo:2": 2.598659407513287, "S2:S_both:n_lo_burst:0": 1.5423639341830757, "S2:S_both:n_lo_burst:7": 1.8978984797876877, "S2:S_both:n_lo_full:4": 1.5990904812900597, "S2:S_both:n_lo_rand_hi:1": 3.8416545453704636, "S2:S_both:n_lo_rand_hi:9": 2.5226500845695488, "S2:S_both:n_lo_rand_lo:7": 1.776574444979953, "S2:S_multiseason:n_hi_block_hi:2": 1.1112333042026565, "S2:S_multiseason:n_hi_block_lo:0": 1.4619938449881362, "S2:S_multiseason:n_hi_block_lo:8": 0.8344427462277616, "S2:S_multiseason:n_hi_burst:4": 1.1779097036734274, "S2:S_multiseason:n_hi_full:2": 1.0137762173962896, "S2:S_multiseason:n_hi_full:9": 0.47246193273881704, "S2:S_multiseason:n_hi_rand_hi:7": 0.25984325532689334, "S2:S_multiseason:n_hi_rand_lo:3": 1.3922760909219625, "S2:S_multiseason:n_lo_block_hi:1": 1.4807392518635525, "S2:S_multiseason:n_lo_block_hi:8": 0.37379626727526377, "S2:S_multiseason:n_lo_block_lo:3": 0.8690704458212448, "S2:S_multiseason:n_lo_burst:2": 1.541141945583742, "S2:S_multiseason:n_lo_burst:8": 0.7685219538098224, "S2:S_multiseason:n_lo_full:6": 2.659682383908765, "S2:S_multiseason:n_lo_rand_hi:4": 0.5081300718998206, "S2:S_multiseason:n_lo_rand_lo:0": 0.6449423938909168, "S2:S_multiseason:n_lo_rand_lo:7": 1.1351084869745551, "S2:S_regime:n_hi_block_hi:6": 14.972349049673015, "S2:S_regime:n_hi_block_lo:2": 6.243396730471375, "S2:S_regime:n_hi_block_lo:9": 3.927222040844031, "S2:S_regime:n_hi_burst:4": 6.093995104834338, "S2:S_regime:n_hi_full:3": 1.849427666219499, "S2:S_regime:n_hi_rand_hi:1": 1.5512060546721462, "S2:S_regime:n_hi_rand_hi:8": 1.9884757219472589, "S2:S_regime:n_hi_rand_lo:4": 2.5015416003567266, "S2:S_regime:n_lo_block_hi:1": 3.491887389614998, "S2:S_regime:n_lo_block_hi:7": 14.958155571144324, "S2:S_regime:n_lo_block_lo:6": 1.9289542689508166, "S2:S_regime:n_lo_burst:3": 1.9776092914934398, "S2:S_regime:n_lo_full:0": 1.0478689107381765, "S2:S_regime:n_lo_full:7": 3.1519620927879246, "S2:S_regime:n_lo_rand_hi:4": 1.831962387238003, "S2:S_regime:n_lo_rand_lo:1": 3.9023699716241027, "S2:S_regime:n_lo_rand_lo:9": 1.3358148149484224, "S2:S_trend:n_hi_block_hi:5": 5.705086693337585, "S2:S_trend:n_hi_block_lo:3": 6.620449143782531, "S2:S_trend:n_hi_burst:0": 6.2385151699054315, "S2:S_trend:n_hi_burst:8": 7.0699772748403085, "S2:S_trend:n_hi_full:6": 6.119724353985171, "S2:S_trend:n_hi_rand_hi:2": 6.222084996116867, "S2:S_trend:n_hi_rand_hi:9": 15.740494252262877, "S2:S_trend:n_hi_rand_lo:7": 5.778812625568111, "S2:S_trend:n_lo_block_hi:5": 6.692575256750809, "S2:S_trend:n_lo_block_lo:1": 10.847521171843157, "S2:S_trend:n_lo_block_lo:7": 10.241491849116018, "S2:S_trend:n_lo_burst:5": 6.218494650934747, "S2:S_trend:n_lo_full:1": 5.633277870097819, "S2:S_trend:n_lo_full:9": 12.618651375896448, "S2:S_trend:n_lo_rand_hi:5": 5.770867609563502, "S2:S_trend:n_lo_rand_lo:2": 5.734108128540504, "S2:S_both:n_hi_block_hi:2": 2.218349068755223, "S2:S_both:n_hi_block_lo:0": 2.5135734946079626, "S2:S_both:n_hi_block_lo:7": 2.1476442676513035, "S2:S_both:n_hi_burst:6": 1.7973574786453541, "S2:S_both:n_hi_full:1": 2.323325070735006, "S2:S_both:n_hi_full:7": 2.1700238321343357, "S2:S_both:n_hi_rand_hi:6": 2.3117436296793574, "S2:S_both:n_hi_rand_lo:3": 2.375776337482513, "S2:S_both:n_lo_block_hi:0": 3.46138542966758, "S2:S_both:n_lo_block_hi:7": 2.0842159453149605, "S2:S_both:n_lo_block_lo:3": 3.548852996135081, "S2:S_both:n_lo_burst:3": 3.1737417228016063, "S2:S_both:n_lo_burst:8": 2.214064166547697, "S2:S_both:n_lo_full:5": 3.2905760580490857, "S2:S_both:n_lo_rand_hi:2": 2.395833050510703, "S2:S_both:n_lo_rand_lo:1": 2.392502647016855, "S2:S_both:n_lo_rand_lo:8": 5.645231546731347, "S2:S_multiseason:n_hi_block_hi:3": 1.8301162984323958, "S2:S_multiseason:n_hi_block_lo:2": 1.08845076877929, "S2:S_multiseason:n_hi_block_lo:9": 0.4614084412452064, "S2:S_multiseason:n_hi_burst:5": 0.7336638955714588, "S2:S_multiseason:n_hi_full:3": 0.9079368785646571, "S2:S_multiseason:n_hi_rand_hi:0": 0.8942620278374533, "S2:S_multiseason:n_hi_rand_hi:8": 0.9402711992861386, "S2:S_multiseason:n_hi_rand_lo:4": 0.3202280617529431, "S2:S_multiseason:n_lo_block_hi:3": 0.477013665590102,