{"S2:S_both:n_hi_block_hi:0": 2.005132277816392, "S2:S_both:n_hi_block_hi:7": 2.0092808038693772, "S2:S_both:n_hi_block_lo:4": 2.0224582360923264, "S2:S_both:n_hi_burst:2": 1.979918691361345, "S2:S_both:n_hi_burst:9": 2.1468047506480445, "S2:S_both:n_hi_full:4": 2.1106235264665014, "S2:S_both:n_hi_rand_hi:2": 1.982587770722543, "S2:S_both:n_hi_rand_lo:1": 2.0255429278523063, "S2:S_both:n_hi_rand_lo:7": 2.0829571318253524, "S2:S_both:n_lo_block_hi:5": 1.9411658858140086, "S2:S_both:n_lo_block_lo:1": 2.205772719312728, "S2:S_both:n_lo_block_lo:8": 1.900878442725709, "S2:S_both:n_lo_burst:6": 2.2774121193762333, "S2:S_both:n_lo_full:2": 2.1463261579557598, "S2:S_both:n_lo_rand_hi:0": 1.849211869514628, "S2:S_both:n_lo_rand_hi:5": 1.8589330168227327, "S2:S_both:n_lo_rand_lo:6": 2.6527787222042543, "S2:S_multiseason:n_hi_block_hi:1": 0.6550176359111829, "S2:S_multiseason:n_hi_block_hi:8": 1.2706204039790128, "S2:S_multiseason:n_hi_block_lo:7": 1.8459689982365861, "S2:S_multiseason:n_hi_burst:3": 1.3712503556242868, "S2:S_multiseason:n_hi_full:1": 0.7622587977343828, "S2:S_multiseason:n_hi_full:8": 0.9627360426275782, "S2:S_multiseason:n_hi_rand_hi:6": 1.3242757662822309, "S2:S_multiseason:n_hi_rand_lo:2": 0.8701329379972692, "S2:S_multiseason:n_hi_rand_lo:7": 0.7863261163277402, "S2:S_multiseason:n_lo_block_hi:7": 0.511774266033741, "S2:S_multiseason:n_lo_block_lo:2": 1.264042622175794, "S2:S_multiseason:n_lo_burst:0": 1.3455698166431729, "S2:S_multiseason:n_lo_burst:7": 1.583207788427107, "S2:S_multiseason:n_lo_full:5": 0.780181366639116, "S2:S_multiseason:n_lo_rand_hi:3": 0.834608920972084, "S2:S_multiseason:n_lo_rand_hi:8": 2.1803450986785333, "S2:S_multiseason:n_lo_rand_lo:6": 0.7211928433791162, "S2:S_regime:n_hi_block_hi:3": 8.172811025003385, "S2:S_regime:n_hi_block_lo:0": 3.258559380971975, "S2:S_regime:n_hi_block_lo:8": 5.978196576065672, "S2:S_regime:n_hi_burst:3": 4.398790744573563, "S2:S_regime:n_hi_full:1": 3.17731776513096, "S2:S_regime:n_hi_full:9": 3.9394444569099107, "S2:S_regime:n_hi_rand_hi:6": 5.024217371536858, "S2:S_regime:n_hi_rand_lo:3": 1.417065444840408, "S2:S_regime:n_lo_block_hi:0": 4.852871155470937, "S2:S_regime:n_lo_block_hi:5": 1.146971626308052, "S2:S_regime:n_lo_block_lo:5": 1.7738632639705543, "S2:S_regime:n_lo_burst:2": 3.170455061581734, "S2:S_regime:n_lo_burst:9": 0.8746080583644088, "S2:S_regime:n_lo_full:5": 1.15354205539705, "S2:S_regime:n_lo_rand_hi:3": 5.911485902717023, "S2:S_regime:n_lo_rand_lo:0": 5.514239276789875, "S2:S_regime:n_lo_rand_lo:7": 4.88325950559302, "S2:S_trend:n_hi_block_hi:4": 7.6420007385495525, "S2:S_trend:n_hi_block_lo:1": 7.587223043366189, "S2:S_trend:n_hi_block_lo:9": 7.668935708551765, "S2:S_trend:n_hi_burst:6": 7.549577966095054, "S2:S_trend:n_hi_full:2": 7.636359822452544, "S2:S_trend:n_hi_rand_hi:0": 7.558400099000862, "S2:S_trend:n_hi_rand_hi:8": 7.611909302693797, "S2:S_trend:n_hi_rand_lo:6": 7.653457958127775, "S2:S_trend:n_lo_block_hi:3": 10.319524624947288, "S2:S_trend:n_lo_block_hi:9": 8.636371828478152, "S2:S_trend:n_lo_block_lo:6": 7.88075375562082, "S2:S_trend:n_lo_burst:2": 8.101334127136882, "S2:S_trend:n_lo_full:0": 7.633505878401213, "S2:S_trend:n_lo_full:8": 7.940679454864691, "S2:S_trend:n_lo_rand_hi:4": 7.533580130516906, "S2:S_trend:n_lo_rand_lo:1": 8.510889863656335, "S2:S_trend:n_lo_rand_lo:9": 8.100218286027506, "S2:S_both:n_hi_block_hi:1": 2.035620569247301, "S2:S_both:n_hi_block_hi:8": 1.907888766510855, "S2:S_both:n_hi_block_lo:6": 2.170747650564376, "S2:S_both:n_hi_burst:4": 1.9691554362355033, "S2:S_both:n_hi_full:0": 1.9470030488356143, "S2:S_both:n_hi_full:5": 1.9030296598327887, "S2:S_both:n_hi_rand_hi:4": 1.9354216939995668, "S2:S_both:n_hi_rand_lo:2": 2.03030524825027, "S2:S_both:n_hi_rand_lo:9": 2.0192622765398, "S2:S_both:n_lo_block_hi:6": 2.7997466964089646, "S2:S_both:n_lo_block_lo:2": 2.149041450200006, "S2:S_both:n_lo_burst:0": 2.3155189546857646, "S2:S_both:n_lo_burst:7": 1.8271742097288104, "S2:S_both:n_lo_full:4": 2.1066454680399858, "S2:S_both:n_lo_rand_hi:1": 1.7244047644488978, "S2:S_both:n_lo_rand_hi:9": 1.9189492694023307, "S2:S_both:n_lo_rand_lo:7": 2.289786919595454, "S2:S_multiseason:n_hi_block_hi:2": 1.0709870202225926, "S2:S_multiseason:n_hi_block_lo:0": 1.870746883744559, "S2:S_multiseason:n_hi_block_lo:8": 0.7365475727964026, "S2:S_multiseason:n_hi_burst:4": 2.0000730596165033, "S2:S_multiseason:n_hi_full:2": 1.2423586648828848, "S2:S_multiseason:n_hi_full:9": 1.1336983926818776, "S2:S_multiseason:n_hi_rand_hi:7": 0.5464034404388491, "S2:S_multiseason:n_hi_rand_lo:3": 1.813894554189113, "S2:S_multiseason:n_lo_block_hi:1": 1.304513320737088, "S2:S_multiseason:n_lo_block_hi:8": 0.8059552359870601, "S2:S_multiseason:n_lo_block_lo:3": 1.649147832586257, "S2:S_multiseason:n_lo_burst:2": 0.6944241233929885, "S2:S_multiseason:n_lo_burst:8": 0.8458802333178603, "S2:S_multiseason:n_lo_full:6": 0.8041993973789563, "S2:S_multiseason:n_lo_rand_hi:4": 1.110460512648609, "S2:S_multiseason:n_lo_rand_lo:0": 0.6557085407063707, "S2:S_multiseason:n_lo_rand_lo:7": 0.6789558426231476, "S2:S_regime:n_hi_block_hi:6": 1.4894766489300466, "S2:S_regime:n_hi_block_lo:2": 6.282304228081534, "S2:S_regime:n_hi_block_lo:9": 3.146466334435952, "S2:S_regime:n_hi_burst:4": 6.3325852346719635, "S2:S_regime:n_hi_full:3": 2.2459920826613056, "S2:S_regime:n_hi_rand_hi:1": 1.289519700355827, "S2:S_regime:n_hi_rand_hi:8": 1.8591802233994614, "S2:S_regime:n_hi_rand_lo:4": 0.9765513295292524, "S2:S_regime:n_lo_block_hi:1": 2.129427075219445, "S2:S_regime:n_lo_block_hi:7": 8.11651645640997, "S2:S_regime:n_lo_block_lo:6": 1.9558297758068945, "S2:S_regime:n_lo_burst:3": 1.2839225831409822, "S2:S_regime:n_lo_full:0": 1.0951324943965062, "S2:S_regime:n_lo_full:7": 3.1294126690744175, "S2:S_regime:n_lo_rand_hi:4": 1.5626829146784362, "S2:S_regime:n_lo_rand_lo:1": 2.132675866500909, "S2:S_regime:n_lo_rand_lo:9": 1.300798245931814, "S2:S_trend:n_hi_block_hi:5": 7.492625073085463, "S2:S_trend:n_hi_block_lo:3": 7.4604168970887805, "S2:S_trend:n_hi_burst:0": 7.537775755743595, "S2:S_trend:n_hi_burst:8": 7.49544083182789, "S2:S_trend:n_hi_full:6": 7.368976798491913, "S2:S_trend:n_hi_rand_hi:2": 7.322316794920303, "S2:S_trend:n_hi_rand_hi:9": 7.431874806049475, "S2:S_trend:n_hi_rand_lo:7": 7.4419515174450845, "S2:S_trend:n_lo_block_hi:5": 7.368818231050161, "S2:S_trend:n_lo_block_lo:1": 8.195237548774394, "S2:S_trend:n_lo_block_lo:7": 7.987083025778926, "S2:S_trend:n_lo_burst:5": 6.811615761466586, "S2:S_trend:n_lo_full:1": 6.894295686170529, "S2:S_trend:n_lo_full:9": 7.92874775024668, "S2:S_trend:n_lo_rand_hi:5": 7.251640787075206, "S2:S_trend:n_lo_rand_lo:2": 7.018252104920786, "S2:S_both:n_hi_block_hi:2": 2.064772987606855, "S2:S_both:n_hi_block_lo:0": 2.0486265666523327, "S2:S_both:n_hi_block_lo:7": 2.169326501105859, "S2:S_both:n_hi_burst:6": 2.02110350106293, "S2:S_both:n_hi_full:1": 2.005818436375952, "S2:S_both:n_hi_full:7": 2.0554658072355285, "S2:S_both:n_hi_rand_hi:6": 2.093221554527014, "S2:S_both:n_hi_rand_lo:3": 2.2539960766805884, "S2:S_both:n_lo_block_hi:0": 2.1150034643108393, "S2:S_both:n_lo_block_hi:7": 1.5693086734103738, "S2:S_both:n_lo_block_lo:3": 2.4118465721694085, "S2:S_both:n_lo_burst:3": 2.140534968205588, "S2:S_both:n_lo_burst:8": 2.375630049727413, "S2:S_both:n_lo_full:5": 2.784705259183638, "S2:S_both:n_lo_rand_hi:2": 1.9656893892843201, "S2:S_both:n_lo_rand_lo:1": 1.9692134146383782, "S2:S_both:n_lo_rand_lo:8": 1.9090874603861667, "S2:S_multiseason:n_hi_block_hi:3": 1.5758392439092215, "S2:S_multiseason:n_hi_block_lo:2": 1.1809808089390923, "S2:S_multiseason:n_hi_block_lo:9": 1.0961369221152504, "S2:S_multiseason:n_hi_burst:5": 0.8625833381509829, "S2:S_multiseason:n_hi_full:3": 1.1825223906041085, "S2:S_multiseason:n_hi_rand_hi:0": 1.3527905582470579, "S2:S_multiseason:n_hi_rand_hi:8": 1.406564594805013, "S2:S_multiseason:n_hi_rand_lo:4": 0.6355758373527348, "S2:S_multiseason:n_lo_block_hi:3": 1.5466967602989716,