{"S2:S_both:n_hi_block_hi:0": 2.212152389984066, "S2:S_both:n_hi_block_hi:7": 2.063643335756825, "S2:S_both:n_hi_block_lo:4": 2.1865197128131757, "S2:S_both:n_hi_burst:2": 2.00183031026871, "S2:S_both:n_hi_burst:9": 3.8426841010894592, "S2:S_both:n_hi_full:4": 2.1943850249048573, "S2:S_both:n_hi_rand_hi:2": 2.19721331745877, "S2:S_both:n_hi_rand_lo:1": 2.142711491629761, "S2:S_both:n_hi_rand_lo:7": 2.1102974305666646, "S2:S_both:n_lo_block_hi:5": 2.260837976036029, "S2:S_both:n_lo_block_lo:1": 2.5077217857389535, "S2:S_both:n_lo_block_lo:8": 1.9814110218267782, "S2:S_both:n_lo_burst:6": 2.8800215080953206, "S2:S_both:n_lo_full:2": 1.9511276207628017, "S2:S_both:n_lo_rand_hi:0": 1.850734547183215, "S2:S_both:n_lo_rand_hi:5": 1.9475146486602983, "S2:S_both:n_lo_rand_lo:6": 2.368535532992336, "S2:S_multiseason:n_hi_block_hi:1": 0.6968504013641049, "S2:S_multiseason:n_hi_block_hi:8": 1.1405057771109448, "S2:S_multiseason:n_hi_block_lo:7": 0.924081384311859, "S2:S_multiseason:n_hi_burst:3": 1.2599010217967008, "S2:S_multiseason:n_hi_full:1": 0.8139900551243504, "S2:S_multiseason:n_hi_full:8": 0.6903818557916439, "S2:S_multiseason:n_hi_rand_hi:6": 1.0350082176926703, "S2:S_multiseason:n_hi_rand_lo:2": 0.8490861481550169, "S2:S_multiseason:n_hi_rand_lo:7": 0.783288371395835, "S2:S_multiseason:n_lo_block_hi:7": 0.8470759339436182, "S2:S_multiseason:n_lo_block_lo:2": 1.400152685360516, "S2:S_multiseason:n_lo_burst:0": 1.2299593965189501, "S2:S_multiseason:n_lo_burst:7": 1.5588657703172566, "S2:S_multiseason:n_lo_full:5": 0.7216501424637528, "S2:S_multiseason:n_lo_rand_hi:3": 0.6406595460116394, "S2:S_multiseason:n_lo_rand_hi:8": 1.468370171966496, "S2:S_multiseason:n_lo_rand_lo:6": 1.0185265055853447, "S2:S_regime:n_hi_block_hi:3": 8.457701814442876, "S2:S_regime:n_hi_block_lo:0": 3.6502063804880494, "S2:S_regime:n_hi_block_lo:8": 6.98091553134406, "S2:S_regime:n_hi_burst:3": 4.54003962328251, "S2:S_regime:n_hi_full:1": 3.314380871631396, "S2:S_regime:n_hi_full:9": 5.727300165470864, "S2:S_regime:n_hi_rand_hi:6": 5.131333463092843, "S2:S_regime:n_hi_rand_lo:3": 1.204011378878376, "S2:S_regime:n_lo_block_hi:0": 5.0971371910706536, "S2:S_regime:n_lo_block_hi:5": 1.3335889408476875, "S2:S_regime:n_lo_block_lo:5": 1.9975027770836062, "S2:S_regime:n_lo_burst:2": 3.0420654340921964, "S2:S_regime:n_lo_burst:9": 0.5598025479548501, "S2:S_regime:n_lo_full:5": 1.0501186028734624, "S2:S_regime:n_lo_rand_hi:3": 6.879036227393619, "S2:S_regime:n_lo_rand_lo:0": 5.490606276275619, "S2:S_regime:n_lo_rand_lo:7": 4.491082248623176, "S2:S_trend:n_hi_block_hi:4": 7.571730577808104, "S2:S_trend:n_hi_block_lo:1": 10.745583204981902, "S2:S_trend:n_hi_block_lo:9": 7.899162253156806, "S2:S_trend:n_hi_burst:6": 7.742406838204439, "S2:S_trend:n_hi_full:2": 7.847046154659649, "S2:S_trend:n_hi_rand_hi:0": 7.960906249900863, "S2:S_trend:n_hi_rand_hi:8": 7.953276667117206, "S2:S_trend:n_hi_rand_lo:6": 7.955688068098584, "S2:S_trend:n_lo_block_hi:3": 12.75292907214621, "S2:S_trend:n_lo_block_hi:9": 9.136386005661391, "S2:S_trend:n_lo_block_lo:6": 8.353900788987827, "S2:S_trend:n_lo_burst:2": 8.398487786820215, "S2:S_trend:n_lo_full:0": 7.144509502127144, "S2:S_trend:n_lo_full:8": 8.194517027695433, "S2:S_trend:n_lo_rand_hi:4": 10.526881682381301, "S2:S_trend:n_lo_rand_lo:1": 9.241179804686576, "S2:S_trend:n_lo_rand_lo:9": 9.242709271804488, "S2:S_both:n_hi_block_hi:1": 1.955119876151751, "S2:S_both:n_hi_block_hi:8": 2.0785963215648473, "S2:S_both:n_hi_block_lo:6": 2.172000351318862, "S2:S_both:n_hi_burst:4": 1.9865820018418774, "S2:S_both:n_hi_full:0": 2.0005897179273755, "S2:S_both:n_hi_full:5": 2.124855317190923, "S2:S_both:n_hi_rand_hi:4": 3.1410462763332276, "S2:S_both:n_hi_rand_lo:2": 2.002395334933424, "S2:S_both:n_hi_rand_lo:9": 2.0122101150313747, "S2:S_both:n_lo_block_hi:6": 1.9587800790848964, "S2:S_both:n_lo_block_lo:2": 2.639638844381886, "S2:S_both:n_lo_burst:0": 2.289804301501406, "S2:S_both:n_lo_burst:7": 2.901582998308106, "S2:S_both:n_lo_full:4": 2.300598309032885, "S2:S_both:n_lo_rand_hi:1": 4.2955537663651615, "S2:S_both:n_lo_rand_hi:9": 2.394572607236522, "S2:S_both:n_lo_rand_lo:7": 2.2181575331468046, "S2:S_multiseason:n_hi_block_hi:2": 1.0673192191752472, "S2:S_multiseason:n_hi_block_lo:0": 1.772291205796631, "S2:S_multiseason:n_hi_block_lo:8": 0.8640553996014997, "S2:S_multiseason:n_hi_burst:4": 1.551224354988852, "S2:S_multiseason:n_hi_full:2": 1.239571536048877, "S2:S_multiseason:n_hi_full:9": 0.9854934361667776, "S2:S_multiseason:n_hi_rand_hi:7": 0.5267300741688341, "S2:S_multiseason:n_hi_rand_lo:3": 1.6451037243048092, "S2:S_multiseason:n_lo_block_hi:1": 1.2763947973752785, "S2:S_multiseason:n_lo_block_hi:8": 0.8429582358898012, "S2:S_multiseason:n_lo_block_lo:3": 1.2541375391043328, "S2:S_multiseason:n_lo_burst:2": 1.3249335679258876, "S2:S_multiseason:n_lo_burst:8": 0.937761788827436, "S2:S_multiseason:n_lo_full:6": 1.4702749639660102, "S2:S_multiseason:n_lo_rand_hi:4": 1.137063810380645, "S2:S_multiseason:n_lo_rand_lo:0": 1.1051295916577515, "S2:S_multiseason:n_lo_rand_lo:7": 0.9500681374439962, "S2:S_regime:n_hi_block_hi:6": 1.55996795855274, "S2:S_regime:n_hi_block_lo:2": 6.321368624361367, "S2:S_regime:n_hi_block_lo:9": 2.1882849198337064, "S2:S_regime:n_hi_burst:4": 6.573624222001219, "S2:S_regime:n_hi_full:3": 1.8968375954019945, "S2:S_regime:n_hi_rand_hi:1": 1.29802816089519, "S2:S_regime:n_hi_rand_hi:8": 1.784781796991305, "S2:S_regime:n_hi_rand_lo:4": 1.2297090246639688, "S2:S_regime:n_lo_block_hi:1": 2.6399659542736966, "S2:S_regime:n_lo_block_hi:7": 11.671301784303626, "S2:S_regime:n_lo_block_lo:6": 1.9763131250250323, "S2:S_regime:n_lo_burst:3": 1.242174651073243, "S2:S_regime:n_lo_full:0": 1.396868234923591, "S2:S_regime:n_lo_full:7": 2.0541819119966753, "S2:S_regime:n_lo_rand_hi:4": 1.2514071689599675, "S2:S_regime:n_lo_rand_lo:1": 3.05183162946636, "S2:S_regime:n_lo_rand_lo:9": 1.3601896015248178, "S2:S_trend:n_hi_block_hi:5": 7.636166059777129, "S2:S_trend:n_hi_block_lo:3": 7.798242063322339, "S2:S_trend:n_hi_burst:0": 7.927810708119781, "S2:S_trend:n_hi_burst:8": 7.775516420925785, "S2:S_trend:n_hi_full:6": 7.749210672408584, "S2:S_trend:n_hi_rand_hi:2": 7.62272253889274, "S2:S_trend:n_hi_rand_hi:9": 9.846738028200958, "S2:S_trend:n_hi_rand_lo:7": 7.602471475284758, "S2:S_trend:n_lo_block_hi:5": 7.402338427105854, "S2:S_trend:n_lo_block_lo:1": 8.463495011687439, "S2:S_trend:n_lo_block_lo:7": 8.002136029784708, "S2:S_trend:n_lo_burst:5": 7.280005177380958, "S2:S_trend:n_lo_full:1": 7.052895190967508, "S2:S_trend:n_lo_full:9": 8.911761119329226, "S2:S_trend:n_lo_rand_hi:5": 7.295672350180277, "S2:S_trend:n_lo_rand_lo:2": 7.951342108173859, "S2:S_both:n_hi_block_hi:2": 2.2882770397155756, "S2:S_both:n_hi_block_lo:0": 2.175414022594848, "S2:S_both:n_hi_block_lo:7": 2.079822833695504, "S2:S_both:n_hi_burst:6": 1.4841528328009095, "S2:S_both:n_hi_full:1": 2.1957047081339613, "S2:S_both:n_hi_full:7": 2.1994568413446998, "S2:S_both:n_hi_rand_hi:6": 2.0521838363606966, "S2:S_both:n_hi_rand_lo:3": 2.141691469105556, "S2:S_both:n_lo_block_hi:0": 2.138307825639331, "S2:S_both:n_lo_block_hi:7": 1.540258313194248, "S2:S_both:n_lo_block_lo:3": 2.8129661096670335, "S2:S_both:n_lo_burst:3": 2.085804480557972, "S2:S_both:n_lo_burst:8": 2.2984352839457203, "S2:S_both:n_lo_full:5": 2.552527982290056, "S2:S_both:n_lo_rand_hi:2": 2.3830111909050693, "S2:S_both:n_lo_rand_lo:1": 2.110997939168383, "S2:S_both:n_lo_rand_lo:8": 1.8218757065884192, "S2:S_multiseason:n_hi_block_hi:3": 1.566958906625534, "S2:S_multiseason:n_hi_block_lo:2": 1.1599327834320616, "S2:S_multiseason:n_hi_block_lo:9": 0.9934102223820832, "S2:S_multiseason:n_hi_burst:5": 0.8457163397496518, "S2:S_multiseason:n_hi_full:3": 1.1875375102060182, "S2:S_multiseason:n_hi_rand_hi:0": 1.1630192704581257, "S2:S_multiseason:n_hi_rand_hi:8": 1.1341234592183755, "S2:S_multiseason:n_hi_rand_lo:4": 0.4813308103476207, "S2:S_multiseason:n_lo_block_hi:3": 1.066736086169317,