{"S2:S_both:n_hi_block_hi:0": 1.9278531442423592, "S2:S_both:n_hi_block_hi:7": 1.925509876104655, "S2:S_both:n_hi_block_lo:4": 1.98481478979394, "S2:S_both:n_hi_burst:2": 1.804125623309367, "S2:S_both:n_hi_burst:9": 2.0013655440377085, "S2:S_both:n_hi_full:4": 2.001884118662913, "S2:S_both:n_hi_rand_hi:2": 1.9553764026166833, "S2:S_both:n_hi_rand_lo:1": 1.8880749039864264, "S2:S_both:n_hi_rand_lo:7": 1.9670638047932811, "S2:S_both:n_lo_block_hi:5": 1.8656984254047035, "S2:S_both:n_lo_block_lo:1": 2.317133352132335, "S2:S_both:n_lo_block_lo:8": 1.8612890510898585, "S2:S_both:n_lo_burst:6": 2.2287049362820763, "S2:S_both:n_lo_full:2": 2.3498482756382293, "S2:S_both:n_lo_rand_hi:0": 1.773638777688344, "S2:S_both:n_lo_rand_hi:5": 1.864971926214381, "S2:S_both:n_lo_rand_lo:6": 3.037314167285021, "S2:S_multiseason:n_hi_block_hi:1": 0.5681585809567099, "S2:S_multiseason:n_hi_block_hi:8": 1.0700241397987862, "S2:S_multiseason:n_hi_block_lo:7": 1.5483139832264916, "S2:S_multiseason:n_hi_burst:3": 1.1410424384256586, "S2:S_multiseason:n_hi_full:1": 0.622516632764999, "S2:S_multiseason:n_hi_full:8": 0.46683098810143303, "S2:S_multiseason:n_hi_rand_hi:6": 1.0414500267110016, "S2:S_multiseason:n_hi_rand_lo:2": 0.7175865149029667, "S2:S_multiseason:n_hi_rand_lo:7": 0.6672905257611015, "S2:S_multiseason:n_lo_block_hi:7": 0.44489775932953024, "S2:S_multiseason:n_lo_block_lo:2": 1.1854900031080988, "S2:S_multiseason:n_lo_burst:0": 0.9989864895445204, "S2:S_multiseason:n_lo_burst:7": 1.474531688883519, "S2:S_multiseason:n_lo_full:5": 0.6340375393004258, "S2:S_multiseason:n_lo_rand_hi:3": 0.6404886462807564, "S2:S_multiseason:n_lo_rand_hi:8": 1.0874499330320795, "S2:S_multiseason:n_lo_rand_lo:6": 0.5060427086231629, "S2:S_regime:n_hi_block_hi:3": 7.754307039980334, "S2:S_regime:n_hi_block_lo:0": 3.267923638055639, "S2:S_regime:n_hi_block_lo:8": 5.8129420423139635, "S2:S_regime:n_hi_burst:3": 3.928994944122058, "S2:S_regime:n_hi_full:1": 3.035057458326313, "S2:S_regime:n_hi_full:9": 3.120193047995775, "S2:S_regime:n_hi_rand_hi:6": 4.754961122864717, "S2:S_regime:n_hi_rand_lo:3": 1.1893281339052604, "S2:S_regime:n_lo_block_hi:0": 4.639019806619614, "S2:S_regime:n_lo_block_hi:5": 1.7143914694075733, "S2:S_regime:n_lo_block_lo:5": 2.3411094351914956, "S2:S_regime:n_lo_burst:2": 3.1300924922650437, "S2:S_regime:n_lo_burst:9": 0.6646331302410748, "S2:S_regime:n_lo_full:5": 1.112691866393164, "S2:S_regime:n_lo_rand_hi:3": 5.926823730406556, "S2:S_regime:n_lo_rand_lo:0": 5.163777086498611, "S2:S_regime:n_lo_rand_lo:7": 5.000173379637584, "S2:S_trend:n_hi_block_hi:4": 7.207700478737238, "S2:S_trend:n_hi_block_lo:1": 7.099134339352092, "S2:S_trend:n_hi_block_lo:9": 7.064569029253007, "S2:S_trend:n_hi_burst:6": 7.125460542885253, "S2:S_trend:n_hi_full:2": 7.171806924167161, "S2:S_trend:n_hi_rand_hi:0": 7.090916679183306, "S2:S_trend:n_hi_rand_hi:8": 7.2229609065779785, "S2:S_trend:n_hi_rand_lo:6": 7.235463815205947, "S2:S_trend:n_lo_block_hi:3": 12.113348466652191, "S2:S_trend:n_lo_block_hi:9": 8.432609387826652, "S2:S_trend:n_lo_block_lo:6": 7.506841677246854, "S2:S_trend:n_lo_burst:2": 7.535511102145522, "S2:S_trend:n_lo_full:0": 8.326177555313556, "S2:S_trend:n_lo_full:8": 7.392377759390466, "S2:S_trend:n_lo_rand_hi:4": 6.708661403395615, "S2:S_trend:n_lo_rand_lo:1": 7.634830941636578, "S2:S_trend:n_lo_rand_lo:9": 7.447535764933976, "S2:S_both:n_hi_block_hi:1": 1.882486711477106, "S2:S_both:n_hi_block_hi:8": 1.7941169153363754, "S2:S_both:n_hi_block_lo:6": 2.081487540297666, "S2:S_both:n_hi_burst:4": 1.8332267540760632, "S2:S_both:n_hi_full:0": 1.9146973396930125, "S2:S_both:n_hi_full:5": 1.865852479588813, "S2:S_both:n_hi_rand_hi:4": 3.4201978668303017, "S2:S_both:n_hi_rand_lo:2": 1.970239616629181, "S2:S_both:n_hi_rand_lo:9": 1.8925999950714538, "S2:S_both:n_lo_block_hi:6": 2.5855159953068036, "S2:S_both:n_lo_block_lo:2": 2.1475660788341338, "S2:S_both:n_lo_burst:0": 2.28979750104336, "S2:S_both:n_lo_burst:7": 1.73541871067084, "S2:S_both:n_lo_full:4": 2.386155653982834, "S2:S_both:n_lo_rand_hi:1": 3.035867364012241, "S2:S_both:n_lo_rand_hi:9": 2.417767359524241, "S2:S_both:n_lo_rand_lo:7": 2.9024015452544853, "S2:S_multiseason:n_hi_block_hi:2": 1.0687781016137587, "S2:S_multiseason:n_hi_block_lo:0": 1.7521998408755581, "S2:S_multiseason:n_hi_block_lo:8": 0.4902111369571807, "S2:S_multiseason:n_hi_burst:4": 1.6441546648152157, "S2:S_multiseason:n_hi_full:2": 1.1556444085530337, "S2:S_multiseason:n_hi_full:9": 0.7993391779305592, "S2:S_multiseason:n_hi_rand_hi:7": 0.2856504024062374, "S2:S_multiseason:n_hi_rand_lo:3": 1.5059401549703189, "S2:S_multiseason:n_lo_block_hi:1": 1.31307407137769, "S2:S_multiseason:n_lo_block_hi:8": 0.650644071555413, "S2:S_multiseason:n_lo_block_lo:3": 0.9910303495218998, "S2:S_multiseason:n_lo_burst:2": 0.5996966617228187, "S2:S_multiseason:n_lo_burst:8": 0.7838450752634432, "S2:S_multiseason:n_lo_full:6": 1.2380575455389458, "S2:S_multiseason:n_lo_rand_hi:4": 0.8418973537877391, "S2:S_multiseason:n_lo_rand_lo:0": 0.7189856805117787, "S2:S_multiseason:n_lo_rand_lo:7": 0.6996558927272033, "S2:S_regime:n_hi_block_hi:6": 1.542713412719092, "S2:S_regime:n_hi_block_lo:2": 6.471532381691663, "S2:S_regime:n_hi_block_lo:9": 2.696582595694999, "S2:S_regime:n_hi_burst:4": 6.123721785441892, "S2:S_regime:n_hi_full:3": 1.9724992469562008, "S2:S_regime:n_hi_rand_hi:1": 1.2672903165184035, "S2:S_regime:n_hi_rand_hi:8": 2.0217500190173503, "S2:S_regime:n_hi_rand_lo:4": 0.8582593610054694, "S2:S_regime:n_lo_block_hi:1": 2.694664518449977, "S2:S_regime:n_lo_block_hi:7": 9.815423597434823, "S2:S_regime:n_lo_block_lo:6": 2.174620097371025, "S2:S_regime:n_lo_burst:3": 1.2497561190257858, "S2:S_regime:n_lo_full:0": 1.1195025638146738, "S2:S_regime:n_lo_full:7": 2.490679248000219, "S2:S_regime:n_lo_rand_hi:4": 1.2613981819429236, "S2:S_regime:n_lo_rand_lo:1": 2.3414889307170896, "S2:S_regime:n_lo_rand_lo:9": 1.3769443805842723, "S2:S_trend:n_hi_block_hi:5": 6.999887511037537, "S2:S_trend:n_hi_block_lo:3": 7.004717274972088, "S2:S_trend:n_hi_burst:0": 7.170308490704601, "S2:S_trend:n_hi_burst:8": 7.040432127301772, "S2:S_trend:n_hi_full:6": 6.885508659925443, "S2:S_trend:n_hi_rand_hi:2": 6.85665964956828, "S2:S_trend:n_hi_rand_hi:9": 6.930207832572737, "S2:S_trend:n_hi_rand_lo:7": 7.013320872092005, "S2:S_trend:n_lo_block_hi:5": 7.074585152350913, "S2:S_trend:n_lo_block_lo:1": 7.699081396470115, "S2:S_trend:n_lo_block_lo:7": 9.399624374535577, "S2:S_trend:n_lo_burst:5": 6.510790372161429, "S2:S_trend:n_lo_full:1": 6.384753927162353, "S2:S_trend:n_lo_full:9": 6.42202316651967, "S2:S_trend:n_lo_rand_hi:5": 6.785911087512695, "S2:S_trend:n_lo_rand_lo:2": 6.664974222603539, "S2:S_both:n_hi_block_hi:2": 1.9272965014889174, "S2:S_both:n_hi_block_lo:0": 2.0477867794714495, "S2:S_both:n_hi_block_lo:7": 2.1076107048667296, "S2:S_both:n_hi_burst:6": 1.9893802146328954, "S2:S_both:n_hi_full:1": 1.9342354504957888, "S2:S_both:n_hi_full:7": 1.9901706079672337, "S2:S_both:n_hi_rand_hi:6": 1.9514579898814661, "S2:S_both:n_hi_rand_lo:3": 2.090671467022943, "S2:S_both:n_lo_block_hi:0": 2.0305085487362575, "S2:S_both:n_lo_block_hi:7": 1.4874442567063617, "S2:S_both:n_lo_block_lo:3": 2.817322588207687, "S2:S_both:n_lo_burst:3": 2.3612797787893127, "S2:S_both:n_lo_burst:8": 2.2745905758063976, "S2:S_both:n_lo_full:5": 3.013002607491744, "S2:S_both:n_lo_rand_hi:2": 1.9336857572528279, "S2:S_both:n_lo_rand_lo:1": 1.8668777237452243, "S2:S_both:n_lo_rand_lo:8": 1.976107889259527, "S2:S_multiseason:n_hi_block_hi:3": 1.5867629845185578, "S2:S_multiseason:n_hi_block_lo:2": 1.0634425808986774, "S2:S_multiseason:n_hi_block_lo:9": 0.8954004487466066, "S2:S_multiseason:n_hi_burst:5": 0.7263794683170028, "S2:S_multiseason:n_hi_full:3": 1.1038118942159163, "S2:S_multiseason:n_hi_rand_hi:0": 1.2061113943268116, "S2:S_multiseason:n_hi_rand_hi:8": 1.2716879346244718, "S2:S_multiseason:n_hi_rand_lo:4": 0.378492317160914, "S2:S_multiseason:n_lo_block_hi:3": 1.2028551252168482,