{"S2:S_both:n_hi_block_hi:0": 1.9348060651991867, "S2:S_both:n_hi_block_hi:7": 2.007247259861631, "S2:S_both:n_hi_block_lo:4": 2.2067501261429134, "S2:S_both:n_hi_burst:2": 1.9254274820051447, "S2:S_both:n_hi_burst:9": 3.625458404614151, "S2:S_both:n_hi_full:4": 2.0846581443290275, "S2:S_both:n_hi_rand_hi:2": 2.1841480084567024, "S2:S_both:n_hi_rand_lo:1": 2.1354039175168906, "S2:S_both:n_hi_rand_lo:7": 2.138376031426592, "S2:S_both:n_lo_block_hi:5": 2.251811036709753, "S2:S_both:n_lo_block_lo:1": 2.4306623901811966, "S2:S_both:n_lo_block_lo:8": 2.1965861798718382, "S2:S_both:n_lo_burst:6": 2.723619737698392, "S2:S_both:n_lo_full:2": 1.9407324851074266, "S2:S_both:n_lo_rand_hi:0": 1.7840218995743298, "S2:S_both:n_lo_rand_hi:5": 2.0526643435638414, "S2:S_both:n_lo_rand_lo:6": 3.1085276158870503, "S2:S_multiseason:n_hi_block_hi:1": 0.9200102357279369, "S2:S_multiseason:n_hi_block_hi:8": 0.8955504193772461, "S2:S_multiseason:n_hi_block_lo:7": 1.2446174655259352, "S2:S_multiseason:n_hi_burst:3": 0.9457759021716077, "S2:S_multiseason:n_hi_full:1": 0.577917791321653, "S2:S_multiseason:n_hi_full:8": 0.4470088770819757, "S2:S_multiseason:n_hi_rand_hi:6": 0.6956481209035018, "S2:S_multiseason:n_hi_rand_lo:2": 0.569084759963498, "S2:S_multiseason:n_hi_rand_lo:7": 0.6003376386089692, "S2:S_multiseason:n_lo_block_hi:7": 0.34834149485205135, "S2:S_multiseason:n_lo_block_lo:2": 1.1521671440250538, "S2:S_multiseason:n_lo_burst:0": 0.4997975257831134, "S2:S_multiseason:n_lo_burst:7": 1.2643847904998917, "S2:S_multiseason:n_lo_full:5": 0.46417465841726374, "S2:S_multiseason:n_lo_rand_hi:3": 0.19157604205145895, "S2:S_multiseason:n_lo_rand_hi:8": 0.7610589084155842, "S2:S_multiseason:n_lo_rand_lo:6": 0.9070849772453266, "S2:S_regime:n_hi_block_hi:3": 8.099374838278301, "S2:S_regime:n_hi_block_lo:0": 4.068720908112432, "S2:S_regime:n_hi_block_lo:8": 8.280861283727738, "S2:S_regime:n_hi_burst:3": 3.972754795157922, "S2:S_regime:n_hi_full:1": 3.0725403055810765, "S2:S_regime:n_hi_full:9": 6.486420841468797, "S2:S_regime:n_hi_rand_hi:6": 4.87497867426328, "S2:S_regime:n_hi_rand_lo:3": 1.184992425709681, "S2:S_regime:n_lo_block_hi:0": 4.903276253077378, "S2:S_regime:n_lo_block_hi:5": 1.1964931925783904, "S2:S_regime:n_lo_block_lo:5": 2.8177163114018295, "S2:S_regime:n_lo_burst:2": 3.0856612109577477, "S2:S_regime:n_lo_burst:9": 1.2188532783169526, "S2:S_regime:n_lo_full:5": 1.1971186915338925, "S2:S_regime:n_lo_rand_hi:3": 6.38863817181812, "S2:S_regime:n_lo_rand_lo:0": 5.879239416694166, "S2:S_regime:n_lo_rand_lo:7": 4.746264185592953, "S2:S_trend:n_hi_block_hi:4": 7.165985953632117, "S2:S_trend:n_hi_block_lo:1": 9.670203374755223, "S2:S_trend:n_hi_block_lo:9": 7.462972239223149, "S2:S_trend:n_hi_burst:6": 7.5911980580796605, "S2:S_trend:n_hi_full:2": 8.54686979207246, "S2:S_trend:n_hi_rand_hi:0": 7.340284671925785, "S2:S_trend:n_hi_rand_hi:8": 7.507965817448494, "S2:S_trend:n_hi_rand_lo:6": 7.2820884190850395, "S2:S_trend:n_lo_block_hi:3": 11.32641021215876, "S2:S_trend:n_lo_block_hi:9": 8.66665492460689, "S2:S_trend:n_lo_block_lo:6": 7.096760966251752, "S2:S_trend:n_lo_burst:2": 8.059711971142047, "S2:S_trend:n_lo_full:0": 9.33591042133804, "S2:S_trend:n_lo_full:8": 7.424714890833647, "S2:S_trend:n_lo_rand_hi:4": 10.012255671858652, "S2:S_trend:n_lo_rand_lo:1": 7.2098792177152555, "S2:S_trend:n_lo_rand_lo:9": 7.983938838620093, "S2:S_both:n_hi_block_hi:1": 1.956248543342338, "S2:S_both:n_hi_block_hi:8": 2.187841281248204, "S2:S_both:n_hi_block_lo:6": 2.2717471176568003, "S2:S_both:n_hi_burst:4": 1.8771736351078527, "S2:S_both:n_hi_full:0": 1.9671747905595687, "S2:S_both:n_hi_full:5": 1.8399926550815617, "S2:S_both:n_hi_rand_hi:4": 2.957053075721865, "S2:S_both:n_hi_rand_lo:2": 1.945535824108434, "S2:S_both:n_hi_rand_lo:9": 1.490951120682255, "S2:S_both:n_lo_block_hi:6": 2.203487217569062, "S2:S_both:n_lo_block_lo:2": 2.704903332958714, "S2:S_both:n_lo_burst:0": 2.284318093349903, "S2:S_both:n_lo_burst:7": 2.251436320493935, "S2:S_both:n_lo_full:4": 2.1230105767193814, "S2:S_both:n_lo_rand_hi:1": 3.5984400703694783, "S2:S_both:n_lo_rand_hi:9": 2.306605970214119, "S2:S_both:n_lo_rand_lo:7": 2.41501148990888, "S2:S_multiseason:n_hi_block_hi:2": 1.0704624537260916, "S2:S_multiseason:n_hi_block_lo:0": 1.4435615900187821, "S2:S_multiseason:n_hi_block_lo:8": 0.8358272167826097, "S2:S_multiseason:n_hi_burst:4": 1.1579020545766212, "S2:S_multiseason:n_hi_full:2": 1.0403487109365428, "S2:S_multiseason:n_hi_full:9": 0.4819511003334902, "S2:S_multiseason:n_hi_rand_hi:7": 0.28540975870801333, "S2:S_multiseason:n_hi_rand_lo:3": 1.3750037700782272, "S2:S_multiseason:n_lo_block_hi:1": 1.2971641492343413, "S2:S_multiseason:n_lo_block_hi:8": 0.3837312513095179, "S2:S_multiseason:n_lo_block_lo:3": 0.8528683111002099, "S2:S_multiseason:n_lo_burst:2": 1.4401384388577392, "S2:S_multiseason:n_lo_burst:8": 0.7829448695541292, "S2:S_multiseason:n_lo_full:6": 2.0799893725542535, "S2:S_multiseason:n_lo_rand_hi:4": 0.46600665912258293, "S2:S_multiseason:n_lo_rand_lo:0": 0.6578383940241728, "S2:S_multiseason:n_lo_rand_lo:7": 1.0037837606324367, "S2:S_regime:n_hi_block_hi:6": 2.4382530069306814, "S2:S_regime:n_hi_block_lo:2": 6.4877843180784955, "S2:S_regime:n_hi_block_lo:9": 3.820731292369523, "S2:S_regime:n_hi_burst:4": 6.685683310262697, "S2:S_regime:n_hi_full:3": 1.7951139298007057, "S2:S_regime:n_hi_rand_hi:1": 1.3451735165159815, "S2:S_regime:n_hi_rand_hi:8": 2.0600668406985005, "S2:S_regime:n_hi_rand_lo:4": 2.5069314033777323, "S2:S_regime:n_lo_block_hi:1": 3.427474973608793, "S2:S_regime:n_lo_block_hi:7": 14.82120400976755, "S2:S_regime:n_lo_block_lo:6": 2.1755676206517034, "S2:S_regime:n_lo_burst:3": 1.3334236687287602, "S2:S_regime:n_lo_full:0": 1.242378991603078, "S2:S_regime:n_lo_full:7": 3.2164227207525595, "S2:S_regime:n_lo_rand_hi:4": 1.797478008505992, "S2:S_regime:n_lo_rand_lo:1": 4.028066944797049, "S2:S_regime:n_lo_rand_lo:9": 1.3631886598328042, "S2:S_trend:n_hi_block_hi:5": 7.173674140619611, "S2:S_trend:n_hi_block_lo:3": 7.29183280404531, "S2:S_trend:n_hi_burst:0": 7.8623932281994895, "S2:S_trend:n_hi_burst:8": 7.3468549093641755, "S2:S_trend:n_hi_full:6": 7.238115239223599, "S2:S_trend:n_hi_rand_hi:2": 7.184932859026347, "S2:S_trend:n_hi_rand_hi:9": 12.72091306680438, "S2:S_trend:n_hi_rand_lo:7": 7.131313625155786, "S2:S_trend:n_lo_block_hi:5": 7.300528620496016, "S2:S_trend:n_lo_block_lo:1": 10.141454069618087, "S2:S_trend:n_lo_block_lo:7": 8.437240950306737, "S2:S_trend:n_lo_burst:5": 6.9797640002138825, "S2:S_trend:n_lo_full:1": 7.112337421351543, "S2:S_trend:n_lo_full:9": 8.146792687409198, "S2:S_trend:n_lo_rand_hi:5": 6.9695670872266025, "S2:S_trend:n_lo_rand_lo:2": 6.676917192447853, "S2:S_both:n_hi_block_hi:2": 2.4181203592615073, "S2:S_both:n_hi_block_lo:0": 2.2759567240957352, "S2:S_both:n_hi_block_lo:7": 2.3055203502832127, "S2:S_both:n_hi_burst:6": 1.4231233530101957, "S2:S_both:n_hi_full:1": 2.202871354859697, "S2:S_both:n_hi_full:7": 2.4860200618093624, "S2:S_both:n_hi_rand_hi:6": 2.045243416057173, "S2:S_both:n_hi_rand_lo:3": 2.2824537815332087, "S2:S_both:n_lo_block_hi:0": 2.0293190055759838, "S2:S_both:n_lo_block_hi:7": 1.73611320150401, "S2:S_both:n_lo_block_lo:3": 2.927258147139973, "S2:S_both:n_lo_burst:3": 2.6192749147367547, "S2:S_both:n_lo_burst:8": 2.201133752089889, "S2:S_both:n_lo_full:5": 2.9318688496354746, "S2:S_both:n_lo_rand_hi:2": 2.4650732247470097, "S2:S_both:n_lo_rand_lo:1": 2.1215401829639275, "S2:S_both:n_lo_rand_lo:8": 3.3720224278901934, "S2:S_multiseason:n_hi_block_hi:3": 1.6071883797700386, "S2:S_multiseason:n_hi_block_lo:2": 1.1228803992902017, "S2:S_multiseason:n_hi_block_lo:9": 0.6662487645579637, "S2:S_multiseason:n_hi_burst:5": 0.6070672933547673, "S2:S_multiseason:n_hi_full:3": 0.9626258013963077, "S2:S_multiseason:n_hi_rand_hi:0": 0.8924048213717511, "S2:S_multiseason:n_hi_rand_hi:8": 0.8966619299706385, "S2:S_multiseason:n_hi_rand_lo:4": 0.3373713111604917, "S2:S_multiseason:n_lo_block_hi:3": 0.4657832236469125,