{"S2:S_both:n_hi_block_hi:0": 2.186592332567895, "S2:S_both:n_hi_block_hi:7": 2.2646312100915758, "S2:S_both:n_hi_block_lo:4": 2.199695869095093, "S2:S_both:n_hi_burst:2": 2.0703030373018505, "S2:S_both:n_hi_burst:9": 2.012529091314636, "S2:S_both:n_hi_full:4": 2.0758829790601845, "S2:S_both:n_hi_rand_hi:2": 2.358779488030516, "S2:S_both:n_hi_rand_lo:1": 2.0251388864306095, "S2:S_both:n_hi_rand_lo:7": 1.909731228486017, "S2:S_both:n_lo_block_hi:5": 1.4765458779883074, "S2:S_both:n_lo_block_lo:1": 1.3912676121423841, "S2:S_both:n_lo_block_lo:8": 3.011318222951121, "S2:S_both:n_lo_burst:6": 2.522475701558865, "S2:S_both:n_lo_full:2": 2.449223374421982, "S2:S_both:n_lo_rand_hi:0": 2.5532663756980023, "S2:S_both:n_lo_rand_hi:5": 1.8927157739723606, "S2:S_both:n_lo_rand_lo:6": 2.928084310603531, "S2:S_multiseason:n_hi_block_hi:1": 0.07232377977958189, "S2:S_multiseason:n_hi_block_hi:8": 0.8223087533993378, "S2:S_multiseason:n_hi_block_lo:7": 1.405126097007834, "S2:S_multiseason:n_hi_burst:3": 0.8974072655145532, "S2:S_multiseason:n_hi_full:1": 0.3722743799659512, "S2:S_multiseason:n_hi_full:8": 0.3157939664778053, "S2:S_multiseason:n_hi_rand_hi:6": 0.6507919391303191, "S2:S_multiseason:n_hi_rand_lo:2": 0.4794577095302688, "S2:S_multiseason:n_hi_rand_lo:7": 0.5098080916277531, "S2:S_multiseason:n_lo_block_hi:7": 0.39649505481421043, "S2:S_multiseason:n_lo_block_lo:2": 1.417929386916063, "S2:S_multiseason:n_lo_burst:0": 0.41493909625670505, "S2:S_multiseason:n_lo_burst:7": 1.0440121970144445, "S2:S_multiseason:n_lo_full:5": 0.31400442650889626, "S2:S_multiseason:n_lo_rand_hi:3": 0.3047994859677156, "S2:S_multiseason:n_lo_rand_hi:8": 0.8926825147560522, "S2:S_multiseason:n_lo_rand_lo:6": 0.3290098940717091, "S2:S_regime:n_hi_block_hi:3": 7.55733628277226, "S2:S_regime:n_hi_block_lo:0": 3.282186667197085, "S2:S_regime:n_hi_block_lo:8": 8.280023837544721, "S2:S_regime:n_hi_burst:3": 3.5360738359847907, "S2:S_regime:n_hi_full:1": 2.6936065655697634, "S2:S_regime:n_hi_full:9": 5.568143042760509, "S2:S_regime:n_hi_rand_hi:6": 4.337435937072882, "S2:S_regime:n_hi_rand_lo:3": 1.1831476641120973, "S2:S_regime:n_lo_block_hi:0": 4.351655146993507, "S2:S_regime:n_lo_block_hi:5": 1.2588183619684976, "S2:S_regime:n_lo_block_lo:5": 3.0084900627571027, "S2:S_regime:n_lo_burst:2": 2.303836383360634, "S2:S_regime:n_lo_burst:9": 1.4954056692526518, "S2:S_regime:n_lo_full:5": 1.249048398559419, "S2:S_regime:n_lo_rand_hi:3": 5.021251712307485, "S2:S_regime:n_lo_rand_lo:0": 4.553837126518823, "S2:S_regime:n_lo_rand_lo:7": 3.753477404256554, "S2:S_trend:n_hi_block_hi:4": 6.287168419642425, "S2:S_trend:n_hi_block_lo:1": 11.28892598375371, "S2:S_trend:n_hi_block_lo:9": 6.951021503393002, "S2:S_trend:n_hi_burst:6": 7.823785843493757, "S2:S_trend:n_hi_full:2": 6.947851613644222, "S2:S_trend:n_hi_rand_hi:0": 5.605983008617761, "S2:S_trend:n_hi_rand_hi:8": 5.923542742565375, "S2:S_trend:n_hi_rand_lo:6": 6.192128728049345, "S2:S_trend:n_lo_block_hi:3": 11.535434684217602, "S2:S_trend:n_lo_block_hi:9": 8.215159662900906, "S2:S_trend:n_lo_block_lo:6": 5.731682094180901, "S2:S_trend:n_lo_burst:2": 7.362298054301985, "S2:S_trend:n_lo_full:0": 9.863545148998334, "S2:S_trend:n_lo_full:8": 4.360392201280576, "S2:S_trend:n_lo_rand_hi:4": 9.558429316504018, "S2:S_trend:n_lo_rand_lo:1": 3.5112079857935385, "S2:S_trend:n_lo_rand_lo:9": 9.079451104078686, "S2:S_both:n_hi_block_hi:1": 1.9560711524162213, "S2:S_both:n_hi_block_hi:8": 2.1980484685187767, "S2:S_both:n_hi_block_lo:6": 2.637242541463055, "S2:S_both:n_hi_burst:4": 2.1124725873749934, "S2:S_both:n_hi_full:0": 2.154929231865633, "S2:S_both:n_hi_full:5": 2.2271415124804674, "S2:S_both:n_hi_rand_hi:4": 2.2052213971192267, "S2:S_both:n_hi_rand_lo:2": 2.0552844700708666, "S2:S_both:n_hi_rand_lo:9": 2.264457507730761, "S2:S_both:n_lo_block_hi:6": 1.7708831960585651, "S2:S_both:n_lo_block_lo:2": 1.7599283903531493, "S2:S_both:n_lo_burst:0": 2.498451269359575, "S2:S_both:n_lo_burst:7": 1.5174625142629459, "S2:S_both:n_lo_full:4": 1.3283843338496326, "S2:S_both:n_lo_rand_hi:1": 3.84825091729846, "S2:S_both:n_lo_rand_hi:9": 3.0812379075315572, "S2:S_both:n_lo_rand_lo:7": 1.7395151490664769, "S2:S_multiseason:n_hi_block_hi:2": 0.9803189233494007, "S2:S_multiseason:n_hi_block_lo:0": 1.43122309097451, "S2:S_multiseason:n_hi_block_lo:8": 0.43764377389899495, "S2:S_multiseason:n_hi_burst:4": 1.2909831925011979, "S2:S_multiseason:n_hi_full:2": 1.000288615063675, "S2:S_multiseason:n_hi_full:9": 0.434221024684618, "S2:S_multiseason:n_hi_rand_hi:7": 0.22086318360301307, "S2:S_multiseason:n_hi_rand_lo:3": 1.3802588942478764, "S2:S_multiseason:n_lo_block_hi:1": 1.1825542426348998, "S2:S_multiseason:n_lo_block_hi:8": 0.7442469206399396, "S2:S_multiseason:n_lo_block_lo:3": 0.9902431972514872, "S2:S_multiseason:n_lo_burst:2": 0.47849877730766144, "S2:S_multiseason:n_lo_burst:8": 0.9801743404287535, "S2:S_multiseason:n_lo_full:6": 0.9281672827573145, "S2:S_multiseason:n_lo_rand_hi:4": 0.6235531670981549, "S2:S_multiseason:n_lo_rand_lo:0": 0.5444763202872785, "S2:S_multiseason:n_lo_rand_lo:7": 0.36665134744027944, "S2:S_regime:n_hi_block_hi:6": 3.6558336134823244, "S2:S_regime:n_hi_block_lo:2": 6.4031143769875545, "S2:S_regime:n_hi_block_lo:9": 2.520973253345781, "S2:S_regime:n_hi_burst:4": 6.427493311382088, "S2:S_regime:n_hi_full:3": 1.6390973133881694, "S2:S_regime:n_hi_rand_hi:1": 1.3950186880393443, "S2:S_regime:n_hi_rand_hi:8": 2.151081149330305, "S2:S_regime:n_hi_rand_lo:4": 1.771790573313572, "S2:S_regime:n_lo_block_hi:1": 3.472860863111861, "S2:S_regime:n_lo_block_hi:7": 14.166837211201791, "S2:S_regime:n_lo_block_lo:6": 1.942370111195673, "S2:S_regime:n_lo_burst:3": 1.3604512459202405, "S2:S_regime:n_lo_full:0": 1.1711696504133575, "S2:S_regime:n_lo_full:7": 3.2295818997833465, "S2:S_regime:n_lo_rand_hi:4": 1.8919266996606805, "S2:S_regime:n_lo_rand_lo:1": 3.464717221966527, "S2:S_regime:n_lo_rand_lo:9": 1.3137328105149024, "S2:S_trend:n_hi_block_hi:5": 6.126388239837526, "S2:S_trend:n_hi_block_lo:3": 6.7117205224829535, "S2:S_trend:n_hi_burst:0": 6.446931288860791, "S2:S_trend:n_hi_burst:8": 7.257327138948305, "S2:S_trend:n_hi_full:6": 6.141630358366683, "S2:S_trend:n_hi_rand_hi:2": 5.888548652573735, "S2:S_trend:n_hi_rand_hi:9": 15.238330903755271, "S2:S_trend:n_hi_rand_lo:7": 5.427587661445556, "S2:S_trend:n_lo_block_hi:5": 6.573916673880427, "S2:S_trend:n_lo_block_lo:1": 10.788646018133303, "S2:S_trend:n_lo_block_lo:7": 10.200632367663768, "S2:S_trend:n_lo_burst:5": 4.722066900291342, "S2:S_trend:n_lo_full:1": 6.2402324103817906, "S2:S_trend:n_lo_full:9": 10.117515573788596, "S2:S_trend:n_lo_rand_hi:5": 6.215037546251124, "S2:S_trend:n_lo_rand_lo:2": 5.688189343502632, "S2:S_both:n_hi_block_hi:2": 2.001101689335484, "S2:S_both:n_hi_block_lo:0": 2.3166458421801104, "S2:S_both:n_hi_block_lo:7": 2.134786693477502, "S2:S_both:n_hi_burst:6": 2.479059233934794, "S2:S_both:n_hi_full:1": 2.2921633763853775, "S2:S_both:n_hi_full:7": 2.2346104087594134, "S2:S_both:n_hi_rand_hi:6": 2.2412097858052324, "S2:S_both:n_hi_rand_lo:3": 2.437146474074741, "S2:S_both:n_lo_block_hi:0": 1.7249910969785514, "S2:S_both:n_lo_block_hi:7": 2.014832707516511, "S2:S_both:n_lo_block_lo:3": 3.2273071324878018, "S2:S_both:n_lo_burst:3": 3.3787154757376197, "S2:S_both:n_lo_burst:8": 2.2722349456063777, "S2:S_both:n_lo_full:5": 2.32720639946187, "S2:S_both:n_lo_rand_hi:2": 2.030449401387455, "S2:S_both:n_lo_rand_lo:1": 1.480497354555937, "S2:S_both:n_lo_rand_lo:8": 4.16641212694973, "S2:S_multiseason:n_hi_block_hi:3": 1.6298185887638534, "S2:S_multiseason:n_hi_block_lo:2": 0.6950824385793918, "S2:S_multiseason:n_hi_block_lo:9": 0.16939424196884417, "S2:S_multiseason:n_hi_burst:5": 0.36902692541601334, "S2:S_multiseason:n_hi_full:3": 0.8440163068018963, "S2:S_multiseason:n_hi_rand_hi:0": 0.8088693631858368, "S2:S_multiseason:n_hi_rand_hi:8": 0.7986186225592513, "S2:S_multiseason:n_hi_rand_lo:4": 0.1838689476499037, "S2:S_multiseason:n_lo_block_hi:3": 0.43175842093423283,