{"S2:S_both:n_hi_block_hi:0": 2.086464290850941, "S2:S_both:n_hi_block_hi:7": 2.458564647518934, "S2:S_both:n_hi_block_lo:4": 2.4149142089692797, "S2:S_both:n_hi_burst:2": 2.0935357056273745, "S2:S_both:n_hi_burst:9": 2.1560872141631546, "S2:S_both:n_hi_full:4": 2.253442404430234, "S2:S_both:n_hi_rand_hi:2": 2.399091721959437, "S2:S_both:n_hi_rand_lo:1": 2.286511315645557, "S2:S_both:n_hi_rand_lo:7": 2.3640007626434203, "S2:S_both:n_lo_block_hi:5": 1.7464075856257069, "S2:S_both:n_lo_block_lo:1": 2.323084414052203, "S2:S_both:n_lo_block_lo:8": 2.6825316101868686, "S2:S_both:n_lo_burst:6": 2.367122750868683, "S2:S_both:n_lo_full:2": 2.6210884458262114, "S2:S_both:n_lo_rand_hi:0": 2.0881706197892553, "S2:S_both:n_lo_rand_hi:5": 1.8694688172719098, "S2:S_both:n_lo_rand_lo:6": 2.7788407307485103, "S2:S_multiseason:n_hi_block_hi:1": 0.6365337267223447, "S2:S_multiseason:n_hi_block_hi:8": 1.2697449919982207, "S2:S_multiseason:n_hi_block_lo:7": 1.8653879828346862, "S2:S_multiseason:n_hi_burst:3": 1.4764519297027392, "S2:S_multiseason:n_hi_full:1": 0.886664998632938, "S2:S_multiseason:n_hi_full:8": 0.937242336625214, "S2:S_multiseason:n_hi_rand_hi:6": 1.2258371874316432, "S2:S_multiseason:n_hi_rand_lo:2": 0.9137575798380871, "S2:S_multiseason:n_hi_rand_lo:7": 0.8658423622827439, "S2:S_multiseason:n_lo_block_hi:7": 0.5090715486030317, "S2:S_multiseason:n_lo_block_lo:2": 1.2455461655844557, "S2:S_multiseason:n_lo_burst:0": 1.3369347074101097, "S2:S_multiseason:n_lo_burst:7": 1.7409755562461249, "S2:S_multiseason:n_lo_full:5": 1.0383621950679263, "S2:S_multiseason:n_lo_rand_hi:3": 0.8713265463945553, "S2:S_multiseason:n_lo_rand_hi:8": 1.628532940365194, "S2:S_multiseason:n_lo_rand_lo:6": 0.8160276910409239, "S2:S_regime:n_hi_block_hi:3": 7.87521737062106, "S2:S_regime:n_hi_block_lo:0": 3.11196051286322, "S2:S_regime:n_hi_block_lo:8": 5.741255262669806, "S2:S_regime:n_hi_burst:3": 4.22286678367583, "S2:S_regime:n_hi_full:1": 3.003407553354844, "S2:S_regime:n_hi_full:9": 3.840868870258021, "S2:S_regime:n_hi_rand_hi:6": 4.546662330538194, "S2:S_regime:n_hi_rand_lo:3": 1.4333190891410041, "S2:S_regime:n_lo_block_hi:0": 4.777694071144508, "S2:S_regime:n_lo_block_hi:5": 1.1381260966354134, "S2:S_regime:n_lo_block_lo:5": 1.7024613703145488, "S2:S_regime:n_lo_burst:2": 2.783022585986459, "S2:S_regime:n_lo_burst:9": 0.9141303829985159, "S2:S_regime:n_lo_full:5": 1.1774094173316156, "S2:S_regime:n_lo_rand_hi:3": 4.9675491407762005, "S2:S_regime:n_lo_rand_lo:0": 4.163725131270257, "S2:S_regime:n_lo_rand_lo:7": 4.990832647112025, "S2:S_trend:n_hi_block_hi:4": 6.707167461423963, "S2:S_trend:n_hi_block_lo:1": 6.904854873861543, "S2:S_trend:n_hi_block_lo:9": 6.725028460861902, "S2:S_trend:n_hi_burst:6": 6.311152910691334, "S2:S_trend:n_hi_full:2": 6.963316217158386, "S2:S_trend:n_hi_rand_hi:0": 6.811168189680398, "S2:S_trend:n_hi_rand_hi:8": 7.140590246490141, "S2:S_trend:n_hi_rand_lo:6": 6.5082228053319, "S2:S_trend:n_lo_block_hi:3": 10.214112823607334, "S2:S_trend:n_lo_block_hi:9": 8.43498503211471, "S2:S_trend:n_lo_block_lo:6": 8.95564122120481, "S2:S_trend:n_lo_burst:2": 8.038186539577469, "S2:S_trend:n_lo_full:0": 7.5964627311731805, "S2:S_trend:n_lo_full:8": 7.523754383852803, "S2:S_trend:n_lo_rand_hi:4": 8.181564900367066, "S2:S_trend:n_lo_rand_lo:1": 8.269290842326116, "S2:S_trend:n_lo_rand_lo:9": 8.713044238062277, "S2:S_both:n_hi_block_hi:1": 2.4499114477561834, "S2:S_both:n_hi_block_hi:8": 2.2659120340820595, "S2:S_both:n_hi_block_lo:6": 2.493533333594449, "S2:S_both:n_hi_burst:4": 2.33034921570255, "S2:S_both:n_hi_full:0": 2.371028801173671, "S2:S_both:n_hi_full:5": 2.1567422091895296, "S2:S_both:n_hi_rand_hi:4": 2.4644964623399344, "S2:S_both:n_hi_rand_lo:2": 2.2220896688200797, "S2:S_both:n_hi_rand_lo:9": 2.2596589613927374, "S2:S_both:n_lo_block_hi:6": 2.855250530208691, "S2:S_both:n_lo_block_lo:2": 2.259589716694556, "S2:S_both:n_lo_burst:0": 2.4673904699533806, "S2:S_both:n_lo_burst:7": 1.7160931785571703, "S2:S_both:n_lo_full:4": 2.234127790557543, "S2:S_both:n_lo_rand_hi:1": 1.338778289685465, "S2:S_both:n_lo_rand_hi:9": 2.442450974792948, "S2:S_both:n_lo_rand_lo:7": 2.717377930818479, "S2:S_multiseason:n_hi_block_hi:2": 1.0700523214805768, "S2:S_multiseason:n_hi_block_lo:0": 1.8696601263923383, "S2:S_multiseason:n_hi_block_lo:8": 0.725776529311877, "S2:S_multiseason:n_hi_burst:4": 2.008514467867136, "S2:S_multiseason:n_hi_full:2": 1.3200245341405445, "S2:S_multiseason:n_hi_full:9": 1.1158434895948794, "S2:S_multiseason:n_hi_rand_hi:7": 0.47290293829966396, "S2:S_multiseason:n_hi_rand_lo:3": 1.8671865445296965, "S2:S_multiseason:n_lo_block_hi:1": 1.2961802095342507, "S2:S_multiseason:n_lo_block_hi:8": 0.7761715754789681, "S2:S_multiseason:n_lo_block_lo:3": 1.6641778622612589, "S2:S_multiseason:n_lo_burst:2": 0.6890338919453713, "S2:S_multiseason:n_lo_burst:8": 0.8195755104526943, "S2:S_multiseason:n_lo_full:6": 0.7977839547383129, "S2:S_multiseason:n_lo_rand_hi:4": 1.113457903775906, "S2:S_multiseason:n_lo_rand_lo:0": 0.5511055229651249, "S2:S_multiseason:n_lo_rand_lo:7": 0.8010340319798392, "S2:S_regime:n_hi_block_hi:6": 1.5318778796544703, "S2:S_regime:n_hi_block_lo:2": 6.070838709017443, "S2:S_regime:n_hi_block_lo:9": 3.105205150178933, "S2:S_regime:n_hi_burst:4": 6.1542829762788624, "S2:S_regime:n_hi_full:3": 2.2018659376110525, "S2:S_regime:n_hi_rand_hi:1": 1.2633216246233232, "S2:S_regime:n_hi_rand_hi:8": 1.8885232748411585, "S2:S_regime:n_hi_rand_lo:4": 1.0585051607010738, "S2:S_regime:n_lo_block_hi:1": 2.1829664791729066, "S2:S_regime:n_lo_block_hi:7": 7.622633436514098, "S2:S_regime:n_lo_block_lo:6": 2.029325435708746, "S2:S_regime:n_lo_burst:3": 1.2649818027979782, "S2:S_regime:n_lo_full:0": 0.9328078244305894, "S2:S_regime:n_lo_full:7": 3.0848401909884466, "S2:S_regime:n_lo_rand_hi:4": 1.1470902503162907, "S2:S_regime:n_lo_rand_lo:1": 2.089567541169601, "S2:S_regime:n_lo_rand_lo:9": 1.3352433871983147, "S2:S_trend:n_hi_block_hi:5": 6.917267854799852, "S2:S_trend:n_hi_block_lo:3": 6.804459253091616, "S2:S_trend:n_hi_burst:0": 6.894264820621425, "S2:S_trend:n_hi_burst:8": 7.17636677688919, "S2:S_trend:n_hi_full:6": 6.685598004471963, "S2:S_trend:n_hi_rand_hi:2": 7.297945343541795, "S2:S_trend:n_hi_rand_hi:9": 6.4234963750403695, "S2:S_trend:n_hi_rand_lo:7": 6.9305851243662175, "S2:S_trend:n_lo_block_hi:5": 9.160103608441837, "S2:S_trend:n_lo_block_lo:1": 7.503820388069054, "S2:S_trend:n_lo_block_lo:7": 9.872074010768122, "S2:S_trend:n_lo_burst:5": 7.811391840896758, "S2:S_trend:n_lo_full:1": 7.252042549457128, "S2:S_trend:n_lo_full:9": 10.44633119578782, "S2:S_trend:n_lo_rand_hi:5": 7.7488447638810705, "S2:S_trend:n_lo_rand_lo:2": 6.734932038740989, "S2:S_both:n_hi_block_hi:2": 2.1892383557872774, "S2:S_both:n_hi_block_lo:0": 2.326660459474186, "S2:S_both:n_hi_block_lo:7": 2.464837312667595, "S2:S_both:n_hi_burst:6": 2.4415390621800506, "S2:S_both:n_hi_full:1": 2.5099625964916368, "S2:S_both:n_hi_full:7": 2.4963611726392294, "S2:S_both:n_hi_rand_hi:6": 2.430671019474929, "S2:S_both:n_hi_rand_lo:3": 2.5825509719806847, "S2:S_both:n_lo_block_hi:0": 2.0361011102421447, "S2:S_both:n_lo_block_hi:7": 2.5163361894135843, "S2:S_both:n_lo_block_lo:3": 2.2889082134584324, "S2:S_both:n_lo_burst:3": 3.2692270441759086, "S2:S_both:n_lo_burst:8": 2.977133285137887, "S2:S_both:n_lo_full:5": 3.0421037474373054, "S2:S_both:n_lo_rand_hi:2": 2.3481558988836735, "S2:S_both:n_lo_rand_lo:1": 2.075393232604653, "S2:S_both:n_lo_rand_lo:8": 2.057511901668832, "S2:S_multiseason:n_hi_block_hi:3": 1.5758048587427718, "S2:S_multiseason:n_hi_block_lo:2": 1.2536849505977328, "S2:S_multiseason:n_hi_block_lo:9": 1.0611553416157262, "S2:S_multiseason:n_hi_burst:5": 0.912901251292087, "S2:S_multiseason:n_hi_full:3": 1.324682108754351, "S2:S_multiseason:n_hi_rand_hi:0": 1.3885845980304063, "S2:S_multiseason:n_hi_rand_hi:8": 1.4419488128703128, "S2:S_multiseason:n_hi_rand_lo:4": 0.6316754949071961, "S2:S_multiseason:n_lo_block_hi:3": 1.5473850954976391,