{"S2:S_both:n_hi_block_hi:0": 2.2949282321765447, "S2:S_both:n_hi_block_hi:7": 2.299021798642962, "S2:S_both:n_hi_block_lo:4": 2.495855435748676, "S2:S_both:n_hi_burst:2": 2.0942648982264047, "S2:S_both:n_hi_burst:9": 3.0291122450059573, "S2:S_both:n_hi_full:4": 2.2601971314021556, "S2:S_both:n_hi_rand_hi:2": 2.1749739433237325, "S2:S_both:n_hi_rand_lo:1": 2.146506187628294, "S2:S_both:n_hi_rand_lo:7": 2.0935649172138864, "S2:S_both:n_lo_block_hi:5": 2.2339379279444795, "S2:S_both:n_lo_block_lo:1": 2.461088779577894, "S2:S_both:n_lo_block_lo:8": 2.1671360701292812, "S2:S_both:n_lo_burst:6": 3.0358393098261716, "S2:S_both:n_lo_full:2": 1.8623550783357465, "S2:S_both:n_lo_rand_hi:0": 1.953163224911918, "S2:S_both:n_lo_rand_hi:5": 1.9296124068855816, "S2:S_both:n_lo_rand_lo:6": 2.578370797220705, "S2:S_multiseason:n_hi_block_hi:1": 0.900283353260172, "S2:S_multiseason:n_hi_block_hi:8": 1.2024484573270517, "S2:S_multiseason:n_hi_block_lo:7": 0.8704498654538645, "S2:S_multiseason:n_hi_burst:3": 1.3007979093509618, "S2:S_multiseason:n_hi_full:1": 0.860195327951409, "S2:S_multiseason:n_hi_full:8": 0.7484420850733239, "S2:S_multiseason:n_hi_rand_hi:6": 1.0931700335765937, "S2:S_multiseason:n_hi_rand_lo:2": 0.8935731599443701, "S2:S_multiseason:n_hi_rand_lo:7": 0.8180034343395018, "S2:S_multiseason:n_lo_block_hi:7": 0.8735557828005638, "S2:S_multiseason:n_lo_block_lo:2": 1.4091969065413639, "S2:S_multiseason:n_lo_burst:0": 1.2442866272133668, "S2:S_multiseason:n_lo_burst:7": 1.5712734709017737, "S2:S_multiseason:n_lo_full:5": 0.6840375786620432, "S2:S_multiseason:n_lo_rand_hi:3": 0.7043904561298396, "S2:S_multiseason:n_lo_rand_hi:8": 1.5626998826393828, "S2:S_multiseason:n_lo_rand_lo:6": 1.0282669732180105, "S2:S_regime:n_hi_block_hi:3": 7.902737751564719, "S2:S_regime:n_hi_block_lo:0": 4.063563149784463, "S2:S_regime:n_hi_block_lo:8": 7.02494407726496, "S2:S_regime:n_hi_burst:3": 4.548080316025969, "S2:S_regime:n_hi_full:1": 3.1440036111888623, "S2:S_regime:n_hi_full:9": 5.890258228504166, "S2:S_regime:n_hi_rand_hi:6": 4.579987865250046, "S2:S_regime:n_hi_rand_lo:3": 1.1738704303082799, "S2:S_regime:n_lo_block_hi:0": 4.949012367075209, "S2:S_regime:n_lo_block_hi:5": 1.1915717613493906, "S2:S_regime:n_lo_block_lo:5": 1.9976103254441286, "S2:S_regime:n_lo_burst:2": 2.8702766621577216, "S2:S_regime:n_lo_burst:9": 0.4966362053327537, "S2:S_regime:n_lo_full:5": 1.0560796631645344, "S2:S_regime:n_lo_rand_hi:3": 6.826120833710939, "S2:S_regime:n_lo_rand_lo:0": 5.937542538265095, "S2:S_regime:n_lo_rand_lo:7": 5.277271382591953, "S2:S_trend:n_hi_block_hi:4": 8.428350229611544, "S2:S_trend:n_hi_block_lo:1": 10.383596412426634, "S2:S_trend:n_hi_block_lo:9": 7.140238905319502, "S2:S_trend:n_hi_burst:6": 9.518302103434706, "S2:S_trend:n_hi_full:2": 7.974156818717511, "S2:S_trend:n_hi_rand_hi:0": 6.811155781586517, "S2:S_trend:n_hi_rand_hi:8": 6.785051153973763, "S2:S_trend:n_hi_rand_lo:6": 6.9919362085812296, "S2:S_trend:n_lo_block_hi:3": 11.602406806766663, "S2:S_trend:n_lo_block_hi:9": 18.224521912201716, "S2:S_trend:n_lo_block_lo:6": 8.345329844058481, "S2:S_trend:n_lo_burst:2": 6.587225145920826, "S2:S_trend:n_lo_full:0": 6.525445246104879, "S2:S_trend:n_lo_full:8": 7.956917882997373, "S2:S_trend:n_lo_rand_hi:4": 9.850554537087332, "S2:S_trend:n_lo_rand_lo:1": 9.076149385294395, "S2:S_trend:n_lo_rand_lo:9": 9.953846599614982, "S2:S_both:n_hi_block_hi:1": 2.179718346115116, "S2:S_both:n_hi_block_hi:8": 2.0848849355226204, "S2:S_both:n_hi_block_lo:6": 2.2552711411815833, "S2:S_both:n_hi_burst:4": 2.1369157053275964, "S2:S_both:n_hi_full:0": 2.038758222157972, "S2:S_both:n_hi_full:5": 2.4323719830305746, "S2:S_both:n_hi_rand_hi:4": 2.897826102674386, "S2:S_both:n_hi_rand_lo:2": 1.97360426192318, "S2:S_both:n_hi_rand_lo:9": 2.490365230587452, "S2:S_both:n_lo_block_hi:6": 1.9527976466897015, "S2:S_both:n_lo_block_lo:2": 2.634626194550841, "S2:S_both:n_lo_burst:0": 2.574593031633979, "S2:S_both:n_lo_burst:7": 3.082236368057793, "S2:S_both:n_lo_full:4": 2.2389197487317287, "S2:S_both:n_lo_rand_hi:1": 4.387738531516256, "S2:S_both:n_lo_rand_hi:9": 2.3950795963473843, "S2:S_both:n_lo_rand_lo:7": 2.309589144708634, "S2:S_multiseason:n_hi_block_hi:2": 1.083929064965076, "S2:S_multiseason:n_hi_block_lo:0": 1.7931951157420307, "S2:S_multiseason:n_hi_block_lo:8": 0.9421404081646699, "S2:S_multiseason:n_hi_burst:4": 1.4741616274699574, "S2:S_multiseason:n_hi_full:2": 1.2628328867425187, "S2:S_multiseason:n_hi_full:9": 1.0521405161980644, "S2:S_multiseason:n_hi_rand_hi:7": 0.6281109675619295, "S2:S_multiseason:n_hi_rand_lo:3": 1.6648458637421193, "S2:S_multiseason:n_lo_block_hi:1": 1.4013431350265766, "S2:S_multiseason:n_lo_block_hi:8": 0.8079379878275426, "S2:S_multiseason:n_lo_block_lo:3": 1.2571499405533553, "S2:S_multiseason:n_lo_burst:2": 1.2797838397906707, "S2:S_multiseason:n_lo_burst:8": 0.9583171618589693, "S2:S_multiseason:n_lo_full:6": 1.601606707361082, "S2:S_multiseason:n_lo_rand_hi:4": 1.194228179064162, "S2:S_multiseason:n_lo_rand_lo:0": 1.134828568959764, "S2:S_multiseason:n_lo_rand_lo:7": 1.0618224006695134, "S2:S_regime:n_hi_block_hi:6": 4.983504971803639, "S2:S_regime:n_hi_block_lo:2": 6.201842962780465, "S2:S_regime:n_hi_block_lo:9": 2.1045870516407885, "S2:S_regime:n_hi_burst:4": 6.4190149490049775, "S2:S_regime:n_hi_full:3": 1.8593611439846325, "S2:S_regime:n_hi_rand_hi:1": 1.524720993743401, "S2:S_regime:n_hi_rand_hi:8": 1.8225651814027364, "S2:S_regime:n_hi_rand_lo:4": 2.4289404389332403, "S2:S_regime:n_lo_block_hi:1": 2.8793099730945135, "S2:S_regime:n_lo_block_hi:7": 11.864307370925392, "S2:S_regime:n_lo_block_lo:6": 1.9247282380424058, "S2:S_regime:n_lo_burst:3": 1.2409857580711225, "S2:S_regime:n_lo_full:0": 1.2965997360301782, "S2:S_regime:n_lo_full:7": 2.139023296612961, "S2:S_regime:n_lo_rand_hi:4": 1.2876105926420738, "S2:S_regime:n_lo_rand_lo:1": 3.0010526858578155, "S2:S_regime:n_lo_rand_lo:9": 1.3730349272889748, "S2:S_trend:n_hi_block_hi:5": 6.8276138999825235, "S2:S_trend:n_hi_block_lo:3": 7.104680789657911, "S2:S_trend:n_hi_burst:0": 7.343787502282973, "S2:S_trend:n_hi_burst:8": 7.346462574593244, "S2:S_trend:n_hi_full:6": 7.01115736717061, "S2:S_trend:n_hi_rand_hi:2": 7.075788137340226, "S2:S_trend:n_hi_rand_hi:9": 10.005565575475446, "S2:S_trend:n_hi_rand_lo:7": 7.130176743054385, "S2:S_trend:n_lo_block_hi:5": 7.729363770625632, "S2:S_trend:n_lo_block_lo:1": 8.529790591388505, "S2:S_trend:n_lo_block_lo:7": 8.55776231348428, "S2:S_trend:n_lo_burst:5": 7.574308416060978, "S2:S_trend:n_lo_full:1": 6.142915014743091, "S2:S_trend:n_lo_full:9": 9.655714061804042, "S2:S_trend:n_lo_rand_hi:5": 6.791213128339737, "S2:S_trend:n_lo_rand_lo:2": 7.886488397699751, "S2:S_both:n_hi_block_hi:2": 2.3529763096338887, "S2:S_both:n_hi_block_lo:0": 2.2715543897584025, "S2:S_both:n_hi_block_lo:7": 2.276863360594216, "S2:S_both:n_hi_burst:6": 2.07892772777843, "S2:S_both:n_hi_full:1": 2.2168594683009544, "S2:S_both:n_hi_full:7": 2.121495916249059, "S2:S_both:n_hi_rand_hi:6": 2.2174630708847136, "S2:S_both:n_hi_rand_lo:3": 2.3264789973742355, "S2:S_both:n_lo_block_hi:0": 3.655529946743351, "S2:S_both:n_lo_block_hi:7": 2.596908090265831, "S2:S_both:n_lo_block_lo:3": 2.873522952141453, "S2:S_both:n_lo_burst:3": 2.9344392198686067, "S2:S_both:n_lo_burst:8": 2.2792763488486067, "S2:S_both:n_lo_full:5": 2.461112560409629, "S2:S_both:n_lo_rand_hi:2": 2.535114929386203, "S2:S_both:n_lo_rand_lo:1": 2.0195109122866604, "S2:S_both:n_lo_rand_lo:8": 2.0222484323992203, "S2:S_multiseason:n_hi_block_hi:3": 1.808264861505893, "S2:S_multiseason:n_hi_block_lo:2": 1.1856009074063263, "S2:S_multiseason:n_hi_block_lo:9": 0.8162633833679389, "S2:S_multiseason:n_hi_burst:5": 1.0006595763308042, "S2:S_multiseason:n_hi_full:3": 1.1989950216001544, "S2:S_multiseason:n_hi_rand_hi:0": 1.2772086715877506, "S2:S_multiseason:n_hi_rand_hi:8": 1.3907896580437424, "S2:S_multiseason:n_hi_rand_lo:4": 0.5083479423013777, "S2:S_multiseason:n_lo_block_hi:3": 1.113384611918646,