{"S2:S_both:n_hi_block_hi:0": 2.381712753215743, "S2:S_both:n_hi_block_hi:7": 2.3854767211356838, "S2:S_both:n_hi_block_lo:4": 2.2819010490527805, "S2:S_both:n_hi_burst:2": 1.8475374767935664, "S2:S_both:n_hi_burst:9": 4.210511746036442, "S2:S_both:n_hi_full:4": 2.2473183682860953, "S2:S_both:n_hi_rand_hi:2": 2.4051419447973634, "S2:S_both:n_hi_rand_lo:1": 2.1377745624330027, "S2:S_both:n_hi_rand_lo:7": 2.014744695245162, "S2:S_both:n_lo_block_hi:5": 1.6593136815374354, "S2:S_both:n_lo_block_lo:1": 1.7376737819299537, "S2:S_both:n_lo_block_lo:8": 2.799563477132307, "S2:S_both:n_lo_burst:6": 2.796943013724013, "S2:S_both:n_lo_full:2": 2.2416528585490334, "S2:S_both:n_lo_rand_hi:0": 2.126696267188803, "S2:S_both:n_lo_rand_hi:5": 2.2698593716877182, "S2:S_both:n_lo_rand_lo:6": 3.012321575484536, "S2:S_multiseason:n_hi_block_hi:1": 0.12133226872812437, "S2:S_multiseason:n_hi_block_hi:8": 0.8595146536828664, "S2:S_multiseason:n_hi_block_lo:7": 1.4221926895883599, "S2:S_multiseason:n_hi_burst:3": 0.9313381743027535, "S2:S_multiseason:n_hi_full:1": 0.4149489986889437, "S2:S_multiseason:n_hi_full:8": 0.3533729186263746, "S2:S_multiseason:n_hi_rand_hi:6": 0.6874908261658336, "S2:S_multiseason:n_hi_rand_lo:2": 0.5187392314259036, "S2:S_multiseason:n_hi_rand_lo:7": 0.542703666940443, "S2:S_multiseason:n_lo_block_hi:7": 0.4141944566024063, "S2:S_multiseason:n_lo_block_lo:2": 1.433732110533753, "S2:S_multiseason:n_lo_burst:0": 0.4655831631487658, "S2:S_multiseason:n_lo_burst:7": 1.113344826849061, "S2:S_multiseason:n_lo_full:5": 0.3469646609019214, "S2:S_multiseason:n_lo_rand_hi:3": 0.19858548654983257, "S2:S_multiseason:n_lo_rand_hi:8": 0.80861982258402, "S2:S_multiseason:n_lo_rand_lo:6": 0.3512484598774739, "S2:S_regime:n_hi_block_hi:3": 6.972115318024688, "S2:S_regime:n_hi_block_lo:0": 3.784787881702364, "S2:S_regime:n_hi_block_lo:8": 8.984666475444017, "S2:S_regime:n_hi_burst:3": 2.9165764086086607, "S2:S_regime:n_hi_full:1": 2.67075063904208, "S2:S_regime:n_hi_full:9": 6.669928550299462, "S2:S_regime:n_hi_rand_hi:6": 4.047271120071755, "S2:S_regime:n_hi_rand_lo:3": 1.180398519210677, "S2:S_regime:n_lo_block_hi:0": 4.6582344295320715, "S2:S_regime:n_lo_block_hi:5": 1.0725367882802443, "S2:S_regime:n_lo_block_lo:5": 2.9651117834682976, "S2:S_regime:n_lo_burst:2": 2.2066803114033253, "S2:S_regime:n_lo_burst:9": 1.4560774709537934, "S2:S_regime:n_lo_full:5": 1.2530476249499805, "S2:S_regime:n_lo_rand_hi:3": 3.500160242625265, "S2:S_regime:n_lo_rand_lo:0": 5.583529427380036, "S2:S_regime:n_lo_rand_lo:7": 9.88593198656115, "S2:S_trend:n_hi_block_hi:4": 6.903163856096718, "S2:S_trend:n_hi_block_lo:1": 12.006593848617436, "S2:S_trend:n_hi_block_lo:9": 6.417531081738549, "S2:S_trend:n_hi_burst:6": 9.837549106581482, "S2:S_trend:n_hi_full:2": 7.311349834237224, "S2:S_trend:n_hi_rand_hi:0": 5.260153258899493, "S2:S_trend:n_hi_rand_hi:8": 5.445124748145731, "S2:S_trend:n_hi_rand_lo:6": 5.857908330703837, "S2:S_trend:n_lo_block_hi:3": 10.349664843911532, "S2:S_trend:n_lo_block_hi:9": 15.995213266419137, "S2:S_trend:n_lo_block_lo:6": 5.556235062292408, "S2:S_trend:n_lo_burst:2": 5.5890475349516215, "S2:S_trend:n_lo_full:0": 8.983715933293071, "S2:S_trend:n_lo_full:8": 3.877887050765083, "S2:S_trend:n_lo_rand_hi:4": 9.54497591870472, "S2:S_trend:n_lo_rand_lo:1": 3.9656714527983605, "S2:S_trend:n_lo_rand_lo:9": 9.174260926067003, "S2:S_both:n_hi_block_hi:1": 2.3874470169326982, "S2:S_both:n_hi_block_hi:8": 1.6725025252846362, "S2:S_both:n_hi_block_lo:6": 2.556054578907414, "S2:S_both:n_hi_burst:4": 2.1408105027852633, "S2:S_both:n_hi_full:0": 2.212446105550668, "S2:S_both:n_hi_full:5": 2.6652470969887005, "S2:S_both:n_hi_rand_hi:4": 2.4304229712057857, "S2:S_both:n_hi_rand_lo:2": 2.322078674268229, "S2:S_both:n_hi_rand_lo:9": 2.3245171883585094, "S2:S_both:n_lo_block_hi:6": 1.587079353587513, "S2:S_both:n_lo_block_lo:2": 2.6001287998228775, "S2:S_both:n_lo_burst:0": 1.5360438657811266, "S2:S_both:n_lo_burst:7": 1.5305748787032971, "S2:S_both:n_lo_full:4": 1.5868932295193174, "S2:S_both:n_lo_rand_hi:1": 3.770967757099774, "S2:S_both:n_lo_rand_hi:9": 2.563762249462306, "S2:S_both:n_lo_rand_lo:7": 1.7782073687643611, "S2:S_multiseason:n_hi_block_hi:2": 0.9908120704406077, "S2:S_multiseason:n_hi_block_lo:0": 1.4454259707492687, "S2:S_multiseason:n_hi_block_lo:8": 0.48248163662151516, "S2:S_multiseason:n_hi_burst:4": 1.5161287088556292, "S2:S_multiseason:n_hi_full:2": 1.021350321909082, "S2:S_multiseason:n_hi_full:9": 0.5228171886598586, "S2:S_multiseason:n_hi_rand_hi:7": 0.23912722462231717, "S2:S_multiseason:n_hi_rand_lo:3": 1.3749696289973434, "S2:S_multiseason:n_lo_block_hi:1": 1.4193292523117058, "S2:S_multiseason:n_lo_block_hi:8": 0.767496010753178, "S2:S_multiseason:n_lo_block_lo:3": 1.014257535004071, "S2:S_multiseason:n_lo_burst:2": 0.7675824730415916, "S2:S_multiseason:n_lo_burst:8": 1.0198985548189679, "S2:S_multiseason:n_lo_full:6": 0.9239160940311433, "S2:S_multiseason:n_lo_rand_hi:4": 0.8960262969855463, "S2:S_multiseason:n_lo_rand_lo:0": 0.6342330800416414, "S2:S_multiseason:n_lo_rand_lo:7": 0.44260316426059987, "S2:S_regime:n_hi_block_hi:6": 14.282690100306352, "S2:S_regime:n_hi_block_lo:2": 6.17010055573453, "S2:S_regime:n_hi_block_lo:9": 3.7939800266458894, "S2:S_regime:n_hi_burst:4": 5.849749183416264, "S2:S_regime:n_hi_full:3": 1.8720352827200055, "S2:S_regime:n_hi_rand_hi:1": 1.4900029759577966, "S2:S_regime:n_hi_rand_hi:8": 2.0394902259895815, "S2:S_regime:n_hi_rand_lo:4": 3.014619968917903, "S2:S_regime:n_lo_block_hi:1": 3.3965153361075178, "S2:S_regime:n_lo_block_hi:7": 15.108934952196341, "S2:S_regime:n_lo_block_lo:6": 1.8003055197597462, "S2:S_regime:n_lo_burst:3": 1.3367474015811487, "S2:S_regime:n_lo_full:0": 1.0470309683879715, "S2:S_regime:n_lo_full:7": 3.0026701177520136, "S2:S_regime:n_lo_rand_hi:4": 1.8354284208467428, "S2:S_regime:n_lo_rand_lo:1": 3.8330168986883364, "S2:S_regime:n_lo_rand_lo:9": 1.3018275538621853, "S2:S_trend:n_hi_block_hi:5": 5.376541158376698, "S2:S_trend:n_hi_block_lo:3": 6.184696909840059, "S2:S_trend:n_hi_burst:0": 6.029196325576721, "S2:S_trend:n_hi_burst:8": 6.616103124642043, "S2:S_trend:n_hi_full:6": 5.802506624279224, "S2:S_trend:n_hi_rand_hi:2": 5.775341114148703, "S2:S_trend:n_hi_rand_hi:9": 15.394546427777035, "S2:S_trend:n_hi_rand_lo:7": 5.4423744436754, "S2:S_trend:n_lo_block_hi:5": 6.3683186509461365, "S2:S_trend:n_lo_block_lo:1": 10.119945419076688, "S2:S_trend:n_lo_block_lo:7": 9.818814738249834, "S2:S_trend:n_lo_burst:5": 6.05320010864083, "S2:S_trend:n_lo_full:1": 4.915379573533376, "S2:S_trend:n_lo_full:9": 12.10890878498049, "S2:S_trend:n_lo_rand_hi:5": 5.5279719781496235, "S2:S_trend:n_lo_rand_lo:2": 5.667604716840059, "S2:S_both:n_hi_block_hi:2": 2.1439226693286977, "S2:S_both:n_hi_block_lo:0": 2.5240796243488908, "S2:S_both:n_hi_block_lo:7": 2.153918491978769, "S2:S_both:n_hi_burst:6": 1.5699518440163667, "S2:S_both:n_hi_full:1": 2.319047854174133, "S2:S_both:n_hi_full:7": 2.266307750713636, "S2:S_both:n_hi_rand_hi:6": 2.2840683818003376, "S2:S_both:n_hi_rand_lo:3": 2.390556977956018, "S2:S_both:n_lo_block_hi:0": 2.4003923638086198, "S2:S_both:n_lo_block_hi:7": 2.0265386193343944, "S2:S_both:n_lo_block_lo:3": 3.603875198481432, "S2:S_both:n_lo_burst:3": 3.1673024111331207, "S2:S_both:n_lo_burst:8": 2.191744594911892, "S2:S_both:n_lo_full:5": 3.3400347394183036, "S2:S_both:n_lo_rand_hi:2": 2.4064602503516084, "S2:S_both:n_lo_rand_lo:1": 2.2927736949597826, "S2:S_both:n_lo_rand_lo:8": 5.585437508565138, "S2:S_multiseason:n_hi_block_hi:3": 1.8056371379718599, "S2:S_multiseason:n_hi_block_lo:2": 0.7391717214843913, "S2:S_multiseason:n_hi_block_lo:9": 0.2028941732455726, "S2:S_multiseason:n_hi_burst:5": 0.3370643934796781, "S2:S_multiseason:n_hi_full:3": 0.8790453015006184, "S2:S_multiseason:n_hi_rand_hi:0": 0.8516018900508912, "S2:S_multiseason:n_hi_rand_hi:8": 0.9236221798678251, "S2:S_multiseason:n_hi_rand_lo:4": 0.2234777426899824, "S2:S_multiseason:n_lo_block_hi:3": 0.4929257889617721,