{"S2:S_both:n_hi_block_hi:0": 1.9862620494526038, "S2:S_both:n_hi_block_hi:7": 2.741557315937162, "S2:S_both:n_hi_block_lo:4": 2.9125965330223242, "S2:S_both:n_hi_burst:2": 2.324549854555783, "S2:S_both:n_hi_burst:9": 2.3720135460585197, "S2:S_both:n_hi_full:4": 2.570112348025561, "S2:S_both:n_hi_rand_hi:2": 2.7541005985790328, "S2:S_both:n_hi_rand_lo:1": 2.471505681434457, "S2:S_both:n_hi_rand_lo:7": 2.3167980569096356, "S2:S_both:n_lo_block_hi:5": 2.051889830120994, "S2:S_both:n_lo_block_lo:1": 2.4611135582630546, "S2:S_both:n_lo_block_lo:8": 3.0152452596765986, "S2:S_both:n_lo_burst:6": 3.548673356974025, "S2:S_both:n_lo_full:2": 2.3077731377798236, "S2:S_both:n_lo_rand_hi:0": 2.3554866496019926, "S2:S_both:n_lo_rand_hi:5": 2.014916978652035, "S2:S_both:n_lo_rand_lo:6": 3.1080183726501898, "S2:S_multiseason:n_hi_block_hi:1": 0.700208235780421, "S2:S_multiseason:n_hi_block_hi:8": 1.0059053734056067, "S2:S_multiseason:n_hi_block_lo:7": 1.0341534748000194, "S2:S_multiseason:n_hi_burst:3": 1.098149254812228, "S2:S_multiseason:n_hi_full:1": 0.5868801460842662, "S2:S_multiseason:n_hi_full:8": 0.44681891881639746, "S2:S_multiseason:n_hi_rand_hi:6": 1.0492275779832907, "S2:S_multiseason:n_hi_rand_lo:2": 0.6137484945389273, "S2:S_multiseason:n_hi_rand_lo:7": 0.5780346926623496, "S2:S_multiseason:n_lo_block_hi:7": 0.28274561098217454, "S2:S_multiseason:n_lo_block_lo:2": 1.2361423574383357, "S2:S_multiseason:n_lo_burst:0": 0.7204532207577292, "S2:S_multiseason:n_lo_burst:7": 1.5621058795796294, "S2:S_multiseason:n_lo_full:5": 0.33458268278874703, "S2:S_multiseason:n_lo_rand_hi:3": 0.22609050849223086, "S2:S_multiseason:n_lo_rand_hi:8": 1.1050520078560497, "S2:S_multiseason:n_lo_rand_lo:6": 0.5171861867584232, "S2:S_regime:n_hi_block_hi:3": 7.046147100486123, "S2:S_regime:n_hi_block_lo:0": 3.5535419094997875, "S2:S_regime:n_hi_block_lo:8": 7.0058709103883, "S2:S_regime:n_hi_burst:3": 3.810567593036565, "S2:S_regime:n_hi_full:1": 2.813294876941663, "S2:S_regime:n_hi_full:9": 4.611902265617029, "S2:S_regime:n_hi_rand_hi:6": 4.139715415296556, "S2:S_regime:n_hi_rand_lo:3": 1.1804335514725648, "S2:S_regime:n_lo_block_hi:0": 5.1347895823167296, "S2:S_regime:n_lo_block_hi:5": 1.3247132164506048, "S2:S_regime:n_lo_block_lo:5": 2.487843994701812, "S2:S_regime:n_lo_burst:2": 2.940395211073444, "S2:S_regime:n_lo_burst:9": 1.0800600379562733, "S2:S_regime:n_lo_full:5": 1.336682511651219, "S2:S_regime:n_lo_rand_hi:3": 5.198742404019858, "S2:S_regime:n_lo_rand_lo:0": 5.0009946527085605, "S2:S_regime:n_lo_rand_lo:7": 5.5006653759661575, "S2:S_trend:n_hi_block_hi:4": 7.136633266329006, "S2:S_trend:n_hi_block_lo:1": 9.587085783200697, "S2:S_trend:n_hi_block_lo:9": 6.477126866796677, "S2:S_trend:n_hi_burst:6": 9.63246192495548, "S2:S_trend:n_hi_full:2": 9.459194849813766, "S2:S_trend:n_hi_rand_hi:0": 5.827150699053423, "S2:S_trend:n_hi_rand_hi:8": 6.254175147805212, "S2:S_trend:n_hi_rand_lo:6": 6.4526367970844625, "S2:S_trend:n_lo_block_hi:3": 9.502955666193206, "S2:S_trend:n_lo_block_hi:9": 8.085490488918506, "S2:S_trend:n_lo_block_lo:6": 8.173716431288849, "S2:S_trend:n_lo_burst:2": 6.103361087028607, "S2:S_trend:n_lo_full:0": 7.694893961153945, "S2:S_trend:n_lo_full:8": 5.735427848096816, "S2:S_trend:n_lo_rand_hi:4": 6.611642640341363, "S2:S_trend:n_lo_rand_lo:1": 7.099787520233958, "S2:S_trend:n_lo_rand_lo:9": 10.49847989211734, "S2:S_both:n_hi_block_hi:1": 2.6161204004785352, "S2:S_both:n_hi_block_hi:8": 2.4562549440453356, "S2:S_both:n_hi_block_lo:6": 2.8462709804255297, "S2:S_both:n_hi_burst:4": 2.509878246771529, "S2:S_both:n_hi_full:0": 2.448556114266677, "S2:S_both:n_hi_full:5": 2.927328647095605, "S2:S_both:n_hi_rand_hi:4": 3.5473475152789185, "S2:S_both:n_hi_rand_lo:2": 2.175841791086936, "S2:S_both:n_hi_rand_lo:9": 2.5775074629179278, "S2:S_both:n_lo_block_hi:6": 2.44042978432041, "S2:S_both:n_lo_block_lo:2": 2.98766388321393, "S2:S_both:n_lo_burst:0": 2.698545947840154, "S2:S_both:n_lo_burst:7": 2.838429870467697, "S2:S_both:n_lo_full:4": 1.9123183233119643, "S2:S_both:n_lo_rand_hi:1": 1.6985458218415899, "S2:S_both:n_lo_rand_hi:9": 3.2164757167299265, "S2:S_both:n_lo_rand_lo:7": 2.283413831903139, "S2:S_multiseason:n_hi_block_hi:2": 1.055410543390513, "S2:S_multiseason:n_hi_block_lo:0": 1.6200256228019043, "S2:S_multiseason:n_hi_block_lo:8": 0.7273349498406174, "S2:S_multiseason:n_hi_burst:4": 1.4186318543150214, "S2:S_multiseason:n_hi_full:2": 1.048841615733595, "S2:S_multiseason:n_hi_full:9": 0.6037882965678317, "S2:S_multiseason:n_hi_rand_hi:7": 0.2721560608049969, "S2:S_multiseason:n_hi_rand_lo:3": 1.510111890309381, "S2:S_multiseason:n_lo_block_hi:1": 1.297837070342981, "S2:S_multiseason:n_lo_block_hi:8": 0.5232669052977381, "S2:S_multiseason:n_lo_block_lo:3": 1.0550962946637144, "S2:S_multiseason:n_lo_burst:2": 1.2315020584208782, "S2:S_multiseason:n_lo_burst:8": 0.8961721039094334, "S2:S_multiseason:n_lo_full:6": 1.4159248530273676, "S2:S_multiseason:n_lo_rand_hi:4": 0.8629938147455496, "S2:S_multiseason:n_lo_rand_lo:0": 0.6350286193469857, "S2:S_multiseason:n_lo_rand_lo:7": 0.8015964188244407, "S2:S_regime:n_hi_block_hi:6": 3.711360239456962, "S2:S_regime:n_hi_block_lo:2": 6.493435584609775, "S2:S_regime:n_hi_block_lo:9": 2.2434758356814277, "S2:S_regime:n_hi_burst:4": 5.967346075047726, "S2:S_regime:n_hi_full:3": 2.080955200875128, "S2:S_regime:n_hi_rand_hi:1": 1.2541296808177818, "S2:S_regime:n_hi_rand_hi:8": 2.139529255603904, "S2:S_regime:n_hi_rand_lo:4": 2.838199264308189, "S2:S_regime:n_lo_block_hi:1": 3.5371725061719426, "S2:S_regime:n_lo_block_hi:7": 13.070372057129424, "S2:S_regime:n_lo_block_lo:6": 2.098567869570701, "S2:S_regime:n_lo_burst:3": 1.1951292039600168, "S2:S_regime:n_lo_full:0": 1.2349583421379788, "S2:S_regime:n_lo_full:7": 1.9467539781084708, "S2:S_regime:n_lo_rand_hi:4": 1.4948951595788964, "S2:S_regime:n_lo_rand_lo:1": 2.4515395304076013, "S2:S_regime:n_lo_rand_lo:9": 1.3541049590698624, "S2:S_trend:n_hi_block_hi:5": 5.972970854600696, "S2:S_trend:n_hi_block_lo:3": 6.272927582841943, "S2:S_trend:n_hi_burst:0": 6.687706197436834, "S2:S_trend:n_hi_burst:8": 6.507332974743099, "S2:S_trend:n_hi_full:6": 6.048306133183357, "S2:S_trend:n_hi_rand_hi:2": 6.020803057934286, "S2:S_trend:n_hi_rand_hi:9": 10.075827221693542, "S2:S_trend:n_hi_rand_lo:7": 5.90254596135239, "S2:S_trend:n_lo_block_hi:5": 5.653499328045328, "S2:S_trend:n_lo_block_lo:1": 9.328980744387115, "S2:S_trend:n_lo_block_lo:7": 8.895917920277077, "S2:S_trend:n_lo_burst:5": 5.948504753590075, "S2:S_trend:n_lo_full:1": 5.824060138513684, "S2:S_trend:n_lo_full:9": 13.672717157695393, "S2:S_trend:n_lo_rand_hi:5": 6.2594119267396, "S2:S_trend:n_lo_rand_lo:2": 6.334825465723732, "S2:S_both:n_hi_block_hi:2": 2.608161486504507, "S2:S_both:n_hi_block_lo:0": 2.6940262759126963, "S2:S_both:n_hi_block_lo:7": 2.494872253228285, "S2:S_both:n_hi_burst:6": 1.7362480075815316, "S2:S_both:n_hi_full:1": 2.6330844197541277, "S2:S_both:n_hi_full:7": 2.4686532021379572, "S2:S_both:n_hi_rand_hi:6": 2.631811159355319, "S2:S_both:n_hi_rand_lo:3": 2.8060964026066384, "S2:S_both:n_lo_block_hi:0": 1.8741466162683564, "S2:S_both:n_lo_block_hi:7": 2.2462263793901935, "S2:S_both:n_lo_block_lo:3": 3.6768663258486796, "S2:S_both:n_lo_burst:3": 3.610197158236333, "S2:S_both:n_lo_burst:8": 2.770258479649302, "S2:S_both:n_lo_full:5": 3.3791167837973766, "S2:S_both:n_lo_rand_hi:2": 2.621411480472282, "S2:S_both:n_lo_rand_lo:1": 2.087683082907501, "S2:S_both:n_lo_rand_lo:8": 4.033433436365091, "S2:S_multiseason:n_hi_block_hi:3": 1.6351478612813957, "S2:S_multiseason:n_hi_block_lo:2": 0.9576702686698604, "S2:S_multiseason:n_hi_block_lo:9": 0.5498884911156458, "S2:S_multiseason:n_hi_burst:5": 0.6710002535398055, "S2:S_multiseason:n_hi_full:3": 0.9660441268478782, "S2:S_multiseason:n_hi_rand_hi:0": 1.0859148741031808, "S2:S_multiseason:n_hi_rand_hi:8": 1.1507225464442503, "S2:S_multiseason:n_hi_rand_lo:4": 0.21131314275491211, "S2:S_multiseason:n_lo_block_hi:3": 0.8416762516468975,