{"S2:S_both:n_hi_block_hi:0": 2.080664989987272, "S2:S_both:n_hi_block_hi:7": 2.0864504779509065, "S2:S_both:n_hi_block_lo:4": 2.085415310581721, "S2:S_both:n_hi_burst:2": 2.0739876658339944, "S2:S_both:n_hi_burst:9": 2.3367857180437785, "S2:S_both:n_hi_full:4": 2.242938533842139, "S2:S_both:n_hi_rand_hi:2": 2.4109701789689564, "S2:S_both:n_hi_rand_lo:1": 2.179334232609721, "S2:S_both:n_hi_rand_lo:7": 2.190398569296371, "S2:S_both:n_lo_block_hi:5": 1.9454627353100522, "S2:S_both:n_lo_block_lo:1": 2.4938019713568402, "S2:S_both:n_lo_block_lo:8": 2.7308555685105764, "S2:S_both:n_lo_burst:6": 2.9728501893859374, "S2:S_both:n_lo_full:2": 2.4681134414164783, "S2:S_both:n_lo_rand_hi:0": 1.8704507001063466, "S2:S_both:n_lo_rand_hi:5": 2.178089758479563, "S2:S_both:n_lo_rand_lo:6": 3.2427952100349913, "S2:S_multiseason:n_hi_block_hi:1": 0.39055893503593825, "S2:S_multiseason:n_hi_block_hi:8": 0.9576255809001862, "S2:S_multiseason:n_hi_block_lo:7": 0.9475209284912438, "S2:S_multiseason:n_hi_burst:3": 1.034695117006909, "S2:S_multiseason:n_hi_full:1": 0.5253804772560129, "S2:S_multiseason:n_hi_full:8": 0.4308776516077719, "S2:S_multiseason:n_hi_rand_hi:6": 1.0215860606127358, "S2:S_multiseason:n_hi_rand_lo:2": 0.5443044602218831, "S2:S_multiseason:n_hi_rand_lo:7": 0.553699703160386, "S2:S_multiseason:n_lo_block_hi:7": 0.32582118859800535, "S2:S_multiseason:n_lo_block_lo:2": 1.1972915809182496, "S2:S_multiseason:n_lo_burst:0": 0.6676712158394402, "S2:S_multiseason:n_lo_burst:7": 1.501685197115022, "S2:S_multiseason:n_lo_full:5": 0.30079182062424104, "S2:S_multiseason:n_lo_rand_hi:3": 0.19590345794349667, "S2:S_multiseason:n_lo_rand_hi:8": 1.0443125774402482, "S2:S_multiseason:n_lo_rand_lo:6": 0.46104512896984395, "S2:S_regime:n_hi_block_hi:3": 7.773453859831046, "S2:S_regime:n_hi_block_lo:0": 3.2787052832709866, "S2:S_regime:n_hi_block_lo:8": 6.6110463384861875, "S2:S_regime:n_hi_burst:3": 3.706950335293618, "S2:S_regime:n_hi_full:1": 3.035867829101401, "S2:S_regime:n_hi_full:9": 4.059831339257378, "S2:S_regime:n_hi_rand_hi:6": 4.652224766150154, "S2:S_regime:n_hi_rand_lo:3": 1.2257299280323857, "S2:S_regime:n_lo_block_hi:0": 4.662837573186092, "S2:S_regime:n_lo_block_hi:5": 0.9883316860080477, "S2:S_regime:n_lo_block_lo:5": 2.6314750053839853, "S2:S_regime:n_lo_burst:2": 3.202506965194507, "S2:S_regime:n_lo_burst:9": 1.1267553518026505, "S2:S_regime:n_lo_full:5": 1.216464805880876, "S2:S_regime:n_lo_rand_hi:3": 6.496903361363264, "S2:S_regime:n_lo_rand_lo:0": 4.648060683238117, "S2:S_regime:n_lo_rand_lo:7": 3.9628137156785734, "S2:S_trend:n_hi_block_hi:4": 7.209603078248884, "S2:S_trend:n_hi_block_lo:1": 9.267818597417257, "S2:S_trend:n_hi_block_lo:9": 7.068638007052696, "S2:S_trend:n_hi_burst:6": 7.105217533195663, "S2:S_trend:n_hi_full:2": 7.061073633034848, "S2:S_trend:n_hi_rand_hi:0": 6.873608555921672, "S2:S_trend:n_hi_rand_hi:8": 7.415972120493762, "S2:S_trend:n_hi_rand_lo:6": 7.078995739419624, "S2:S_trend:n_lo_block_hi:3": 10.71148765414399, "S2:S_trend:n_lo_block_hi:9": 16.798226380268826, "S2:S_trend:n_lo_block_lo:6": 8.396304643679505, "S2:S_trend:n_lo_burst:2": 6.692984649195053, "S2:S_trend:n_lo_full:0": 8.74339853291199, "S2:S_trend:n_lo_full:8": 6.485139866318386, "S2:S_trend:n_lo_rand_hi:4": 7.48763915820412, "S2:S_trend:n_lo_rand_lo:1": 7.288689478744673, "S2:S_trend:n_lo_rand_lo:9": 8.855851860955585, "S2:S_both:n_hi_block_hi:1": 2.153454572859451, "S2:S_both:n_hi_block_hi:8": 2.0598120650528093, "S2:S_both:n_hi_block_lo:6": 2.287429338139548, "S2:S_both:n_hi_burst:4": 1.9993301304401123, "S2:S_both:n_hi_full:0": 1.998433017076512, "S2:S_both:n_hi_full:5": 1.9376940372917346, "S2:S_both:n_hi_rand_hi:4": 3.2734219828619358, "S2:S_both:n_hi_rand_lo:2": 1.915233529663716, "S2:S_both:n_hi_rand_lo:9": 1.9166598161466117, "S2:S_both:n_lo_block_hi:6": 2.2564294867409433, "S2:S_both:n_lo_block_lo:2": 2.134780424362899, "S2:S_both:n_lo_burst:0": 1.757218020460696, "S2:S_both:n_lo_burst:7": 2.403115484233079, "S2:S_both:n_lo_full:4": 1.895848499536223, "S2:S_both:n_lo_rand_hi:1": 2.58227134055759, "S2:S_both:n_lo_rand_hi:9": 2.703620273643048, "S2:S_both:n_lo_rand_lo:7": 2.2025500202671733, "S2:S_multiseason:n_hi_block_hi:2": 1.1218782561542726, "S2:S_multiseason:n_hi_block_lo:0": 1.5684236666559255, "S2:S_multiseason:n_hi_block_lo:8": 0.6074175301199808, "S2:S_multiseason:n_hi_burst:4": 1.5576544983444163, "S2:S_multiseason:n_hi_full:2": 1.0169621086123517, "S2:S_multiseason:n_hi_full:9": 0.6645908012170217, "S2:S_multiseason:n_hi_rand_hi:7": 0.23698402436884966, "S2:S_multiseason:n_hi_rand_lo:3": 1.4669623926875761, "S2:S_multiseason:n_lo_block_hi:1": 1.5367789363074504, "S2:S_multiseason:n_lo_block_hi:8": 0.5093548465536932, "S2:S_multiseason:n_lo_block_lo:3": 0.9930735020447544, "S2:S_multiseason:n_lo_burst:2": 1.0421744395347317, "S2:S_multiseason:n_lo_burst:8": 0.8660959533243698, "S2:S_multiseason:n_lo_full:6": 1.2678337331503102, "S2:S_multiseason:n_lo_rand_hi:4": 0.8766637795953509, "S2:S_multiseason:n_lo_rand_lo:0": 0.6181352575108139, "S2:S_multiseason:n_lo_rand_lo:7": 0.7098342000659029, "S2:S_regime:n_hi_block_hi:6": 1.5913661217807815, "S2:S_regime:n_hi_block_lo:2": 6.7230467284024895, "S2:S_regime:n_hi_block_lo:9": 2.2208247607761193, "S2:S_regime:n_hi_burst:4": 6.275486749813416, "S2:S_regime:n_hi_full:3": 1.6214093969566514, "S2:S_regime:n_hi_rand_hi:1": 1.1852531072615158, "S2:S_regime:n_hi_rand_hi:8": 2.0939590161738386, "S2:S_regime:n_hi_rand_lo:4": 1.007608161413953, "S2:S_regime:n_lo_block_hi:1": 3.108662538126861, "S2:S_regime:n_lo_block_hi:7": 11.698138274165641, "S2:S_regime:n_lo_block_lo:6": 2.044998969307607, "S2:S_regime:n_lo_burst:3": 1.142793187963235, "S2:S_regime:n_lo_full:0": 1.2423483879718462, "S2:S_regime:n_lo_full:7": 1.893001078062445, "S2:S_regime:n_lo_rand_hi:4": 1.6506137036586046, "S2:S_regime:n_lo_rand_lo:1": 2.5460424286794288, "S2:S_regime:n_lo_rand_lo:9": 1.3907942531973791, "S2:S_trend:n_hi_block_hi:5": 7.143109279910043, "S2:S_trend:n_hi_block_lo:3": 7.065479657008967, "S2:S_trend:n_hi_burst:0": 7.317761599281681, "S2:S_trend:n_hi_burst:8": 7.1056272942315575, "S2:S_trend:n_hi_full:6": 6.879262375481216, "S2:S_trend:n_hi_rand_hi:2": 6.684834792436892, "S2:S_trend:n_hi_rand_hi:9": 9.339101264898426, "S2:S_trend:n_hi_rand_lo:7": 7.173914062327884, "S2:S_trend:n_lo_block_hi:5": 5.668768576634451, "S2:S_trend:n_lo_block_lo:1": 9.660280233434104, "S2:S_trend:n_lo_block_lo:7": 8.763417742246821, "S2:S_trend:n_lo_burst:5": 5.635012461339875, "S2:S_trend:n_lo_full:1": 6.294215950477077, "S2:S_trend:n_lo_full:9": 7.894530644857568, "S2:S_trend:n_lo_rand_hi:5": 6.066045859356071, "S2:S_trend:n_lo_rand_lo:2": 5.7816080746594105, "S2:S_both:n_hi_block_hi:2": 2.2157930537469106, "S2:S_both:n_hi_block_lo:0": 2.2536415838717514, "S2:S_both:n_hi_block_lo:7": 2.2040815976426162, "S2:S_both:n_hi_burst:6": 1.6025938384906546, "S2:S_both:n_hi_full:1": 2.0787657170143428, "S2:S_both:n_hi_full:7": 2.3414475093191682, "S2:S_both:n_hi_rand_hi:6": 2.083235073383244, "S2:S_both:n_hi_rand_lo:3": 2.417240754048329, "S2:S_both:n_lo_block_hi:0": 3.4996202572063466, "S2:S_both:n_lo_block_hi:7": 1.631629175564849, "S2:S_both:n_lo_block_lo:3": 3.618826857165132, "S2:S_both:n_lo_burst:3": 3.0925182308782513, "S2:S_both:n_lo_burst:8": 2.9568314116038903, "S2:S_both:n_lo_full:5": 3.404793988042902, "S2:S_both:n_lo_rand_hi:2": 2.599710313767072, "S2:S_both:n_lo_rand_lo:1": 1.7886922481932412, "S2:S_both:n_lo_rand_lo:8": 2.757079302997898, "S2:S_multiseason:n_hi_block_hi:3": 1.7905135863048536, "S2:S_multiseason:n_hi_block_lo:2": 0.9178717046179238, "S2:S_multiseason:n_hi_block_lo:9": 0.8674091842340197, "S2:S_multiseason:n_hi_burst:5": 0.8238966212271283, "S2:S_multiseason:n_hi_full:3": 0.9508818647831909, "S2:S_multiseason:n_hi_rand_hi:0": 1.0024384546172427, "S2:S_multiseason:n_hi_rand_hi:8": 1.1394178633782526, "S2:S_multiseason:n_hi_rand_lo:4": 0.20842643169899713, "S2:S_multiseason:n_lo_block_hi:3": 0.7512146593594659,