{"S2:S_both:n_hi_block_hi:0": 2.96527633417747, "S2:S_both:n_hi_block_hi:7": 2.7552680822530706, "S2:S_both:n_hi_block_lo:4": 2.765165993289912, "S2:S_both:n_hi_burst:2": 2.324027652110765, "S2:S_both:n_hi_burst:9": 2.3127078801152177, "S2:S_both:n_hi_full:4": 2.5620807648433113, "S2:S_both:n_hi_rand_hi:2": 2.7512871410010287, "S2:S_both:n_hi_rand_lo:1": 2.4756217091745993, "S2:S_both:n_hi_rand_lo:7": 2.295048283326559, "S2:S_both:n_lo_block_hi:5": 2.051046987182072, "S2:S_both:n_lo_block_lo:1": 2.4551021047922488, "S2:S_both:n_lo_block_lo:8": 3.134686395481922, "S2:S_both:n_lo_burst:6": 3.611067224868387, "S2:S_both:n_lo_full:2": 2.4398982828343176, "S2:S_both:n_lo_rand_hi:0": 2.396606500820787, "S2:S_both:n_lo_rand_hi:5": 2.0586020682738657, "S2:S_both:n_lo_rand_lo:6": 3.145940778050223, "S2:S_multiseason:n_hi_block_hi:1": 0.657111596811708, "S2:S_multiseason:n_hi_block_hi:8": 0.977562914506747, "S2:S_multiseason:n_hi_block_lo:7": 1.019175367320146, "S2:S_multiseason:n_hi_burst:3": 1.0740945273129463, "S2:S_multiseason:n_hi_full:1": 0.5752836725640191, "S2:S_multiseason:n_hi_full:8": 0.4460399971002509, "S2:S_multiseason:n_hi_rand_hi:6": 1.0719906351761934, "S2:S_multiseason:n_hi_rand_lo:2": 0.575151441948522, "S2:S_multiseason:n_hi_rand_lo:7": 0.5728811129442009, "S2:S_multiseason:n_lo_block_hi:7": 0.28257708646741114, "S2:S_multiseason:n_lo_block_lo:2": 1.2075111074959313, "S2:S_multiseason:n_lo_burst:0": 0.693480171794693, "S2:S_multiseason:n_lo_burst:7": 1.5365263665214308, "S2:S_multiseason:n_lo_full:5": 0.3152564824066252, "S2:S_multiseason:n_lo_rand_hi:3": 0.1669841838221534, "S2:S_multiseason:n_lo_rand_hi:8": 1.0631083944181166, "S2:S_multiseason:n_lo_rand_lo:6": 0.5284696721548903, "S2:S_regime:n_hi_block_hi:3": 7.469126070621065, "S2:S_regime:n_hi_block_lo:0": 3.2168579006589293, "S2:S_regime:n_hi_block_lo:8": 7.063668879926353, "S2:S_regime:n_hi_burst:3": 3.871827127443765, "S2:S_regime:n_hi_full:1": 2.8865248583703913, "S2:S_regime:n_hi_full:9": 3.686709854464863, "S2:S_regime:n_hi_rand_hi:6": 4.329150714594078, "S2:S_regime:n_hi_rand_lo:3": 1.195041362441805, "S2:S_regime:n_lo_block_hi:0": 5.4611798338341035, "S2:S_regime:n_lo_block_hi:5": 1.2490332317167923, "S2:S_regime:n_lo_block_lo:5": 2.589461429251509, "S2:S_regime:n_lo_burst:2": 3.099065716476624, "S2:S_regime:n_lo_burst:9": 1.0172986433151796, "S2:S_regime:n_lo_full:5": 1.2910461696745748, "S2:S_regime:n_lo_rand_hi:3": 5.041326882853285, "S2:S_regime:n_lo_rand_lo:0": 5.171612695842579, "S2:S_regime:n_lo_rand_lo:7": 4.557297045033563, "S2:S_trend:n_hi_block_hi:4": 7.3177285793081, "S2:S_trend:n_hi_block_lo:1": 9.851339910813163, "S2:S_trend:n_hi_block_lo:9": 6.819134990029582, "S2:S_trend:n_hi_burst:6": 9.035930977038028, "S2:S_trend:n_hi_full:2": 7.941170590354003, "S2:S_trend:n_hi_rand_hi:0": 6.150369007780447, "S2:S_trend:n_hi_rand_hi:8": 6.8408854840038105, "S2:S_trend:n_hi_rand_lo:6": 6.789428305995863, "S2:S_trend:n_lo_block_hi:3": 10.107242392264995, "S2:S_trend:n_lo_block_hi:9": 16.79948658065774, "S2:S_trend:n_lo_block_lo:6": 8.512546249948368, "S2:S_trend:n_lo_burst:2": 5.811994623415961, "S2:S_trend:n_lo_full:0": 8.093831929201011, "S2:S_trend:n_lo_full:8": 5.883448584160764, "S2:S_trend:n_lo_rand_hi:4": 6.928701233749464, "S2:S_trend:n_lo_rand_lo:1": 7.259507257468948, "S2:S_trend:n_lo_rand_lo:9": 9.41008057440463, "S2:S_both:n_hi_block_hi:1": 2.7511323251936357, "S2:S_both:n_hi_block_hi:8": 2.4759257431319437, "S2:S_both:n_hi_block_lo:6": 2.858938547790916, "S2:S_both:n_hi_burst:4": 2.515895994529768, "S2:S_both:n_hi_full:0": 2.457887807497232, "S2:S_both:n_hi_full:5": 2.764566433070724, "S2:S_both:n_hi_rand_hi:4": 3.502045020887048, "S2:S_both:n_hi_rand_lo:2": 2.135244094141461, "S2:S_both:n_hi_rand_lo:9": 2.646524990510421, "S2:S_both:n_lo_block_hi:6": 2.5683152366083166, "S2:S_both:n_lo_block_lo:2": 3.071717981024321, "S2:S_both:n_lo_burst:0": 1.8989053241478269, "S2:S_both:n_lo_burst:7": 3.0623748209717427, "S2:S_both:n_lo_full:4": 1.852649192130684, "S2:S_both:n_lo_rand_hi:1": 2.2285873285330275, "S2:S_both:n_lo_rand_hi:9": 3.1486995390602197, "S2:S_both:n_lo_rand_lo:7": 2.2412126203214298, "S2:S_multiseason:n_hi_block_hi:2": 1.1331611399508703, "S2:S_multiseason:n_hi_block_lo:0": 1.603416140761014, "S2:S_multiseason:n_hi_block_lo:8": 0.7302407018859732, "S2:S_multiseason:n_hi_burst:4": 1.462960414129834, "S2:S_multiseason:n_hi_full:2": 1.023839703512843, "S2:S_multiseason:n_hi_full:9": 0.6249824102654976, "S2:S_multiseason:n_hi_rand_hi:7": 0.27604016017504224, "S2:S_multiseason:n_hi_rand_lo:3": 1.4947237385877632, "S2:S_multiseason:n_lo_block_hi:1": 1.5230324084704705, "S2:S_multiseason:n_lo_block_hi:8": 0.5194998551275225, "S2:S_multiseason:n_lo_block_lo:3": 1.0418826746476213, "S2:S_multiseason:n_lo_burst:2": 1.1990368316944988, "S2:S_multiseason:n_lo_burst:8": 0.8930122116289335, "S2:S_multiseason:n_lo_full:6": 1.3730271918422106, "S2:S_multiseason:n_lo_rand_hi:4": 0.9288514662032892, "S2:S_multiseason:n_lo_rand_lo:0": 0.6320344724126551, "S2:S_multiseason:n_lo_rand_lo:7": 0.8699522299932555, "S2:S_regime:n_hi_block_hi:6": 2.5477971368563894, "S2:S_regime:n_hi_block_lo:2": 6.636415934194187, "S2:S_regime:n_hi_block_lo:9": 2.2300286349108243, "S2:S_regime:n_hi_burst:4": 6.409631049035441, "S2:S_regime:n_hi_full:3": 1.9659116364003726, "S2:S_regime:n_hi_rand_hi:1": 1.179065556919133, "S2:S_regime:n_hi_rand_hi:8": 2.0728892051822547, "S2:S_regime:n_hi_rand_lo:4": 2.407935632954114, "S2:S_regime:n_lo_block_hi:1": 3.4863880367371305, "S2:S_regime:n_lo_block_hi:7": 13.221889722817403, "S2:S_regime:n_lo_block_lo:6": 2.2241211904514997, "S2:S_regime:n_lo_burst:3": 1.1661716169382303, "S2:S_regime:n_lo_full:0": 1.305383141034646, "S2:S_regime:n_lo_full:7": 1.9095023617868339, "S2:S_regime:n_lo_rand_hi:4": 1.590158069487255, "S2:S_regime:n_lo_rand_lo:1": 2.5220866165951326, "S2:S_regime:n_lo_rand_lo:9": 1.3851407886204592, "S2:S_trend:n_hi_block_hi:5": 6.618908322064074, "S2:S_trend:n_hi_block_lo:3": 6.737036693498529, "S2:S_trend:n_hi_burst:0": 7.197654274597987, "S2:S_trend:n_hi_burst:8": 7.036153619010465, "S2:S_trend:n_hi_full:6": 6.4668826189566, "S2:S_trend:n_hi_rand_hi:2": 6.006075914559351, "S2:S_trend:n_hi_rand_hi:9": 10.450328124513318, "S2:S_trend:n_hi_rand_lo:7": 6.352518548975498, "S2:S_trend:n_lo_block_hi:5": 5.8468465229049436, "S2:S_trend:n_lo_block_lo:1": 9.73724290090462, "S2:S_trend:n_lo_block_lo:7": 9.707799845509005, "S2:S_trend:n_lo_burst:5": 5.6769452548889445, "S2:S_trend:n_lo_full:1": 6.423430578489449, "S2:S_trend:n_lo_full:9": 13.581648732300046, "S2:S_trend:n_lo_rand_hi:5": 6.998497807468199, "S2:S_trend:n_lo_rand_lo:2": 6.770376638136617, "S2:S_both:n_hi_block_hi:2": 2.6179390912105043, "S2:S_both:n_hi_block_lo:0": 2.7235246913054554, "S2:S_both:n_hi_block_lo:7": 2.5114997852231062, "S2:S_both:n_hi_burst:6": 1.788105051217554, "S2:S_both:n_hi_full:1": 2.67468292553954, "S2:S_both:n_hi_full:7": 2.533560804455037, "S2:S_both:n_hi_rand_hi:6": 2.679220461658326, "S2:S_both:n_hi_rand_lo:3": 2.863323309206069, "S2:S_both:n_lo_block_hi:0": 3.52630126050829, "S2:S_both:n_lo_block_hi:7": 2.6482118055878057, "S2:S_both:n_lo_block_lo:3": 3.7511830486652125, "S2:S_both:n_lo_burst:3": 3.7128857881159933, "S2:S_both:n_lo_burst:8": 2.785024244206681, "S2:S_both:n_lo_full:5": 3.4427000210108387, "S2:S_both:n_lo_rand_hi:2": 2.7244202353643816, "S2:S_both:n_lo_rand_lo:1": 2.03317553701014, "S2:S_both:n_lo_rand_lo:8": 3.6258338775021124, "S2:S_multiseason:n_hi_block_hi:3": 1.842935717610609, "S2:S_multiseason:n_hi_block_lo:2": 0.9270221530825187, "S2:S_multiseason:n_hi_block_lo:9": 0.7362101051055874, "S2:S_multiseason:n_hi_burst:5": 0.8326545774339256, "S2:S_multiseason:n_hi_full:3": 0.9408950779923815, "S2:S_multiseason:n_hi_rand_hi:0": 1.059991283808091, "S2:S_multiseason:n_hi_rand_hi:8": 1.1977654261226753, "S2:S_multiseason:n_hi_rand_lo:4": 0.2172483247173077, "S2:S_multiseason:n_lo_block_hi:3": 0.8454597914073543,