{"S2:S_both:n_hi_block_hi:0": 2.5294491608022978, "S2:S_both:n_hi_block_hi:7": 2.4181384188245594, "S2:S_both:n_hi_block_lo:4": 2.3660381347638904, "S2:S_both:n_hi_burst:2": 2.0686358780886263, "S2:S_both:n_hi_burst:9": 2.091678260571209, "S2:S_both:n_hi_full:4": 2.1851872887720205, "S2:S_both:n_hi_rand_hi:2": 2.351274343574244, "S2:S_both:n_hi_rand_lo:1": 2.239990765720067, "S2:S_both:n_hi_rand_lo:7": 2.303368933666443, "S2:S_both:n_lo_block_hi:5": 1.7076355349407364, "S2:S_both:n_lo_block_lo:1": 2.273490594977249, "S2:S_both:n_lo_block_lo:8": 2.7189157771828043, "S2:S_both:n_lo_burst:6": 2.3109753999306495, "S2:S_both:n_lo_full:2": 2.615155377890916, "S2:S_both:n_lo_rand_hi:0": 2.037088278935402, "S2:S_both:n_lo_rand_hi:5": 1.40887762927883, "S2:S_both:n_lo_rand_lo:6": 2.6912908050532347, "S2:S_multiseason:n_hi_block_hi:1": 0.6495493104413208, "S2:S_multiseason:n_hi_block_hi:8": 1.3027288972719377, "S2:S_multiseason:n_hi_block_lo:7": 1.890608257968371, "S2:S_multiseason:n_hi_burst:3": 1.5096782510947837, "S2:S_multiseason:n_hi_full:1": 0.9297459527689621, "S2:S_multiseason:n_hi_full:8": 1.007510745315802, "S2:S_multiseason:n_hi_rand_hi:6": 1.2312042585257281, "S2:S_multiseason:n_hi_rand_lo:2": 0.9056233779229581, "S2:S_multiseason:n_hi_rand_lo:7": 0.8954861024558003, "S2:S_multiseason:n_lo_block_hi:7": 0.5396034305256358, "S2:S_multiseason:n_lo_block_lo:2": 1.2711498569500785, "S2:S_multiseason:n_lo_burst:0": 1.3842248525227445, "S2:S_multiseason:n_lo_burst:7": 1.7338467566929971, "S2:S_multiseason:n_lo_full:5": 1.084227269841142, "S2:S_multiseason:n_lo_rand_hi:3": 1.144943796474123, "S2:S_multiseason:n_lo_rand_hi:8": 1.6375153960318451, "S2:S_multiseason:n_lo_rand_lo:6": 0.8493753111019153, "S2:S_regime:n_hi_block_hi:3": 7.986751563001675, "S2:S_regime:n_hi_block_lo:0": 3.1401942980074855, "S2:S_regime:n_hi_block_lo:8": 5.76208684513253, "S2:S_regime:n_hi_burst:3": 3.9963305003154166, "S2:S_regime:n_hi_full:1": 3.0417223880353768, "S2:S_regime:n_hi_full:9": 3.9090353710827954, "S2:S_regime:n_hi_rand_hi:6": 4.583218194170373, "S2:S_regime:n_hi_rand_lo:3": 1.456285372702129, "S2:S_regime:n_lo_block_hi:0": 4.8680548367246494, "S2:S_regime:n_lo_block_hi:5": 1.1288640570688615, "S2:S_regime:n_lo_block_lo:5": 1.7014038616567597, "S2:S_regime:n_lo_burst:2": 2.714369878458237, "S2:S_regime:n_lo_burst:9": 0.950596889718038, "S2:S_regime:n_lo_full:5": 1.170278614239108, "S2:S_regime:n_lo_rand_hi:3": 4.068483953322034, "S2:S_regime:n_lo_rand_lo:0": 5.322178147536643, "S2:S_regime:n_lo_rand_lo:7": 5.118780996319909, "S2:S_trend:n_hi_block_hi:4": 6.826426963813729, "S2:S_trend:n_hi_block_lo:1": 7.009931059187198, "S2:S_trend:n_hi_block_lo:9": 6.82116879070772, "S2:S_trend:n_hi_burst:6": 6.423862618692341, "S2:S_trend:n_hi_full:2": 7.089511707212481, "S2:S_trend:n_hi_rand_hi:0": 6.915517062365028, "S2:S_trend:n_hi_rand_hi:8": 7.159090332052614, "S2:S_trend:n_hi_rand_lo:6": 6.626088584173408, "S2:S_trend:n_lo_block_hi:3": 10.302571412549568, "S2:S_trend:n_lo_block_hi:9": 16.81524284244622, "S2:S_trend:n_lo_block_lo:6": 9.060395604747558, "S2:S_trend:n_lo_burst:2": 6.862722241620707, "S2:S_trend:n_lo_full:0": 7.633484988456181, "S2:S_trend:n_lo_full:8": 7.530397965478207, "S2:S_trend:n_lo_rand_hi:4": 8.093997186511652, "S2:S_trend:n_lo_rand_lo:1": 8.077486087259166, "S2:S_trend:n_lo_rand_lo:9": 8.591541678543885, "S2:S_both:n_hi_block_hi:1": 2.505237636146859, "S2:S_both:n_hi_block_hi:8": 2.23495896656072, "S2:S_both:n_hi_block_lo:6": 2.423576400772986, "S2:S_both:n_hi_burst:4": 2.2864975610429203, "S2:S_both:n_hi_full:0": 2.316278444214874, "S2:S_both:n_hi_full:5": 2.1249988035542864, "S2:S_both:n_hi_rand_hi:4": 2.4523615920091673, "S2:S_both:n_hi_rand_lo:2": 2.1325243570742693, "S2:S_both:n_hi_rand_lo:9": 2.1772620343953553, "S2:S_both:n_lo_block_hi:6": 2.868437481495053, "S2:S_both:n_lo_block_lo:2": 2.169301446497969, "S2:S_both:n_lo_burst:0": 2.2807685345795594, "S2:S_both:n_lo_burst:7": 1.782312304006243, "S2:S_both:n_lo_full:4": 2.201635025054207, "S2:S_both:n_lo_rand_hi:1": 2.5519754640554573, "S2:S_both:n_lo_rand_hi:9": 2.8532405534567977, "S2:S_both:n_lo_rand_lo:7": 2.6492016589000618, "S2:S_multiseason:n_hi_block_hi:2": 1.1257918032169498, "S2:S_multiseason:n_hi_block_lo:0": 1.8889142232672302, "S2:S_multiseason:n_hi_block_lo:8": 0.7418211189981193, "S2:S_multiseason:n_hi_burst:4": 2.0286466230708524, "S2:S_multiseason:n_hi_full:2": 1.3531035010309673, "S2:S_multiseason:n_hi_full:9": 1.1548322422187087, "S2:S_multiseason:n_hi_rand_hi:7": 0.5139213161218094, "S2:S_multiseason:n_hi_rand_lo:3": 1.8837962201452458, "S2:S_multiseason:n_lo_block_hi:1": 1.4830604153190394, "S2:S_multiseason:n_lo_block_hi:8": 0.7885264251602537, "S2:S_multiseason:n_lo_block_lo:3": 1.6784079641706298, "S2:S_multiseason:n_lo_burst:2": 1.0230353809961108, "S2:S_multiseason:n_lo_burst:8": 0.8198343584237492, "S2:S_multiseason:n_lo_full:6": 0.8413710114395594, "S2:S_multiseason:n_lo_rand_hi:4": 1.475083116158512, "S2:S_multiseason:n_lo_rand_lo:0": 0.615102676555889, "S2:S_multiseason:n_lo_rand_lo:7": 0.8919789299128625, "S2:S_regime:n_hi_block_hi:6": 1.511025954952565, "S2:S_regime:n_hi_block_lo:2": 5.995367125235211, "S2:S_regime:n_hi_block_lo:9": 3.136376879632335, "S2:S_regime:n_hi_burst:4": 6.212889137877957, "S2:S_regime:n_hi_full:3": 2.23643527035054, "S2:S_regime:n_hi_rand_hi:1": 1.262018330446546, "S2:S_regime:n_hi_rand_hi:8": 1.932189082735657, "S2:S_regime:n_hi_rand_lo:4": 1.0107840807130686, "S2:S_regime:n_lo_block_hi:1": 2.1309389383403943, "S2:S_regime:n_lo_block_hi:7": 7.589449674741874, "S2:S_regime:n_lo_block_lo:6": 2.102659611442978, "S2:S_regime:n_lo_burst:3": 1.2663083549968221, "S2:S_regime:n_lo_full:0": 0.9851528399775402, "S2:S_regime:n_lo_full:7": 3.082159963684945, "S2:S_regime:n_lo_rand_hi:4": 1.8011217936311532, "S2:S_regime:n_lo_rand_lo:1": 2.1050359054658903, "S2:S_regime:n_lo_rand_lo:9": 1.313306968513525, "S2:S_trend:n_hi_block_hi:5": 7.019684923116277, "S2:S_trend:n_hi_block_lo:3": 6.917088723267653, "S2:S_trend:n_hi_burst:0": 6.951531246792088, "S2:S_trend:n_hi_burst:8": 7.261814065157383, "S2:S_trend:n_hi_full:6": 6.772447534146937, "S2:S_trend:n_hi_rand_hi:2": 6.965406008078477, "S2:S_trend:n_hi_rand_hi:9": 6.52523033767637, "S2:S_trend:n_hi_rand_lo:7": 7.112513444743559, "S2:S_trend:n_lo_block_hi:5": 9.354408101897214, "S2:S_trend:n_lo_block_lo:1": 7.521997015052069, "S2:S_trend:n_lo_block_lo:7": 10.33826650109273, "S2:S_trend:n_lo_burst:5": 8.111236315673702, "S2:S_trend:n_lo_full:1": 7.6028053442059305, "S2:S_trend:n_lo_full:9": 10.57594204531774, "S2:S_trend:n_lo_rand_hi:5": 7.940116751277781, "S2:S_trend:n_lo_rand_lo:2": 6.850876290316719, "S2:S_both:n_hi_block_hi:2": 2.124311863281025, "S2:S_both:n_hi_block_lo:0": 2.2649357998443387, "S2:S_both:n_hi_block_lo:7": 2.394081108262684, "S2:S_both:n_hi_burst:6": 2.3548673005465055, "S2:S_both:n_hi_full:1": 2.4411182497563257, "S2:S_both:n_hi_full:7": 2.441780966539453, "S2:S_both:n_hi_rand_hi:6": 2.3519607901776305, "S2:S_both:n_hi_rand_lo:3": 2.521407143309282, "S2:S_both:n_lo_block_hi:0": 3.908701855077253, "S2:S_both:n_lo_block_hi:7": 2.5449257516613124, "S2:S_both:n_lo_block_lo:3": 2.0988978347863667, "S2:S_both:n_lo_burst:3": 3.199703952284037, "S2:S_both:n_lo_burst:8": 2.972031407796626, "S2:S_both:n_lo_full:5": 2.9566915133851097, "S2:S_both:n_lo_rand_hi:2": 2.2683826826511675, "S2:S_both:n_lo_rand_lo:1": 2.1140613454595782, "S2:S_both:n_lo_rand_lo:8": 2.0380890463594312, "S2:S_multiseason:n_hi_block_hi:3": 1.8012057772176673, "S2:S_multiseason:n_hi_block_lo:2": 1.2840518749188803, "S2:S_multiseason:n_hi_block_lo:9": 1.0979411503218313, "S2:S_multiseason:n_hi_burst:5": 1.0950109770688077, "S2:S_multiseason:n_hi_full:3": 1.3556626937105025, "S2:S_multiseason:n_hi_rand_hi:0": 1.417626640347413, "S2:S_multiseason:n_hi_rand_hi:8": 1.6267189654723588, "S2:S_multiseason:n_hi_rand_lo:4": 0.6557554350307889, "S2:S_multiseason:n_lo_block_hi:3": 1.5733444785105266,