{"S2:S_both:n_hi_block_hi:0": 2.1693207360821525, "S2:S_both:n_hi_block_hi:7": 2.360259142145533, "S2:S_both:n_hi_block_lo:4": 2.3274739252261165, "S2:S_both:n_hi_burst:2": 1.9175164285176238, "S2:S_both:n_hi_burst:9": 2.249011285395342, "S2:S_both:n_hi_full:4": 2.1851644113740103, "S2:S_both:n_hi_rand_hi:2": 2.4397485688482163, "S2:S_both:n_hi_rand_lo:1": 1.9881900552562757, "S2:S_both:n_hi_rand_lo:7": 2.306819466093062, "S2:S_both:n_lo_block_hi:5": 2.8503568818935405, "S2:S_both:n_lo_block_lo:1": 2.7345285312030194, "S2:S_both:n_lo_block_lo:8": 3.000937866885182, "S2:S_both:n_lo_burst:6": 2.329980279961528, "S2:S_both:n_lo_full:2": 2.6076166474969145, "S2:S_both:n_lo_rand_hi:0": 3.2320980451773598, "S2:S_both:n_lo_rand_hi:5": 2.2188322398251397, "S2:S_both:n_lo_rand_lo:6": 3.0927798230862247, "S2:S_multiseason:n_hi_block_hi:1": 0.5507444644318525, "S2:S_multiseason:n_hi_block_hi:8": 1.0675681552712095, "S2:S_multiseason:n_hi_block_lo:7": 1.548645229720825, "S2:S_multiseason:n_hi_burst:3": 1.1325880142054399, "S2:S_multiseason:n_hi_full:1": 0.5900899654082453, "S2:S_multiseason:n_hi_full:8": 0.4337469297772602, "S2:S_multiseason:n_hi_rand_hi:6": 1.0432067195285553, "S2:S_multiseason:n_hi_rand_lo:2": 0.7131038859855269, "S2:S_multiseason:n_hi_rand_lo:7": 0.6794032911137979, "S2:S_multiseason:n_lo_block_hi:7": 0.3891689365782596, "S2:S_multiseason:n_lo_block_lo:2": 1.1997953929824876, "S2:S_multiseason:n_lo_burst:0": 0.9848304859875412, "S2:S_multiseason:n_lo_burst:7": 1.4860720226414736, "S2:S_multiseason:n_lo_full:5": 0.5880647784176218, "S2:S_multiseason:n_lo_rand_hi:3": 0.6726452086706326, "S2:S_multiseason:n_lo_rand_hi:8": 1.075634615340453, "S2:S_multiseason:n_lo_rand_lo:6": 0.490385178720532, "S2:S_regime:n_hi_block_hi:3": 7.635781399664154, "S2:S_regime:n_hi_block_lo:0": 3.126513922723981, "S2:S_regime:n_hi_block_lo:8": 5.755232887404476, "S2:S_regime:n_hi_burst:3": 3.794887319371367, "S2:S_regime:n_hi_full:1": 2.8497383475115834, "S2:S_regime:n_hi_full:9": 3.019050305889264, "S2:S_regime:n_hi_rand_hi:6": 4.382263578809882, "S2:S_regime:n_hi_rand_lo:3": 1.1904593839293152, "S2:S_regime:n_lo_block_hi:0": 4.664540098708861, "S2:S_regime:n_lo_block_hi:5": 1.6689700862777856, "S2:S_regime:n_lo_block_lo:5": 2.4475442832009313, "S2:S_regime:n_lo_burst:2": 3.0262701066244495, "S2:S_regime:n_lo_burst:9": 0.6955212188676079, "S2:S_regime:n_lo_full:5": 1.1255946782695765, "S2:S_regime:n_lo_rand_hi:3": 3.3090810270091207, "S2:S_regime:n_lo_rand_lo:0": 4.919590768653428, "S2:S_regime:n_lo_rand_lo:7": 4.740862235384459, "S2:S_trend:n_hi_block_hi:4": 6.271616644663923, "S2:S_trend:n_hi_block_lo:1": 6.566648127200174, "S2:S_trend:n_hi_block_lo:9": 6.6855806111821945, "S2:S_trend:n_hi_burst:6": 6.479399100856699, "S2:S_trend:n_hi_full:2": 6.375417651722224, "S2:S_trend:n_hi_rand_hi:0": 6.038473650114851, "S2:S_trend:n_hi_rand_hi:8": 5.938075089102225, "S2:S_trend:n_hi_rand_lo:6": 6.430309642481235, "S2:S_trend:n_lo_block_hi:3": 12.017301003296467, "S2:S_trend:n_lo_block_hi:9": 8.254858916548036, "S2:S_trend:n_lo_block_lo:6": 8.987811072626851, "S2:S_trend:n_lo_burst:2": 7.562659981488858, "S2:S_trend:n_lo_full:0": 8.212958489584668, "S2:S_trend:n_lo_full:8": 3.39429538301643, "S2:S_trend:n_lo_rand_hi:4": 4.952524007705057, "S2:S_trend:n_lo_rand_lo:1": 4.477833565857384, "S2:S_trend:n_lo_rand_lo:9": 8.416005606699251, "S2:S_both:n_hi_block_hi:1": 2.251372378775197, "S2:S_both:n_hi_block_hi:8": 2.2458836788123238, "S2:S_both:n_hi_block_lo:6": 2.4525315374145387, "S2:S_both:n_hi_burst:4": 2.1716601259285704, "S2:S_both:n_hi_full:0": 2.009039702464205, "S2:S_both:n_hi_full:5": 2.2377368724784787, "S2:S_both:n_hi_rand_hi:4": 3.3076932913949877, "S2:S_both:n_hi_rand_lo:2": 2.1417622675267127, "S2:S_both:n_hi_rand_lo:9": 1.9955847093383494, "S2:S_both:n_lo_block_hi:6": 2.2334478808298392, "S2:S_both:n_lo_block_lo:2": 2.443349912193443, "S2:S_both:n_lo_burst:0": 2.5039070247675004, "S2:S_both:n_lo_burst:7": 1.715776991434421, "S2:S_both:n_lo_full:4": 2.44184753216428, "S2:S_both:n_lo_rand_hi:1": 2.88659621236799, "S2:S_both:n_lo_rand_hi:9": 2.9280728394363256, "S2:S_both:n_lo_rand_lo:7": 3.2274932183793874, "S2:S_multiseason:n_hi_block_hi:2": 1.0706076997931016, "S2:S_multiseason:n_hi_block_lo:0": 1.7615736351055105, "S2:S_multiseason:n_hi_block_lo:8": 0.47654439636510454, "S2:S_multiseason:n_hi_burst:4": 1.6554200189586636, "S2:S_multiseason:n_hi_full:2": 1.1432414839901668, "S2:S_multiseason:n_hi_full:9": 0.7654205317179954, "S2:S_multiseason:n_hi_rand_hi:7": 0.25006038769467676, "S2:S_multiseason:n_hi_rand_lo:3": 1.5135592472638046, "S2:S_multiseason:n_lo_block_hi:1": 1.3127527887877224, "S2:S_multiseason:n_lo_block_hi:8": 0.6240112267077401, "S2:S_multiseason:n_lo_block_lo:3": 0.995834242480773, "S2:S_multiseason:n_lo_burst:2": 0.6088924848782239, "S2:S_multiseason:n_lo_burst:8": 0.7260480869959905, "S2:S_multiseason:n_lo_full:6": 1.231111348208638, "S2:S_multiseason:n_lo_rand_hi:4": 0.8272583400053706, "S2:S_multiseason:n_lo_rand_lo:0": 0.6365971657131717, "S2:S_multiseason:n_lo_rand_lo:7": 0.8156817965989365, "S2:S_regime:n_hi_block_hi:6": 1.513745132851754, "S2:S_regime:n_hi_block_lo:2": 6.404585237285712, "S2:S_regime:n_hi_block_lo:9": 2.6741428300858927, "S2:S_regime:n_hi_burst:4": 6.152075363469723, "S2:S_regime:n_hi_full:3": 1.91396780546633, "S2:S_regime:n_hi_rand_hi:1": 1.2799112865637916, "S2:S_regime:n_hi_rand_hi:8": 1.9871206305188014, "S2:S_regime:n_hi_rand_lo:4": 0.9007970865355983, "S2:S_regime:n_lo_block_hi:1": 2.700853286603811, "S2:S_regime:n_lo_block_hi:7": 10.119638684689223, "S2:S_regime:n_lo_block_lo:6": 2.344363734182684, "S2:S_regime:n_lo_burst:3": 1.2278893238107706, "S2:S_regime:n_lo_full:0": 1.010225403083487, "S2:S_regime:n_lo_full:7": 2.436748887273202, "S2:S_regime:n_lo_rand_hi:4": 1.2698761198717743, "S2:S_regime:n_lo_rand_lo:1": 2.329673249260883, "S2:S_regime:n_lo_rand_lo:9": 1.3672359293521714, "S2:S_trend:n_hi_block_hi:5": 6.213504311474949, "S2:S_trend:n_hi_block_lo:3": 6.55082448095122, "S2:S_trend:n_hi_burst:0": 6.073127485637311, "S2:S_trend:n_hi_burst:8": 7.046767836934742, "S2:S_trend:n_hi_full:6": 6.277886365477704, "S2:S_trend:n_hi_rand_hi:2": 6.4987828234730145, "S2:S_trend:n_hi_rand_hi:9": 6.449096984427581, "S2:S_trend:n_hi_rand_lo:7": 5.990147840811565, "S2:S_trend:n_lo_block_hi:5": 12.411225357896424, "S2:S_trend:n_lo_block_lo:1": 7.691470649084691, "S2:S_trend:n_lo_block_lo:7": 11.533982359609192, "S2:S_trend:n_lo_burst:5": 5.848702675072972, "S2:S_trend:n_lo_full:1": 7.458600720499816, "S2:S_trend:n_lo_full:9": 9.269693519903468, "S2:S_trend:n_lo_rand_hi:5": 6.465043513481034, "S2:S_trend:n_lo_rand_lo:2": 6.483429314173936, "S2:S_both:n_hi_block_hi:2": 1.9437782730895152, "S2:S_both:n_hi_block_lo:0": 2.2959158946118774, "S2:S_both:n_hi_block_lo:7": 2.328486661456459, "S2:S_both:n_hi_burst:6": 2.282555327339412, "S2:S_both:n_hi_full:1": 2.23777745501656, "S2:S_both:n_hi_full:7": 2.330851160090395, "S2:S_both:n_hi_rand_hi:6": 2.2839310415655234, "S2:S_both:n_hi_rand_lo:3": 2.381524133827559, "S2:S_both:n_lo_block_hi:0": 1.9493980568986997, "S2:S_both:n_lo_block_hi:7": 2.52629158404899, "S2:S_both:n_lo_block_lo:3": 3.145569337820754, "S2:S_both:n_lo_burst:3": 3.242063517404313, "S2:S_both:n_lo_burst:8": 2.4059423084896383, "S2:S_both:n_lo_full:5": 3.4716601563152443, "S2:S_both:n_lo_rand_hi:2": 2.1502849637402544, "S2:S_both:n_lo_rand_lo:1": 2.1684847872025528, "S2:S_both:n_lo_rand_lo:8": 2.2825557789059325, "S2:S_multiseason:n_hi_block_hi:3": 1.5903366073589933, "S2:S_multiseason:n_hi_block_lo:2": 1.0552441028031492, "S2:S_multiseason:n_hi_block_lo:9": 0.8779556803840448, "S2:S_multiseason:n_hi_burst:5": 0.7242589908469594, "S2:S_multiseason:n_hi_full:3": 1.0408573256229854, "S2:S_multiseason:n_hi_rand_hi:0": 1.2044902717081953, "S2:S_multiseason:n_hi_rand_hi:8": 1.2723246162938184, "S2:S_multiseason:n_hi_rand_lo:4": 0.3616600570930742, "S2:S_multiseason:n_lo_block_hi:3": 1.2046947826273104,