{"S2:S_both:n_hi_block_hi:0": 2.3034891748434405, "S2:S_both:n_hi_block_hi:7": 2.360777967348144, "S2:S_both:n_hi_block_lo:4": 2.397365827805842, "S2:S_both:n_hi_burst:2": 2.167162874578429, "S2:S_both:n_hi_burst:9": 3.345456031296965, "S2:S_both:n_hi_full:4": 2.2967582772859036, "S2:S_both:n_hi_rand_hi:2": 2.3146516660442558, "S2:S_both:n_hi_rand_lo:1": 2.168422925320969, "S2:S_both:n_hi_rand_lo:7": 2.1726063281629546, "S2:S_both:n_lo_block_hi:5": 2.316059716335065, "S2:S_both:n_lo_block_lo:1": 2.442892300259928, "S2:S_both:n_lo_block_lo:8": 2.292012552259422, "S2:S_both:n_lo_burst:6": 3.0302444966598476, "S2:S_both:n_lo_full:2": 2.0003685985308763, "S2:S_both:n_lo_rand_hi:0": 2.1047277928789976, "S2:S_both:n_lo_rand_hi:5": 2.1238371324117113, "S2:S_both:n_lo_rand_lo:6": 2.6030520343622383, "S2:S_multiseason:n_hi_block_hi:1": 0.852083117471804, "S2:S_multiseason:n_hi_block_hi:8": 1.1392095185081457, "S2:S_multiseason:n_hi_block_lo:7": 0.8020650643025036, "S2:S_multiseason:n_hi_burst:3": 1.2573885232288051, "S2:S_multiseason:n_hi_full:1": 0.817088079662968, "S2:S_multiseason:n_hi_full:8": 0.6859330703144787, "S2:S_multiseason:n_hi_rand_hi:6": 1.089953522093089, "S2:S_multiseason:n_hi_rand_lo:2": 0.840408116157019, "S2:S_multiseason:n_hi_rand_lo:7": 0.7739917283486146, "S2:S_multiseason:n_lo_block_hi:7": 0.8439521756993067, "S2:S_multiseason:n_lo_block_lo:2": 1.3772890148860755, "S2:S_multiseason:n_lo_burst:0": 1.2109965792163857, "S2:S_multiseason:n_lo_burst:7": 1.5570070158665408, "S2:S_multiseason:n_lo_full:5": 0.6745324905132017, "S2:S_multiseason:n_lo_rand_hi:3": 0.6244965315583536, "S2:S_multiseason:n_lo_rand_hi:8": 1.4604818362064873, "S2:S_multiseason:n_lo_rand_lo:6": 1.0097883264831282, "S2:S_regime:n_hi_block_hi:3": 8.202980293102415, "S2:S_regime:n_hi_block_lo:0": 3.5637285944209123, "S2:S_regime:n_hi_block_lo:8": 7.023383384689599, "S2:S_regime:n_hi_burst:3": 4.527757408719745, "S2:S_regime:n_hi_full:1": 3.1821362063875136, "S2:S_regime:n_hi_full:9": 4.9687340551886585, "S2:S_regime:n_hi_rand_hi:6": 4.7128364661529, "S2:S_regime:n_hi_rand_lo:3": 1.185985913446507, "S2:S_regime:n_lo_block_hi:0": 5.108653533996467, "S2:S_regime:n_lo_block_hi:5": 1.2215444074910833, "S2:S_regime:n_lo_block_lo:5": 2.0818628712902107, "S2:S_regime:n_lo_burst:2": 3.0246816473157154, "S2:S_regime:n_lo_burst:9": 0.4858742916917039, "S2:S_regime:n_lo_full:5": 1.0689874422620862, "S2:S_regime:n_lo_rand_hi:3": 7.658283517678592, "S2:S_regime:n_lo_rand_lo:0": 5.306547235485287, "S2:S_regime:n_lo_rand_lo:7": 4.982422464309201, "S2:S_trend:n_hi_block_hi:4": 8.231887941153067, "S2:S_trend:n_hi_block_lo:1": 10.371442039464657, "S2:S_trend:n_hi_block_lo:9": 7.372766327427537, "S2:S_trend:n_hi_burst:6": 8.709572788289778, "S2:S_trend:n_hi_full:2": 7.481175354490129, "S2:S_trend:n_hi_rand_hi:0": 7.097087988859092, "S2:S_trend:n_hi_rand_hi:8": 7.165484350056107, "S2:S_trend:n_hi_rand_lo:6": 7.2129132772129285, "S2:S_trend:n_lo_block_hi:3": 12.078954286599222, "S2:S_trend:n_lo_block_hi:9": 8.906994191224342, "S2:S_trend:n_lo_block_lo:6": 8.508973147472515, "S2:S_trend:n_lo_burst:2": 7.956012844175115, "S2:S_trend:n_lo_full:0": 6.799572345306549, "S2:S_trend:n_lo_full:8": 8.113506010214827, "S2:S_trend:n_lo_rand_hi:4": 9.762320133966911, "S2:S_trend:n_lo_rand_lo:1": 9.121311833718439, "S2:S_trend:n_lo_rand_lo:9": 11.029069851592151, "S2:S_both:n_hi_block_hi:1": 2.2126938988609846, "S2:S_both:n_hi_block_hi:8": 2.1770519577342706, "S2:S_both:n_hi_block_lo:6": 2.3378325706177865, "S2:S_both:n_hi_burst:4": 2.2052762995395443, "S2:S_both:n_hi_full:0": 2.09983846142779, "S2:S_both:n_hi_full:5": 2.3484530858957364, "S2:S_both:n_hi_rand_hi:4": 2.920441166736324, "S2:S_both:n_hi_rand_lo:2": 2.0653651571434635, "S2:S_both:n_hi_rand_lo:9": 2.524405399539934, "S2:S_both:n_lo_block_hi:6": 2.115585699320126, "S2:S_both:n_lo_block_lo:2": 2.6904439675068894, "S2:S_both:n_lo_burst:0": 2.648985087287881, "S2:S_both:n_lo_burst:7": 3.124384499313806, "S2:S_both:n_lo_full:4": 2.5792062158532802, "S2:S_both:n_lo_rand_hi:1": 4.129261292899684, "S2:S_both:n_lo_rand_hi:9": 2.6021954174398036, "S2:S_both:n_lo_rand_lo:7": 2.4498287191928263, "S2:S_multiseason:n_hi_block_hi:2": 1.058134898506151, "S2:S_multiseason:n_hi_block_lo:0": 1.773324962515739, "S2:S_multiseason:n_hi_block_lo:8": 0.9336980957323614, "S2:S_multiseason:n_hi_burst:4": 1.4969441221204596, "S2:S_multiseason:n_hi_full:2": 1.2256236321074327, "S2:S_multiseason:n_hi_full:9": 1.0058374224884115, "S2:S_multiseason:n_hi_rand_hi:7": 0.5453198583840971, "S2:S_multiseason:n_hi_rand_lo:3": 1.6415207726138477, "S2:S_multiseason:n_lo_block_hi:1": 1.266410032256328, "S2:S_multiseason:n_lo_block_hi:8": 0.8210631394258185, "S2:S_multiseason:n_lo_block_lo:3": 1.250186865263581, "S2:S_multiseason:n_lo_burst:2": 1.3199080146047781, "S2:S_multiseason:n_lo_burst:8": 0.9388384159838294, "S2:S_multiseason:n_lo_full:6": 1.5732630012470639, "S2:S_multiseason:n_lo_rand_hi:4": 1.1347831262457193, "S2:S_multiseason:n_lo_rand_lo:0": 1.0524010467095752, "S2:S_multiseason:n_lo_rand_lo:7": 1.043046840230571, "S2:S_regime:n_hi_block_hi:6": 3.346966905725947, "S2:S_regime:n_hi_block_lo:2": 6.360137862915043, "S2:S_regime:n_hi_block_lo:9": 2.2416688395368176, "S2:S_regime:n_hi_burst:4": 6.661133009094518, "S2:S_regime:n_hi_full:3": 1.8006103746626982, "S2:S_regime:n_hi_rand_hi:1": 1.2960426331664932, "S2:S_regime:n_hi_rand_hi:8": 1.81072978130228, "S2:S_regime:n_hi_rand_lo:4": 1.872976830796205, "S2:S_regime:n_lo_block_hi:1": 2.8004362679354258, "S2:S_regime:n_lo_block_hi:7": 11.856828641143396, "S2:S_regime:n_lo_block_lo:6": 1.9889294388112968, "S2:S_regime:n_lo_burst:3": 1.23885617752903, "S2:S_regime:n_lo_full:0": 1.329114540401789, "S2:S_regime:n_lo_full:7": 2.1324861755992446, "S2:S_regime:n_lo_rand_hi:4": 1.2343760727521074, "S2:S_regime:n_lo_rand_lo:1": 2.881491777587175, "S2:S_regime:n_lo_rand_lo:9": 1.414220617068814, "S2:S_trend:n_hi_block_hi:5": 7.337575655798733, "S2:S_trend:n_hi_block_lo:3": 7.4199102072299095, "S2:S_trend:n_hi_burst:0": 7.768847176579383, "S2:S_trend:n_hi_burst:8": 7.637096237459024, "S2:S_trend:n_hi_full:6": 7.296806260530384, "S2:S_trend:n_hi_rand_hi:2": 7.231699888853496, "S2:S_trend:n_hi_rand_hi:9": 9.839787922849899, "S2:S_trend:n_hi_rand_lo:7": 7.281095356747675, "S2:S_trend:n_lo_block_hi:5": 8.226765351716802, "S2:S_trend:n_lo_block_lo:1": 8.609324589456865, "S2:S_trend:n_lo_block_lo:7": 9.01468992962506, "S2:S_trend:n_lo_burst:5": 7.294621061757667, "S2:S_trend:n_lo_full:1": 6.803965186225774, "S2:S_trend:n_lo_full:9": 9.65193310048104, "S2:S_trend:n_lo_rand_hi:5": 7.421008695756707, "S2:S_trend:n_lo_rand_lo:2": 8.120891227988418, "S2:S_both:n_hi_block_hi:2": 2.3972705576834774, "S2:S_both:n_hi_block_lo:0": 2.316403318735146, "S2:S_both:n_hi_block_lo:7": 2.349104086389684, "S2:S_both:n_hi_burst:6": 1.9884660199047894, "S2:S_both:n_hi_full:1": 2.2847015917532376, "S2:S_both:n_hi_full:7": 2.2077927041952323, "S2:S_both:n_hi_rand_hi:6": 2.304682326243288, "S2:S_both:n_hi_rand_lo:3": 2.3862063515172958, "S2:S_both:n_lo_block_hi:0": 2.109998321543481, "S2:S_both:n_lo_block_hi:7": 2.624888995231219, "S2:S_both:n_lo_block_lo:3": 2.85676452028339, "S2:S_both:n_lo_burst:3": 3.023474533985754, "S2:S_both:n_lo_burst:8": 2.3866759790388086, "S2:S_both:n_lo_full:5": 2.568847493845389, "S2:S_both:n_lo_rand_hi:2": 2.530982472994809, "S2:S_both:n_lo_rand_lo:1": 2.064498731319373, "S2:S_both:n_lo_rand_lo:8": 1.9710854449182935, "S2:S_multiseason:n_hi_block_hi:3": 1.5853865509856035, "S2:S_multiseason:n_hi_block_lo:2": 1.1344559052054473, "S2:S_multiseason:n_hi_block_lo:9": 0.8692366929142573, "S2:S_multiseason:n_hi_burst:5": 0.8509926068344703, "S2:S_multiseason:n_hi_full:3": 1.157045750451772, "S2:S_multiseason:n_hi_rand_hi:0": 1.192741172362176, "S2:S_multiseason:n_hi_rand_hi:8": 1.176884430558038, "S2:S_multiseason:n_hi_rand_lo:4": 0.4605266222382373, "S2:S_multiseason:n_lo_block_hi:3": 1.0986440595239895,