{"S2:S_both:n_hi_block_hi:0": 2.760174809217586, "S2:S_both:n_hi_block_hi:7": 2.709668569883102, "S2:S_both:n_hi_block_lo:4": 2.8680860094079743, "S2:S_both:n_hi_burst:2": 2.301928117848642, "S2:S_both:n_hi_burst:9": 2.390229259772283, "S2:S_both:n_hi_full:4": 2.5339938843244174, "S2:S_both:n_hi_rand_hi:2": 2.70913857851398, "S2:S_both:n_hi_rand_lo:1": 2.4495867403622866, "S2:S_both:n_hi_rand_lo:7": 2.278717138854873, "S2:S_both:n_lo_block_hi:5": 2.0322724765560762, "S2:S_both:n_lo_block_lo:1": 2.418939520201715, "S2:S_both:n_lo_block_lo:8": 3.0156485268245126, "S2:S_both:n_lo_burst:6": 3.4876756662143027, "S2:S_both:n_lo_full:2": 2.312997849864293, "S2:S_both:n_lo_rand_hi:0": 2.3261435038063123, "S2:S_both:n_lo_rand_hi:5": 2.052260117650042, "S2:S_both:n_lo_rand_lo:6": 3.0840318927461086, "S2:S_multiseason:n_hi_block_hi:1": 0.7010290607687811, "S2:S_multiseason:n_hi_block_hi:8": 1.0201629759402187, "S2:S_multiseason:n_hi_block_lo:7": 1.0367634857382093, "S2:S_multiseason:n_hi_burst:3": 1.1105907325476871, "S2:S_multiseason:n_hi_full:1": 0.6048604170008739, "S2:S_multiseason:n_hi_full:8": 0.4686227783209042, "S2:S_multiseason:n_hi_rand_hi:6": 1.0854808114136563, "S2:S_multiseason:n_hi_rand_lo:2": 0.6039890875415818, "S2:S_multiseason:n_hi_rand_lo:7": 0.5940339197651741, "S2:S_multiseason:n_lo_block_hi:7": 0.28502402177121616, "S2:S_multiseason:n_lo_block_lo:2": 1.2435268876006909, "S2:S_multiseason:n_lo_burst:0": 0.7312937402445044, "S2:S_multiseason:n_lo_burst:7": 1.5490265904938718, "S2:S_multiseason:n_lo_full:5": 0.32378063974894755, "S2:S_multiseason:n_lo_rand_hi:3": 0.17362608411296174, "S2:S_multiseason:n_lo_rand_hi:8": 1.091911927475464, "S2:S_multiseason:n_lo_rand_lo:6": 0.5263021771987738, "S2:S_regime:n_hi_block_hi:3": 7.087003644534105, "S2:S_regime:n_hi_block_lo:0": 3.5667628921997787, "S2:S_regime:n_hi_block_lo:8": 6.9809326481714935, "S2:S_regime:n_hi_burst:3": 3.730785440054174, "S2:S_regime:n_hi_full:1": 2.8159571749181636, "S2:S_regime:n_hi_full:9": 4.681397284016425, "S2:S_regime:n_hi_rand_hi:6": 4.139367430833068, "S2:S_regime:n_hi_rand_lo:3": 1.190522287631298, "S2:S_regime:n_lo_block_hi:0": 5.171612785302927, "S2:S_regime:n_lo_block_hi:5": 1.3244614277696556, "S2:S_regime:n_lo_block_lo:5": 2.463313349998614, "S2:S_regime:n_lo_burst:2": 2.9227006345362603, "S2:S_regime:n_lo_burst:9": 1.045902518622608, "S2:S_regime:n_lo_full:5": 1.3273084064280285, "S2:S_regime:n_lo_rand_hi:3": 5.016011739135813, "S2:S_regime:n_lo_rand_lo:0": 5.85924082890265, "S2:S_regime:n_lo_rand_lo:7": 5.591299481807077, "S2:S_trend:n_hi_block_hi:4": 7.174097452969664, "S2:S_trend:n_hi_block_lo:1": 9.52368828433949, "S2:S_trend:n_hi_block_lo:9": 6.512144276142323, "S2:S_trend:n_hi_burst:6": 9.763753305072461, "S2:S_trend:n_hi_full:2": 9.56072714568625, "S2:S_trend:n_hi_rand_hi:0": 5.835939377668602, "S2:S_trend:n_hi_rand_hi:8": 6.415621034829372, "S2:S_trend:n_hi_rand_lo:6": 6.499412474732452, "S2:S_trend:n_lo_block_hi:3": 9.567850109189449, "S2:S_trend:n_lo_block_hi:9": 16.769094507047278, "S2:S_trend:n_lo_block_lo:6": 8.26897096095182, "S2:S_trend:n_lo_burst:2": 5.450633423976427, "S2:S_trend:n_lo_full:0": 7.742442275431163, "S2:S_trend:n_lo_full:8": 5.715898108814911, "S2:S_trend:n_lo_rand_hi:4": 6.79236424580931, "S2:S_trend:n_lo_rand_lo:1": 7.033200405110806, "S2:S_trend:n_lo_rand_lo:9": 10.372730692307861, "S2:S_both:n_hi_block_hi:1": 2.705956349539946, "S2:S_both:n_hi_block_hi:8": 2.435728807361657, "S2:S_both:n_hi_block_lo:6": 2.806987120132176, "S2:S_both:n_hi_burst:4": 2.478134096910247, "S2:S_both:n_hi_full:0": 2.421170378426858, "S2:S_both:n_hi_full:5": 2.8787333876940715, "S2:S_both:n_hi_rand_hi:4": 3.401634175955149, "S2:S_both:n_hi_rand_lo:2": 2.0996006218187135, "S2:S_both:n_hi_rand_lo:9": 2.510857279322506, "S2:S_both:n_lo_block_hi:6": 2.449638312121864, "S2:S_both:n_lo_block_lo:2": 2.9517583109272083, "S2:S_both:n_lo_burst:0": 2.0184067405952573, "S2:S_both:n_lo_burst:7": 2.864114965209223, "S2:S_both:n_lo_full:4": 1.8968056257016517, "S2:S_both:n_lo_rand_hi:1": 2.3926686215917465, "S2:S_both:n_lo_rand_hi:9": 3.029716129553416, "S2:S_both:n_lo_rand_lo:7": 2.1994356457381903, "S2:S_multiseason:n_hi_block_hi:2": 1.1317342899315546, "S2:S_multiseason:n_hi_block_lo:0": 1.6264560879713104, "S2:S_multiseason:n_hi_block_lo:8": 0.7252820849423024, "S2:S_multiseason:n_hi_burst:4": 1.4269630638333104, "S2:S_multiseason:n_hi_full:2": 1.0600655790078257, "S2:S_multiseason:n_hi_full:9": 0.6225934985838698, "S2:S_multiseason:n_hi_rand_hi:7": 0.2789138993175645, "S2:S_multiseason:n_hi_rand_lo:3": 1.5166693070175281, "S2:S_multiseason:n_lo_block_hi:1": 1.528194452607049, "S2:S_multiseason:n_lo_block_hi:8": 0.5271051123934615, "S2:S_multiseason:n_lo_block_lo:3": 1.0634787309254676, "S2:S_multiseason:n_lo_burst:2": 1.1814752964152233, "S2:S_multiseason:n_lo_burst:8": 0.8949045726519513, "S2:S_multiseason:n_lo_full:6": 1.4115640646468268, "S2:S_multiseason:n_lo_rand_hi:4": 0.9385379167013705, "S2:S_multiseason:n_lo_rand_lo:0": 0.6522851229161355, "S2:S_multiseason:n_lo_rand_lo:7": 0.8511811663925744, "S2:S_regime:n_hi_block_hi:6": 3.695745348500266, "S2:S_regime:n_hi_block_lo:2": 6.477612090527397, "S2:S_regime:n_hi_block_lo:9": 2.262044514195445, "S2:S_regime:n_hi_burst:4": 5.999849132242935, "S2:S_regime:n_hi_full:3": 2.0417701545886464, "S2:S_regime:n_hi_rand_hi:1": 1.1887096890426403, "S2:S_regime:n_hi_rand_hi:8": 2.1093472970611016, "S2:S_regime:n_hi_rand_lo:4": 2.881091369439572, "S2:S_regime:n_lo_block_hi:1": 3.5422814162484, "S2:S_regime:n_lo_block_hi:7": 12.983524755621772, "S2:S_regime:n_lo_block_lo:6": 2.107092936555575, "S2:S_regime:n_lo_burst:3": 1.199818437593396, "S2:S_regime:n_lo_full:0": 1.2444351926489423, "S2:S_regime:n_lo_full:7": 1.9745219715000013, "S2:S_regime:n_lo_rand_hi:4": 1.6123799651524002, "S2:S_regime:n_lo_rand_lo:1": 2.503118536164399, "S2:S_regime:n_lo_rand_lo:9": 1.346547338035849, "S2:S_trend:n_hi_block_hi:5": 6.014406812122834, "S2:S_trend:n_hi_block_lo:3": 6.311529838314292, "S2:S_trend:n_hi_burst:0": 6.697401745972974, "S2:S_trend:n_hi_burst:8": 6.554571029969446, "S2:S_trend:n_hi_full:6": 6.083537045062936, "S2:S_trend:n_hi_rand_hi:2": 5.669876459790714, "S2:S_trend:n_hi_rand_hi:9": 10.195454680522882, "S2:S_trend:n_hi_rand_lo:7": 5.928830699763647, "S2:S_trend:n_lo_block_hi:5": 5.705893971455472, "S2:S_trend:n_lo_block_lo:1": 9.353855226683834, "S2:S_trend:n_lo_block_lo:7": 9.47057158908456, "S2:S_trend:n_lo_burst:5": 5.99200782497163, "S2:S_trend:n_lo_full:1": 5.848071262286, "S2:S_trend:n_lo_full:9": 13.89362605457323, "S2:S_trend:n_lo_rand_hi:5": 6.260516514565781, "S2:S_trend:n_lo_rand_lo:2": 6.388200534098511, "S2:S_both:n_hi_block_hi:2": 2.577472960963171, "S2:S_both:n_hi_block_lo:0": 2.6655957665744396, "S2:S_both:n_hi_block_lo:7": 2.4677285306631247, "S2:S_both:n_hi_burst:6": 1.706879391223293, "S2:S_both:n_hi_full:1": 2.6084179663949674, "S2:S_both:n_hi_full:7": 2.449938373910759, "S2:S_both:n_hi_rand_hi:6": 2.616590795120414, "S2:S_both:n_hi_rand_lo:3": 2.790927180017472, "S2:S_both:n_lo_block_hi:0": 3.4340239599057223, "S2:S_both:n_lo_block_hi:7": 2.309130112167362, "S2:S_both:n_lo_block_lo:3": 3.6179430945566358, "S2:S_both:n_lo_burst:3": 3.574210809771883, "S2:S_both:n_lo_burst:8": 2.722554540064167, "S2:S_both:n_lo_full:5": 3.3593294291825835, "S2:S_both:n_lo_rand_hi:2": 2.617897701731089, "S2:S_both:n_lo_rand_lo:1": 2.0646126697635534, "S2:S_both:n_lo_rand_lo:8": 4.054301795379241, "S2:S_multiseason:n_hi_block_hi:3": 1.8563814148867115, "S2:S_multiseason:n_hi_block_lo:2": 0.9682646670690581, "S2:S_multiseason:n_hi_block_lo:9": 0.6237222416403225, "S2:S_multiseason:n_hi_burst:5": 0.8386206548292027, "S2:S_multiseason:n_hi_full:3": 0.977607924094472, "S2:S_multiseason:n_hi_rand_hi:0": 1.0937574243954893, "S2:S_multiseason:n_hi_rand_hi:8": 1.2238805496872194, "S2:S_multiseason:n_hi_rand_lo:4": 0.2078162873202319, "S2:S_multiseason:n_lo_block_hi:3": 0.8483365782450584,