{"S2:S_both:n_hi_block_hi:0": 1.995664140035196, "S2:S_both:n_hi_block_hi:7": 2.417042297009124, "S2:S_both:n_hi_block_lo:4": 2.377507153919944, "S2:S_both:n_hi_burst:2": 1.9578283711358442, "S2:S_both:n_hi_burst:9": 2.3116614282971253, "S2:S_both:n_hi_full:4": 2.2518356834484576, "S2:S_both:n_hi_rand_hi:2": 2.459103084406943, "S2:S_both:n_hi_rand_lo:1": 2.054653356314942, "S2:S_both:n_hi_rand_lo:7": 2.372139219010662, "S2:S_both:n_lo_block_hi:5": 2.8629579478038845, "S2:S_both:n_lo_block_lo:1": 2.8140264517059568, "S2:S_both:n_lo_block_lo:8": 2.9053843830339945, "S2:S_both:n_lo_burst:6": 2.3445364509879223, "S2:S_both:n_lo_full:2": 2.627306006416285, "S2:S_both:n_lo_rand_hi:0": 2.580868661242869, "S2:S_both:n_lo_rand_hi:5": 1.8350297550197765, "S2:S_both:n_lo_rand_lo:6": 3.1359925870786913, "S2:S_multiseason:n_hi_block_hi:1": 0.5687378617561903, "S2:S_multiseason:n_hi_block_hi:8": 1.072131984751978, "S2:S_multiseason:n_hi_block_lo:7": 1.5527447039703068, "S2:S_multiseason:n_hi_burst:3": 1.1370788665511264, "S2:S_multiseason:n_hi_full:1": 0.5944686356563668, "S2:S_multiseason:n_hi_full:8": 0.4372818564177991, "S2:S_multiseason:n_hi_rand_hi:6": 1.056686119878453, "S2:S_multiseason:n_hi_rand_lo:2": 0.7164116929541597, "S2:S_multiseason:n_hi_rand_lo:7": 0.6862504263509202, "S2:S_multiseason:n_lo_block_hi:7": 0.37762101358605416, "S2:S_multiseason:n_lo_block_lo:2": 1.2034709608598582, "S2:S_multiseason:n_lo_burst:0": 0.9968283267543636, "S2:S_multiseason:n_lo_burst:7": 1.5562940811685302, "S2:S_multiseason:n_lo_full:5": 0.6476566582356613, "S2:S_multiseason:n_lo_rand_hi:3": 0.7908435749298068, "S2:S_multiseason:n_lo_rand_hi:8": 1.213169857992118, "S2:S_multiseason:n_lo_rand_lo:6": 0.5044482992490826, "S2:S_regime:n_hi_block_hi:3": 7.471066189048957, "S2:S_regime:n_hi_block_lo:0": 3.103491731834981, "S2:S_regime:n_hi_block_lo:8": 5.755574881958751, "S2:S_regime:n_hi_burst:3": 3.7999159763846455, "S2:S_regime:n_hi_full:1": 2.8091202202779337, "S2:S_regime:n_hi_full:9": 3.06124158709541, "S2:S_regime:n_hi_rand_hi:6": 4.379070070918548, "S2:S_regime:n_hi_rand_lo:3": 1.1852390301421734, "S2:S_regime:n_lo_block_hi:0": 4.647134803264059, "S2:S_regime:n_lo_block_hi:5": 1.6649948232198735, "S2:S_regime:n_lo_block_lo:5": 2.4397646823712793, "S2:S_regime:n_lo_burst:2": 2.9976180565832804, "S2:S_regime:n_lo_burst:9": 0.6857571845855109, "S2:S_regime:n_lo_full:5": 1.13506251160307, "S2:S_regime:n_lo_rand_hi:3": 5.165913094802932, "S2:S_regime:n_lo_rand_lo:0": 4.52729682295066, "S2:S_regime:n_lo_rand_lo:7": 4.635770340024912, "S2:S_trend:n_hi_block_hi:4": 6.214394550098721, "S2:S_trend:n_hi_block_lo:1": 6.462626598708402, "S2:S_trend:n_hi_block_lo:9": 6.620543775508955, "S2:S_trend:n_hi_burst:6": 6.346935707841471, "S2:S_trend:n_hi_full:2": 6.279558994560992, "S2:S_trend:n_hi_rand_hi:0": 5.877652192912175, "S2:S_trend:n_hi_rand_hi:8": 5.749981508276947, "S2:S_trend:n_hi_rand_lo:6": 6.3199295347590505, "S2:S_trend:n_lo_block_hi:3": 12.026086566335655, "S2:S_trend:n_lo_block_hi:9": 8.246212698581383, "S2:S_trend:n_lo_block_lo:6": 8.663649499770449, "S2:S_trend:n_lo_burst:2": 7.206586833531291, "S2:S_trend:n_lo_full:0": 8.352233830888187, "S2:S_trend:n_lo_full:8": 3.4413630842621186, "S2:S_trend:n_lo_rand_hi:4": 4.678396473601421, "S2:S_trend:n_lo_rand_lo:1": 4.596934475105142, "S2:S_trend:n_lo_rand_lo:9": 7.936270198793335, "S2:S_both:n_hi_block_hi:1": 2.2536344538051085, "S2:S_both:n_hi_block_hi:8": 2.3106228737921173, "S2:S_both:n_hi_block_lo:6": 2.521213074558266, "S2:S_both:n_hi_burst:4": 2.2425491375115443, "S2:S_both:n_hi_full:0": 2.0775756780842567, "S2:S_both:n_hi_full:5": 2.306669168121051, "S2:S_both:n_hi_rand_hi:4": 2.9702256085872154, "S2:S_both:n_hi_rand_lo:2": 2.1544373361345874, "S2:S_both:n_hi_rand_lo:9": 2.0431337400198726, "S2:S_both:n_lo_block_hi:6": 2.14304731983033, "S2:S_both:n_lo_block_lo:2": 2.54162098054171, "S2:S_both:n_lo_burst:0": 2.185098196066922, "S2:S_both:n_lo_burst:7": 1.7296163332124073, "S2:S_both:n_lo_full:4": 2.4840498894914442, "S2:S_both:n_lo_rand_hi:1": 1.9805934368977067, "S2:S_both:n_lo_rand_hi:9": 2.9354237662004903, "S2:S_both:n_lo_rand_lo:7": 3.324461391765719, "S2:S_multiseason:n_hi_block_hi:2": 1.0672456912247719, "S2:S_multiseason:n_hi_block_lo:0": 1.7624051852472244, "S2:S_multiseason:n_hi_block_lo:8": 0.47830714131026797, "S2:S_multiseason:n_hi_burst:4": 1.6505757053254164, "S2:S_multiseason:n_hi_full:2": 1.147703808241224, "S2:S_multiseason:n_hi_full:9": 0.7627359403434067, "S2:S_multiseason:n_hi_rand_hi:7": 0.2188703624261213, "S2:S_multiseason:n_hi_rand_lo:3": 1.51329543143995, "S2:S_multiseason:n_lo_block_hi:1": 1.3040298635990435, "S2:S_multiseason:n_lo_block_hi:8": 0.6178917441253041, "S2:S_multiseason:n_lo_block_lo:3": 0.9897612276717377, "S2:S_multiseason:n_lo_burst:2": 0.6136535636494299, "S2:S_multiseason:n_lo_burst:8": 0.7247500288235748, "S2:S_multiseason:n_lo_full:6": 1.25801886542372, "S2:S_multiseason:n_lo_rand_hi:4": 1.010955470053386, "S2:S_multiseason:n_lo_rand_lo:0": 0.6347215286753084, "S2:S_multiseason:n_lo_rand_lo:7": 0.7658405962578112, "S2:S_regime:n_hi_block_hi:6": 1.5243514580519322, "S2:S_regime:n_hi_block_lo:2": 6.317875912922918, "S2:S_regime:n_hi_block_lo:9": 2.6759567275443157, "S2:S_regime:n_hi_burst:4": 6.007325613733082, "S2:S_regime:n_hi_full:3": 1.9416729528994867, "S2:S_regime:n_hi_rand_hi:1": 1.2457963659204871, "S2:S_regime:n_hi_rand_hi:8": 1.9693333610304224, "S2:S_regime:n_hi_rand_lo:4": 0.9504419036303323, "S2:S_regime:n_lo_block_hi:1": 2.779631034385843, "S2:S_regime:n_lo_block_hi:7": 10.180398057810809, "S2:S_regime:n_lo_block_lo:6": 2.203785065925226, "S2:S_regime:n_lo_burst:3": 1.2342164866314402, "S2:S_regime:n_lo_full:0": 0.9889926020071665, "S2:S_regime:n_lo_full:7": 2.487128102854516, "S2:S_regime:n_lo_rand_hi:4": 1.078743108491573, "S2:S_regime:n_lo_rand_lo:1": 2.28079006873422, "S2:S_regime:n_lo_rand_lo:9": 1.3665070220862225, "S2:S_trend:n_hi_block_hi:5": 6.106663942306162, "S2:S_trend:n_hi_block_lo:3": 6.506166208692282, "S2:S_trend:n_hi_burst:0": 6.02017093625868, "S2:S_trend:n_hi_burst:8": 6.938940070929237, "S2:S_trend:n_hi_full:6": 6.237080731369675, "S2:S_trend:n_hi_rand_hi:2": 6.763002144377563, "S2:S_trend:n_hi_rand_hi:9": 6.41881866495597, "S2:S_trend:n_hi_rand_lo:7": 6.011175961552338, "S2:S_trend:n_lo_block_hi:5": 12.340131034122132, "S2:S_trend:n_lo_block_lo:1": 7.791734826650137, "S2:S_trend:n_lo_block_lo:7": 11.36157556877602, "S2:S_trend:n_lo_burst:5": 5.59533979197321, "S2:S_trend:n_lo_full:1": 6.839071870788839, "S2:S_trend:n_lo_full:9": 8.6173659047539, "S2:S_trend:n_lo_rand_hi:5": 6.125245008313728, "S2:S_trend:n_lo_rand_lo:2": 6.440022192845943, "S2:S_both:n_hi_block_hi:2": 2.041918227501084, "S2:S_both:n_hi_block_lo:0": 2.383081175129683, "S2:S_both:n_hi_block_lo:7": 2.401904794180842, "S2:S_both:n_hi_burst:6": 2.3827364137106, "S2:S_both:n_hi_full:1": 2.3259561902774752, "S2:S_both:n_hi_full:7": 2.397638964099819, "S2:S_both:n_hi_rand_hi:6": 2.348730734153788, "S2:S_both:n_hi_rand_lo:3": 2.4627081228158483, "S2:S_both:n_lo_block_hi:0": 1.9499048539036663, "S2:S_both:n_lo_block_hi:7": 2.1170502960695363, "S2:S_both:n_lo_block_lo:3": 3.274630885816988, "S2:S_both:n_lo_burst:3": 3.3371058913592724, "S2:S_both:n_lo_burst:8": 2.4181655007207215, "S2:S_both:n_lo_full:5": 3.4991093133626605, "S2:S_both:n_lo_rand_hi:2": 2.2675271452128696, "S2:S_both:n_lo_rand_lo:1": 2.036618718394147, "S2:S_both:n_lo_rand_lo:8": 2.3491016033730294, "S2:S_multiseason:n_hi_block_hi:3": 1.587027599527106, "S2:S_multiseason:n_hi_block_lo:2": 1.0647865164803874, "S2:S_multiseason:n_hi_block_lo:9": 0.8399126457998434, "S2:S_multiseason:n_hi_burst:5": 0.746453575054827, "S2:S_multiseason:n_hi_full:3": 1.048483231317843, "S2:S_multiseason:n_hi_rand_hi:0": 1.2103830248619165, "S2:S_multiseason:n_hi_rand_hi:8": 1.2910353358521138, "S2:S_multiseason:n_hi_rand_lo:4": 0.36720234271466934, "S2:S_multiseason:n_lo_block_hi:3": 1.2039122635554622,