{"S2:S_both:n_hi_block_hi:0": 2.0933202154191624, "S2:S_both:n_hi_block_hi:7": 2.0789271780731715, "S2:S_both:n_hi_block_lo:4": 1.9382298701903362, "S2:S_both:n_hi_burst:2": 1.9395788555829998, "S2:S_both:n_hi_burst:9": 4.343560362924299, "S2:S_both:n_hi_full:4": 2.1935951240011917, "S2:S_both:n_hi_rand_hi:2": 2.275479793609921, "S2:S_both:n_hi_rand_lo:1": 1.9888264882327458, "S2:S_both:n_hi_rand_lo:7": 2.0278643499317774, "S2:S_both:n_lo_block_hi:5": 1.9116818117097907, "S2:S_both:n_lo_block_lo:1": 1.7230348309191716, "S2:S_both:n_lo_block_lo:8": 2.5288885464141515, "S2:S_both:n_lo_burst:6": 2.5003156448623307, "S2:S_both:n_lo_full:2": 2.779847704431907, "S2:S_both:n_lo_rand_hi:0": 1.6699912937574557, "S2:S_both:n_lo_rand_hi:5": 2.667964129320416, "S2:S_both:n_lo_rand_lo:6": 3.307274800947432, "S2:S_multiseason:n_hi_block_hi:1": 0.5249456992455194, "S2:S_multiseason:n_hi_block_hi:8": 0.8606328703264907, "S2:S_multiseason:n_hi_block_lo:7": 1.3831591349847845, "S2:S_multiseason:n_hi_burst:3": 0.872587380746162, "S2:S_multiseason:n_hi_full:1": 0.49766161921880253, "S2:S_multiseason:n_hi_full:8": 0.399794242445947, "S2:S_multiseason:n_hi_rand_hi:6": 0.5889551444313184, "S2:S_multiseason:n_hi_rand_lo:2": 0.5321674546485723, "S2:S_multiseason:n_hi_rand_lo:7": 0.5644947438198554, "S2:S_multiseason:n_lo_block_hi:7": 0.337731584442094, "S2:S_multiseason:n_lo_block_lo:2": 1.1835788431317904, "S2:S_multiseason:n_lo_burst:0": 0.4031779379829845, "S2:S_multiseason:n_lo_burst:7": 1.2066734218560582, "S2:S_multiseason:n_lo_full:5": 0.43141930802752443, "S2:S_multiseason:n_lo_rand_hi:3": 0.19662654538458613, "S2:S_multiseason:n_lo_rand_hi:8": 0.6934144253870744, "S2:S_multiseason:n_lo_rand_lo:6": 0.6418942605431706, "S2:S_regime:n_hi_block_hi:3": 7.738715715706229, "S2:S_regime:n_hi_block_lo:0": 3.4199966240921107, "S2:S_regime:n_hi_block_lo:8": 7.616313339435947, "S2:S_regime:n_hi_burst:3": 2.7852971951564336, "S2:S_regime:n_hi_full:1": 2.8000733981355888, "S2:S_regime:n_hi_full:9": 5.141497282157102, "S2:S_regime:n_hi_rand_hi:6": 4.669064611483621, "S2:S_regime:n_hi_rand_lo:3": 1.2236316892470716, "S2:S_regime:n_lo_block_hi:0": 4.315009297966269, "S2:S_regime:n_lo_block_hi:5": 1.5673642194792383, "S2:S_regime:n_lo_block_lo:5": 2.870108474545026, "S2:S_regime:n_lo_burst:2": 2.5329855269251143, "S2:S_regime:n_lo_burst:9": 1.2795846229712626, "S2:S_regime:n_lo_full:5": 1.3609849518568649, "S2:S_regime:n_lo_rand_hi:3": 4.586205574734665, "S2:S_regime:n_lo_rand_lo:0": 4.931641059359694, "S2:S_regime:n_lo_rand_lo:7": 3.627921272995651, "S2:S_trend:n_hi_block_hi:4": 6.99007529092954, "S2:S_trend:n_hi_block_lo:1": 10.338891599570776, "S2:S_trend:n_hi_block_lo:9": 7.094661467689267, "S2:S_trend:n_hi_burst:6": 7.1604499268371375, "S2:S_trend:n_hi_full:2": 6.969700483646123, "S2:S_trend:n_hi_rand_hi:0": 6.856551159974453, "S2:S_trend:n_hi_rand_hi:8": 7.1397844565726, "S2:S_trend:n_hi_rand_lo:6": 7.047166449453258, "S2:S_trend:n_lo_block_hi:3": 13.388571138589086, "S2:S_trend:n_lo_block_hi:9": 17.78733445117037, "S2:S_trend:n_lo_block_lo:6": 7.030392092757578, "S2:S_trend:n_lo_burst:2": 7.334338141854344, "S2:S_trend:n_lo_full:0": 11.5065134031632, "S2:S_trend:n_lo_full:8": 4.712440373386899, "S2:S_trend:n_lo_rand_hi:4": 8.84230673366126, "S2:S_trend:n_lo_rand_lo:1": 4.829895690464361, "S2:S_trend:n_lo_rand_lo:9": 8.747443237988637, "S2:S_both:n_hi_block_hi:1": 2.017455485603097, "S2:S_both:n_hi_block_hi:8": 1.995192724091036, "S2:S_both:n_hi_block_lo:6": 2.1018414271124395, "S2:S_both:n_hi_burst:4": 1.9128010287272905, "S2:S_both:n_hi_full:0": 1.8734076971564941, "S2:S_both:n_hi_full:5": 1.8883835227235881, "S2:S_both:n_hi_rand_hi:4": 2.825744451943148, "S2:S_both:n_hi_rand_lo:2": 1.8435754315196473, "S2:S_both:n_hi_rand_lo:9": 1.2291545983437908, "S2:S_both:n_lo_block_hi:6": 1.6180301140181106, "S2:S_both:n_lo_block_lo:2": 1.2731440293314977, "S2:S_both:n_lo_burst:0": 1.401774971163658, "S2:S_both:n_lo_burst:7": 1.7051429440478556, "S2:S_both:n_lo_full:4": 1.5547223687679452, "S2:S_both:n_lo_rand_hi:1": 4.395823898179575, "S2:S_both:n_lo_rand_hi:9": 2.6063503093707765, "S2:S_both:n_lo_rand_lo:7": 2.3676917015119323, "S2:S_multiseason:n_hi_block_hi:2": 1.1095272370257556, "S2:S_multiseason:n_hi_block_lo:0": 1.3927887409057556, "S2:S_multiseason:n_hi_block_lo:8": 0.5846518585185421, "S2:S_multiseason:n_hi_burst:4": 1.338952536077936, "S2:S_multiseason:n_hi_full:2": 1.0758903220240388, "S2:S_multiseason:n_hi_full:9": 0.3589834900417341, "S2:S_multiseason:n_hi_rand_hi:7": 0.21889158096952305, "S2:S_multiseason:n_hi_rand_lo:3": 1.3419793233378368, "S2:S_multiseason:n_lo_block_hi:1": 1.502230453049877, "S2:S_multiseason:n_lo_block_hi:8": 0.39620013647446045, "S2:S_multiseason:n_lo_block_lo:3": 0.751178553487101, "S2:S_multiseason:n_lo_burst:2": 0.9636847139921977, "S2:S_multiseason:n_lo_burst:8": 0.7368394421471548, "S2:S_multiseason:n_lo_full:6": 2.516155238922932, "S2:S_multiseason:n_lo_rand_hi:4": 0.3755278718043294, "S2:S_multiseason:n_lo_rand_lo:0": 0.6558033093154566, "S2:S_multiseason:n_lo_rand_lo:7": 0.7429578944404948, "S2:S_regime:n_hi_block_hi:6": 2.5287655856982525, "S2:S_regime:n_hi_block_lo:2": 6.364419539247311, "S2:S_regime:n_hi_block_lo:9": 2.776868816946116, "S2:S_regime:n_hi_burst:4": 6.428972002704722, "S2:S_regime:n_hi_full:3": 1.6538929866433458, "S2:S_regime:n_hi_rand_hi:1": 1.8620126969081774, "S2:S_regime:n_hi_rand_hi:8": 1.9894853285812366, "S2:S_regime:n_hi_rand_lo:4": 0.9993799312077979, "S2:S_regime:n_lo_block_hi:1": 3.492942991347402, "S2:S_regime:n_lo_block_hi:7": 12.842585715536707, "S2:S_regime:n_lo_block_lo:6": 1.8261290253626028, "S2:S_regime:n_lo_burst:3": 2.000861053931811, "S2:S_regime:n_lo_full:0": 1.1894394627809302, "S2:S_regime:n_lo_full:7": 4.02750808981324, "S2:S_regime:n_lo_rand_hi:4": 1.9782241176650601, "S2:S_regime:n_lo_rand_lo:1": 3.250697996134497, "S2:S_regime:n_lo_rand_lo:9": 1.371179844209509, "S2:S_trend:n_hi_block_hi:5": 7.152164168013435, "S2:S_trend:n_hi_block_lo:3": 7.456266519787405, "S2:S_trend:n_hi_burst:0": 7.364235598667342, "S2:S_trend:n_hi_burst:8": 7.394165645523238, "S2:S_trend:n_hi_full:6": 6.940865461600644, "S2:S_trend:n_hi_rand_hi:2": 6.694498171979454, "S2:S_trend:n_hi_rand_hi:9": 11.77574941985257, "S2:S_trend:n_hi_rand_lo:7": 7.134750710661974, "S2:S_trend:n_lo_block_hi:5": 6.742152027709957, "S2:S_trend:n_lo_block_lo:1": 11.72387649855566, "S2:S_trend:n_lo_block_lo:7": 8.15417796781498, "S2:S_trend:n_lo_burst:5": 4.833105827899127, "S2:S_trend:n_lo_full:1": 6.285515580155889, "S2:S_trend:n_lo_full:9": 6.778163124958315, "S2:S_trend:n_lo_rand_hi:5": 5.810406339840174, "S2:S_trend:n_lo_rand_lo:2": 5.273425610260127, "S2:S_both:n_hi_block_hi:2": 2.034953787983401, "S2:S_both:n_hi_block_lo:0": 2.1407234179708627, "S2:S_both:n_hi_block_lo:7": 2.121314383820815, "S2:S_both:n_hi_burst:6": 1.4442950117194635, "S2:S_both:n_hi_full:1": 1.993609600096389, "S2:S_both:n_hi_full:7": 2.0849883961803206, "S2:S_both:n_hi_rand_hi:6": 2.040886676929176, "S2:S_both:n_hi_rand_lo:3": 2.2152723371614127, "S2:S_both:n_lo_block_hi:0": 4.100271612938425, "S2:S_both:n_lo_block_hi:7": 1.5870245360684165, "S2:S_both:n_lo_block_lo:3": 3.1132300751208737, "S2:S_both:n_lo_burst:3": 2.8100388894254036, "S2:S_both:n_lo_burst:8": 2.875428525581455, "S2:S_both:n_lo_full:5": 3.204196943796644, "S2:S_both:n_lo_rand_hi:2": 2.221439359765955, "S2:S_both:n_lo_rand_lo:1": 2.0050616012349436, "S2:S_both:n_lo_rand_lo:8": 3.467353915991314, "S2:S_multiseason:n_hi_block_hi:3": 1.8287871633826054, "S2:S_multiseason:n_hi_block_lo:2": 0.9444942374245064, "S2:S_multiseason:n_hi_block_lo:9": 0.8177525343505824, "S2:S_multiseason:n_hi_burst:5": 0.6964641248484956, "S2:S_multiseason:n_hi_full:3": 0.9321094850019338, "S2:S_multiseason:n_hi_rand_hi:0": 0.8057044700280342, "S2:S_multiseason:n_hi_rand_hi:8": 0.8153092319535411, "S2:S_multiseason:n_hi_rand_lo:4": 0.23850635272776224, "S2:S_multiseason:n_lo_block_hi:3": 0.32669953982283556,