{"S2:S_both:n_hi_block_hi:0": 2.2469085852617363, "S2:S_both:n_hi_block_hi:7": 2.448061736535708, "S2:S_both:n_hi_block_lo:4": 2.394223825899492, "S2:S_both:n_hi_burst:2": 2.0854634293830214, "S2:S_both:n_hi_burst:9": 2.117121953563721, "S2:S_both:n_hi_full:4": 2.2165426996339725, "S2:S_both:n_hi_rand_hi:2": 2.420866848041882, "S2:S_both:n_hi_rand_lo:1": 2.261365231398324, "S2:S_both:n_hi_rand_lo:7": 2.3318824115024896, "S2:S_both:n_lo_block_hi:5": 1.7419500632939646, "S2:S_both:n_lo_block_lo:1": 2.2893020815798253, "S2:S_both:n_lo_block_lo:8": 2.7770876585358595, "S2:S_both:n_lo_burst:6": 2.361919366144504, "S2:S_both:n_lo_full:2": 2.649611289493773, "S2:S_both:n_lo_rand_hi:0": 2.206825152422582, "S2:S_both:n_lo_rand_hi:5": 2.076666253326268, "S2:S_both:n_lo_rand_lo:6": 2.741286427830335, "S2:S_multiseason:n_hi_block_hi:1": 0.627481165194082, "S2:S_multiseason:n_hi_block_hi:8": 1.266898771348851, "S2:S_multiseason:n_hi_block_lo:7": 1.8597836397666045, "S2:S_multiseason:n_hi_burst:3": 1.4734144320204743, "S2:S_multiseason:n_hi_full:1": 0.8861831803025342, "S2:S_multiseason:n_hi_full:8": 0.9413396768650865, "S2:S_multiseason:n_hi_rand_hi:6": 1.3242312695106704, "S2:S_multiseason:n_hi_rand_lo:2": 0.919921730354674, "S2:S_multiseason:n_hi_rand_lo:7": 0.8593680195019461, "S2:S_multiseason:n_lo_block_hi:7": 0.5012726055750333, "S2:S_multiseason:n_lo_block_lo:2": 1.2427245639931392, "S2:S_multiseason:n_lo_burst:0": 1.3200722462919445, "S2:S_multiseason:n_lo_burst:7": 1.595495370334258, "S2:S_multiseason:n_lo_full:5": 0.9614460853879306, "S2:S_multiseason:n_lo_rand_hi:3": 0.9816353371605798, "S2:S_multiseason:n_lo_rand_hi:8": 2.4745766705511194, "S2:S_multiseason:n_lo_rand_lo:6": 0.70318845068121, "S2:S_regime:n_hi_block_hi:3": 8.056543108802073, "S2:S_regime:n_hi_block_lo:0": 3.1451889966055475, "S2:S_regime:n_hi_block_lo:8": 5.743461350827631, "S2:S_regime:n_hi_burst:3": 4.261439796080477, "S2:S_regime:n_hi_full:1": 3.049361743047112, "S2:S_regime:n_hi_full:9": 3.7929138797192836, "S2:S_regime:n_hi_rand_hi:6": 4.662241488660598, "S2:S_regime:n_hi_rand_lo:3": 1.407551052038446, "S2:S_regime:n_lo_block_hi:0": 4.932079645686722, "S2:S_regime:n_lo_block_hi:5": 1.1152466453478005, "S2:S_regime:n_lo_block_lo:5": 1.693134952303714, "S2:S_regime:n_lo_burst:2": 2.799352044907064, "S2:S_regime:n_lo_burst:9": 0.9155732264953792, "S2:S_regime:n_lo_full:5": 1.1772738601138015, "S2:S_regime:n_lo_rand_hi:3": 4.292156748416362, "S2:S_regime:n_lo_rand_lo:0": 5.303367327801299, "S2:S_regime:n_lo_rand_lo:7": 5.147449818055934, "S2:S_trend:n_hi_block_hi:4": 6.835909544092029, "S2:S_trend:n_hi_block_lo:1": 7.053380537752133, "S2:S_trend:n_hi_block_lo:9": 6.851659889040666, "S2:S_trend:n_hi_burst:6": 6.485263167433376, "S2:S_trend:n_hi_full:2": 7.119282369346591, "S2:S_trend:n_hi_rand_hi:0": 6.977291716822219, "S2:S_trend:n_hi_rand_hi:8": 7.272800622866145, "S2:S_trend:n_hi_rand_lo:6": 6.639777109247394, "S2:S_trend:n_lo_block_hi:3": 10.463126128177661, "S2:S_trend:n_lo_block_hi:9": 8.429961605812617, "S2:S_trend:n_lo_block_lo:6": 9.286878960077718, "S2:S_trend:n_lo_burst:2": 8.534890771837048, "S2:S_trend:n_lo_full:0": 7.646066539564379, "S2:S_trend:n_lo_full:8": 7.548312023828776, "S2:S_trend:n_lo_rand_hi:4": 8.167258786410342, "S2:S_trend:n_lo_rand_lo:1": 8.444195301534476, "S2:S_trend:n_lo_rand_lo:9": 9.1542099461551, "S2:S_both:n_hi_block_hi:1": 2.4543590787532303, "S2:S_both:n_hi_block_hi:8": 2.2262282556459745, "S2:S_both:n_hi_block_lo:6": 2.4376732146121975, "S2:S_both:n_hi_burst:4": 2.2805810975331178, "S2:S_both:n_hi_full:0": 2.319698936923151, "S2:S_both:n_hi_full:5": 2.113676885406097, "S2:S_both:n_hi_rand_hi:4": 2.4260682059784813, "S2:S_both:n_hi_rand_lo:2": 2.2322994112953864, "S2:S_both:n_hi_rand_lo:9": 2.196974485685317, "S2:S_both:n_lo_block_hi:6": 2.942318134245268, "S2:S_both:n_lo_block_lo:2": 2.172883830648863, "S2:S_both:n_lo_burst:0": 2.493418739155136, "S2:S_both:n_lo_burst:7": 1.7176599177487997, "S2:S_both:n_lo_full:4": 2.1969347953735037, "S2:S_both:n_lo_rand_hi:1": 1.3865582845093825, "S2:S_both:n_lo_rand_hi:9": 2.5538343968102186, "S2:S_both:n_lo_rand_lo:7": 2.6906046154739864, "S2:S_multiseason:n_hi_block_hi:2": 1.070292810497967, "S2:S_multiseason:n_hi_block_lo:0": 1.866636336857973, "S2:S_multiseason:n_hi_block_lo:8": 0.7319543640849354, "S2:S_multiseason:n_hi_burst:4": 2.008862328251152, "S2:S_multiseason:n_hi_full:2": 1.3151442390907522, "S2:S_multiseason:n_hi_full:9": 1.1128746081701222, "S2:S_multiseason:n_hi_rand_hi:7": 0.5378645324645699, "S2:S_multiseason:n_hi_rand_lo:3": 1.8658467872317837, "S2:S_multiseason:n_lo_block_hi:1": 1.3043921794692275, "S2:S_multiseason:n_lo_block_hi:8": 0.7858483226564492, "S2:S_multiseason:n_lo_block_lo:3": 1.6695367449126872, "S2:S_multiseason:n_lo_burst:2": 0.6890445511745212, "S2:S_multiseason:n_lo_burst:8": 0.8345262637096847, "S2:S_multiseason:n_lo_full:6": 0.7887746871108681, "S2:S_multiseason:n_lo_rand_hi:4": 1.0963396659189002, "S2:S_multiseason:n_lo_rand_lo:0": 0.5496791457984851, "S2:S_multiseason:n_lo_rand_lo:7": 0.8522472185529298, "S2:S_regime:n_hi_block_hi:6": 1.5398773052165013, "S2:S_regime:n_hi_block_lo:2": 6.144899621950885, "S2:S_regime:n_hi_block_lo:9": 3.1049155183322323, "S2:S_regime:n_hi_burst:4": 6.309563288138103, "S2:S_regime:n_hi_full:3": 2.1838484696669123, "S2:S_regime:n_hi_rand_hi:1": 1.2962769535571352, "S2:S_regime:n_hi_rand_hi:8": 1.8297283633955042, "S2:S_regime:n_hi_rand_lo:4": 1.0252581448104785, "S2:S_regime:n_lo_block_hi:1": 2.167452919756864, "S2:S_regime:n_lo_block_hi:7": 7.630741646441565, "S2:S_regime:n_lo_block_lo:6": 2.15604478502952, "S2:S_regime:n_lo_burst:3": 1.2614316202011808, "S2:S_regime:n_lo_full:0": 0.9575962051252043, "S2:S_regime:n_lo_full:7": 3.078249345862034, "S2:S_regime:n_lo_rand_hi:4": 1.5581924192938523, "S2:S_regime:n_lo_rand_lo:1": 2.1065274549506814, "S2:S_regime:n_lo_rand_lo:9": 1.3383488392770146, "S2:S_trend:n_hi_block_hi:5": 7.037419804886284, "S2:S_trend:n_hi_block_lo:3": 6.912801093855204, "S2:S_trend:n_hi_burst:0": 7.014645015260718, "S2:S_trend:n_hi_burst:8": 7.370951851150646, "S2:S_trend:n_hi_full:6": 6.778172209122144, "S2:S_trend:n_hi_rand_hi:2": 6.969194428130929, "S2:S_trend:n_hi_rand_hi:9": 6.767780711175855, "S2:S_trend:n_hi_rand_lo:7": 6.95364078896903, "S2:S_trend:n_lo_block_hi:5": 9.391139073630827, "S2:S_trend:n_lo_block_lo:1": 7.427878568117349, "S2:S_trend:n_lo_block_lo:7": 10.037120428003165, "S2:S_trend:n_lo_burst:5": 8.198493725506243, "S2:S_trend:n_lo_full:1": 7.839504475291725, "S2:S_trend:n_lo_full:9": 11.042410845461811, "S2:S_trend:n_lo_rand_hi:5": 8.173521144252147, "S2:S_trend:n_lo_rand_lo:2": 6.89640914425696, "S2:S_both:n_hi_block_hi:2": 2.1062606796764474, "S2:S_both:n_hi_block_lo:0": 2.2537421889592104, "S2:S_both:n_hi_block_lo:7": 2.4019560848914234, "S2:S_both:n_hi_burst:6": 2.3522569492891883, "S2:S_both:n_hi_full:1": 2.4407823786202227, "S2:S_both:n_hi_full:7": 2.444084796952781, "S2:S_both:n_hi_rand_hi:6": 2.3683469172398826, "S2:S_both:n_hi_rand_lo:3": 2.5208198200114857, "S2:S_both:n_lo_block_hi:0": 2.0473435297534737, "S2:S_both:n_lo_block_hi:7": 2.955663616074907, "S2:S_both:n_lo_block_lo:3": 2.1346383884244418, "S2:S_both:n_lo_burst:3": 3.206559590158061, "S2:S_both:n_lo_burst:8": 3.017482660537705, "S2:S_both:n_lo_full:5": 3.0055002243250017, "S2:S_both:n_lo_rand_hi:2": 2.219898707513512, "S2:S_both:n_lo_rand_lo:1": 2.0897097012690575, "S2:S_both:n_lo_rand_lo:8": 2.0093706087978593, "S2:S_multiseason:n_hi_block_hi:3": 1.5808972850294811, "S2:S_multiseason:n_hi_block_lo:2": 1.246227850281495, "S2:S_multiseason:n_hi_block_lo:9": 1.0957751940088452, "S2:S_multiseason:n_hi_burst:5": 0.9230027806943379, "S2:S_multiseason:n_hi_full:3": 1.3182443715201217, "S2:S_multiseason:n_hi_rand_hi:0": 1.3828818514415928, "S2:S_multiseason:n_hi_rand_hi:8": 1.3943773839763471, "S2:S_multiseason:n_hi_rand_lo:4": 0.6206813442577539, "S2:S_multiseason:n_lo_block_hi:3": 1.5478551137905137,