{"S2:S_both:n_hi_block_hi:0": 2.14853497893418, "S2:S_both:n_hi_block_hi:7": 1.7394221701731296, "S2:S_both:n_hi_block_lo:4": 1.8344917995739825, "S2:S_both:n_hi_burst:2": 1.7628560096887564, "S2:S_both:n_hi_burst:9": 1.9203104969598086, "S2:S_both:n_hi_full:4": 1.7135859942575549, "S2:S_both:n_hi_rand_hi:2": 1.752164821732223, "S2:S_both:n_hi_rand_lo:1": 1.7021610019267335, "S2:S_both:n_hi_rand_lo:7": 1.8033530097428971, "S2:S_both:n_lo_block_hi:5": 1.862843845751497, "S2:S_both:n_lo_block_lo:1": 1.8041715789545543, "S2:S_both:n_lo_block_lo:8": 1.6743755313114081, "S2:S_both:n_lo_burst:6": 1.7999007406497933, "S2:S_both:n_lo_full:2": 1.8604426232271438, "S2:S_both:n_lo_rand_hi:0": 1.6854047904543368, "S2:S_both:n_lo_rand_hi:5": 1.8140090641718096, "S2:S_both:n_lo_rand_lo:6": 2.1316252917630747, "S2:S_multiseason:n_hi_block_hi:1": 1.064084720062576, "S2:S_multiseason:n_hi_block_hi:8": 1.439706704086526, "S2:S_multiseason:n_hi_block_lo:7": 1.6232895911235259, "S2:S_multiseason:n_hi_burst:3": 1.4489212670018923, "S2:S_multiseason:n_hi_full:1": 1.030302554318256, "S2:S_multiseason:n_hi_full:8": 1.100180854918531, "S2:S_multiseason:n_hi_rand_hi:6": 1.3435352921377808, "S2:S_multiseason:n_hi_rand_lo:2": 1.0675676453229246, "S2:S_multiseason:n_hi_rand_lo:7": 1.0378618123240357, "S2:S_multiseason:n_lo_block_hi:7": 1.0980390784267502, "S2:S_multiseason:n_lo_block_lo:2": 1.3925144144676778, "S2:S_multiseason:n_lo_burst:0": 1.3109869908818117, "S2:S_multiseason:n_lo_burst:7": 1.5448921365383885, "S2:S_multiseason:n_lo_full:5": 1.1042813304290284, "S2:S_multiseason:n_lo_rand_hi:3": 1.1534709433607702, "S2:S_multiseason:n_lo_rand_hi:8": 1.2978365916825525, "S2:S_multiseason:n_lo_rand_lo:6": 1.2262385909923068, "S2:S_regime:n_hi_block_hi:3": 8.108073246677515, "S2:S_regime:n_hi_block_lo:0": 3.2211151434397265, "S2:S_regime:n_hi_block_lo:8": 5.254167486983623, "S2:S_regime:n_hi_burst:3": 5.036684302205668, "S2:S_regime:n_hi_full:1": 3.1020593857796177, "S2:S_regime:n_hi_full:9": 5.393313254040719, "S2:S_regime:n_hi_rand_hi:6": 4.957985137714834, "S2:S_regime:n_hi_rand_lo:3": 1.0162867400190052, "S2:S_regime:n_lo_block_hi:0": 4.9348995884426845, "S2:S_regime:n_lo_block_hi:5": 0.7253385768577001, "S2:S_regime:n_lo_block_lo:5": 1.9190265687766113, "S2:S_regime:n_lo_burst:2": 1.887141180905844, "S2:S_regime:n_lo_burst:9": 1.1158409414956612, "S2:S_regime:n_lo_full:5": 1.0892943644434465, "S2:S_regime:n_lo_rand_hi:3": 5.759453517431968, "S2:S_regime:n_lo_rand_lo:0": 3.435403291498057, "S2:S_regime:n_lo_rand_lo:7": 5.003527523205888, "S2:S_trend:n_hi_block_hi:4": 7.652614905000915, "S2:S_trend:n_hi_block_lo:1": 7.5665354962108955, "S2:S_trend:n_hi_block_lo:9": 7.562635025356024, "S2:S_trend:n_hi_burst:6": 7.6390007563545606, "S2:S_trend:n_hi_full:2": 7.588617593884486, "S2:S_trend:n_hi_rand_hi:0": 7.427504800707189, "S2:S_trend:n_hi_rand_hi:8": 7.5791903650150605, "S2:S_trend:n_hi_rand_lo:6": 7.6479427503485, "S2:S_trend:n_lo_block_hi:3": 9.452485039207868, "S2:S_trend:n_lo_block_hi:9": 8.941031263504488, "S2:S_trend:n_lo_block_lo:6": 9.144663584414936, "S2:S_trend:n_lo_burst:2": 8.991985579976753, "S2:S_trend:n_lo_full:0": 8.334550402712718, "S2:S_trend:n_lo_full:8": 8.032599607704352, "S2:S_trend:n_lo_rand_hi:4": 7.36236134207923, "S2:S_trend:n_lo_rand_lo:1": 8.275106240085307, "S2:S_trend:n_lo_rand_lo:9": 6.9647044313563375, "S2:S_both:n_hi_block_hi:1": 1.7982529589938743, "S2:S_both:n_hi_block_hi:8": 1.7362161184279823, "S2:S_both:n_hi_block_lo:6": 1.7500224223908794, "S2:S_both:n_hi_burst:4": 1.7548080049864985, "S2:S_both:n_hi_full:0": 1.740972719381156, "S2:S_both:n_hi_full:5": 1.7283157552330242, "S2:S_both:n_hi_rand_hi:4": 1.7257808726414356, "S2:S_both:n_hi_rand_lo:2": 1.7536408703063513, "S2:S_both:n_hi_rand_lo:9": 1.6868053044559388, "S2:S_both:n_lo_block_hi:6": 2.4819329344951626, "S2:S_both:n_lo_block_lo:2": 1.8851301452066858, "S2:S_both:n_lo_burst:0": 1.729911764165996, "S2:S_both:n_lo_burst:7": 1.7647660685947384, "S2:S_both:n_lo_full:4": 1.881418809933737, "S2:S_both:n_lo_rand_hi:1": 1.4357358951265262, "S2:S_both:n_lo_rand_hi:9": 1.5987211642977235, "S2:S_both:n_lo_rand_lo:7": 1.6300948525809116, "S2:S_multiseason:n_hi_block_hi:2": 1.021044507233066, "S2:S_multiseason:n_hi_block_lo:0": 1.721814370704275, "S2:S_multiseason:n_hi_block_lo:8": 0.9668415486196903, "S2:S_multiseason:n_hi_burst:4": 1.9255422078995141, "S2:S_multiseason:n_hi_full:2": 1.5745633543791382, "S2:S_multiseason:n_hi_full:9": 0.9874220775970208, "S2:S_multiseason:n_hi_rand_hi:7": 1.0612491960057175, "S2:S_multiseason:n_hi_rand_lo:3": 1.7803752099258576, "S2:S_multiseason:n_lo_block_hi:1": 1.2801113600141893, "S2:S_multiseason:n_lo_block_hi:8": 1.0396868293537005, "S2:S_multiseason:n_lo_block_lo:3": 1.2162547760762603, "S2:S_multiseason:n_lo_burst:2": 0.9449260996766307, "S2:S_multiseason:n_lo_burst:8": 1.1272792029133272, "S2:S_multiseason:n_lo_full:6": 1.4591530320932353, "S2:S_multiseason:n_lo_rand_hi:4": 1.1930298140391975, "S2:S_multiseason:n_lo_rand_lo:0": 1.042922905895602, "S2:S_multiseason:n_lo_rand_lo:7": 1.3487256227585471, "S2:S_regime:n_hi_block_hi:6": 1.174473504705738, "S2:S_regime:n_hi_block_lo:2": 5.139159395291576, "S2:S_regime:n_hi_block_lo:9": 3.616530530127443, "S2:S_regime:n_hi_burst:4": 6.303919788052689, "S2:S_regime:n_hi_full:3": 2.7674452396216287, "S2:S_regime:n_hi_rand_hi:1": 1.3450342392142813, "S2:S_regime:n_hi_rand_hi:8": 1.4518820896186981, "S2:S_regime:n_hi_rand_lo:4": 1.439053153774337, "S2:S_regime:n_lo_block_hi:1": 1.1090683715754113, "S2:S_regime:n_lo_block_hi:7": 6.026356249281844, "S2:S_regime:n_lo_block_lo:6": 2.5470767665533245, "S2:S_regime:n_lo_burst:3": 1.4526135076926014, "S2:S_regime:n_lo_full:0": 1.3021405333624492, "S2:S_regime:n_lo_full:7": 2.5078344214894877, "S2:S_regime:n_lo_rand_hi:4": 1.3476725644618917, "S2:S_regime:n_lo_rand_lo:1": 2.6638889884652497, "S2:S_regime:n_lo_rand_lo:9": 1.1725595356756322, "S2:S_trend:n_hi_block_hi:5": 7.386270871250731, "S2:S_trend:n_hi_block_lo:3": 7.365318124057516, "S2:S_trend:n_hi_burst:0": 7.4860409928072205, "S2:S_trend:n_hi_burst:8": 7.284867542389984, "S2:S_trend:n_hi_full:6": 7.370852011480659, "S2:S_trend:n_hi_rand_hi:2": 7.432088222133778, "S2:S_trend:n_hi_rand_hi:9": 7.4060605945898965, "S2:S_trend:n_hi_rand_lo:7": 7.351821140025481, "S2:S_trend:n_lo_block_hi:5": 6.798639896375234, "S2:S_trend:n_lo_block_lo:1": 10.821441632828112, "S2:S_trend:n_lo_block_lo:7": 8.91100499040946, "S2:S_trend:n_lo_burst:5": 8.330974288026077, "S2:S_trend:n_lo_full:1": 7.629975621864455, "S2:S_trend:n_lo_full:9": 7.873702205909015, "S2:S_trend:n_lo_rand_hi:5": 6.713157331742658, "S2:S_trend:n_lo_rand_lo:2": 7.296086722249966, "S2:S_both:n_hi_block_hi:2": 1.7153741155891482, "S2:S_both:n_hi_block_lo:0": 1.8051682838974699, "S2:S_both:n_hi_block_lo:7": 1.7679452764987806, "S2:S_both:n_hi_burst:6": 1.816623344134205, "S2:S_both:n_hi_full:1": 1.7450324065825364, "S2:S_both:n_hi_full:7": 1.7499179051225175, "S2:S_both:n_hi_rand_hi:6": 1.7062730167891709, "S2:S_both:n_hi_rand_lo:3": 1.8309724858512688, "S2:S_both:n_lo_block_hi:0": 2.0415241545337874, "S2:S_both:n_lo_block_hi:7": 1.898453324924452, "S2:S_both:n_lo_block_lo:3": 2.384689877694349, "S2:S_both:n_lo_burst:3": 2.0090369687579273, "S2:S_both:n_lo_burst:8": 2.1430953468457967, "S2:S_both:n_lo_full:5": 1.9752782358009497, "S2:S_both:n_lo_rand_hi:2": 1.997353724459173, "S2:S_both:n_lo_rand_lo:1": 1.4417716377721859, "S2:S_both:n_lo_rand_lo:8": 2.067348960318846, "S2:S_multiseason:n_hi_block_hi:3": 1.4896425275396317, "S2:S_multiseason:n_hi_block_lo:2": 1.4288743957964611, "S2:S_multiseason:n_hi_block_lo:9": 0.8419098990625664, "S2:S_multiseason:n_hi_burst:5": 1.0164136922091687, "S2:S_multiseason:n_hi_full:3": 1.399085938855643, "S2:S_multiseason:n_hi_rand_hi:0": 1.3510304290218642, "S2:S_multiseason:n_hi_rand_hi:8": 1.3929405382151008, "S2:S_multiseason:n_hi_rand_lo:4": 1.170844521894404, "S2:S_multiseason:n_lo_block_hi:3": 1.7592506877337475,