{"S2:S_both:n_hi_block_hi:0": 1.9018377512046611, "S2:S_both:n_hi_block_hi:7": 1.8592935168550078, "S2:S_both:n_hi_block_lo:4": 1.7660838320446168, "S2:S_both:n_hi_burst:2": 1.9312538018944077, "S2:S_both:n_hi_burst:9": 2.120546782798949, "S2:S_both:n_hi_full:4": 1.8627405880610841, "S2:S_both:n_hi_rand_hi:2": 1.8745920079927467, "S2:S_both:n_hi_rand_lo:1": 1.8765438470345936, "S2:S_both:n_hi_rand_lo:7": 1.867672010649994, "S2:S_both:n_lo_block_hi:5": 1.9096388390639878, "S2:S_both:n_lo_block_lo:1": 1.915243001482741, "S2:S_both:n_lo_block_lo:8": 1.9148232488411812, "S2:S_both:n_lo_burst:6": 1.756692791730909, "S2:S_both:n_lo_full:2": 1.8289282747865285, "S2:S_both:n_lo_rand_hi:0": 1.8688154586433399, "S2:S_both:n_lo_rand_hi:5": 1.8272778876358324, "S2:S_both:n_lo_rand_lo:6": 2.020258200168237, "S2:S_multiseason:n_hi_block_hi:1": 1.085791737939206, "S2:S_multiseason:n_hi_block_hi:8": 1.2153706541771725, "S2:S_multiseason:n_hi_block_lo:7": 1.2627071653001531, "S2:S_multiseason:n_hi_burst:3": 1.299795708293725, "S2:S_multiseason:n_hi_full:1": 0.9815357984758856, "S2:S_multiseason:n_hi_full:8": 1.0264791849634165, "S2:S_multiseason:n_hi_rand_hi:6": 1.1949380898751694, "S2:S_multiseason:n_hi_rand_lo:2": 0.9906297199137256, "S2:S_multiseason:n_hi_rand_lo:7": 0.9342595396547031, "S2:S_multiseason:n_lo_block_hi:7": 1.1963298117965355, "S2:S_multiseason:n_lo_block_lo:2": 1.3689984552711438, "S2:S_multiseason:n_lo_burst:0": 1.2155614036250086, "S2:S_multiseason:n_lo_burst:7": 1.491646302917558, "S2:S_multiseason:n_lo_full:5": 1.0688138387006694, "S2:S_multiseason:n_lo_rand_hi:3": 1.1658785974068147, "S2:S_multiseason:n_lo_rand_hi:8": 1.1745649523312458, "S2:S_multiseason:n_lo_rand_lo:6": 0.9897873588374227, "S2:S_regime:n_hi_block_hi:3": 7.933594083850105, "S2:S_regime:n_hi_block_lo:0": 3.997414082148398, "S2:S_regime:n_hi_block_lo:8": 8.155512520849411, "S2:S_regime:n_hi_burst:3": 5.142413497350567, "S2:S_regime:n_hi_full:1": 3.5060511428024324, "S2:S_regime:n_hi_full:9": 3.545058612281827, "S2:S_regime:n_hi_rand_hi:6": 4.951085773436147, "S2:S_regime:n_hi_rand_lo:3": 1.1987926180120008, "S2:S_regime:n_lo_block_hi:0": 4.962643179633579, "S2:S_regime:n_lo_block_hi:5": 1.3988183999731325, "S2:S_regime:n_lo_block_lo:5": 1.7952668664006868, "S2:S_regime:n_lo_burst:2": 2.933813283709762, "S2:S_regime:n_lo_burst:9": 1.0009434877346366, "S2:S_regime:n_lo_full:5": 1.030170566721215, "S2:S_regime:n_lo_rand_hi:3": 6.170896266055244, "S2:S_regime:n_lo_rand_lo:0": 2.511153211907083, "S2:S_regime:n_lo_rand_lo:7": 4.318947869535626, "S2:S_trend:n_hi_block_hi:4": 7.563926122369946, "S2:S_trend:n_hi_block_lo:1": 9.659929331862086, "S2:S_trend:n_hi_block_lo:9": 7.422588724991044, "S2:S_trend:n_hi_burst:6": 7.734643747421077, "S2:S_trend:n_hi_full:2": 7.40681783984741, "S2:S_trend:n_hi_rand_hi:0": 7.4900407011159205, "S2:S_trend:n_hi_rand_hi:8": 6.966962321288251, "S2:S_trend:n_hi_rand_lo:6": 7.557164621470554, "S2:S_trend:n_lo_block_hi:3": 7.166885777894963, "S2:S_trend:n_lo_block_hi:9": 12.445445510438875, "S2:S_trend:n_lo_block_lo:6": 8.080973233891736, "S2:S_trend:n_lo_burst:2": 7.791716223348565, "S2:S_trend:n_lo_full:0": 7.200156936664537, "S2:S_trend:n_lo_full:8": 7.94158819844173, "S2:S_trend:n_lo_rand_hi:4": 9.617357782708059, "S2:S_trend:n_lo_rand_lo:1": 7.991349203905452, "S2:S_trend:n_lo_rand_lo:9": 7.45415228883215, "S2:S_both:n_hi_block_hi:1": 1.7195164909076244, "S2:S_both:n_hi_block_hi:8": 1.8144432574828782, "S2:S_both:n_hi_block_lo:6": 1.8012505093454438, "S2:S_both:n_hi_burst:4": 1.8256024434705787, "S2:S_both:n_hi_full:0": 1.823696146470012, "S2:S_both:n_hi_full:5": 1.7535652628883058, "S2:S_both:n_hi_rand_hi:4": 2.288246294503738, "S2:S_both:n_hi_rand_lo:2": 1.8583330763747312, "S2:S_both:n_hi_rand_lo:9": 1.992653553471061, "S2:S_both:n_lo_block_hi:6": 1.6830263915713382, "S2:S_both:n_lo_block_lo:2": 1.8615114094262826, "S2:S_both:n_lo_burst:0": 1.8934450604557889, "S2:S_both:n_lo_burst:7": 1.849505583950949, "S2:S_both:n_lo_full:4": 1.7590198313040122, "S2:S_both:n_lo_rand_hi:1": 2.0472555299331727, "S2:S_both:n_lo_rand_hi:9": 1.5861924855549534, "S2:S_both:n_lo_rand_lo:7": 1.8672570840190654, "S2:S_multiseason:n_hi_block_hi:2": 0.9444646227544179, "S2:S_multiseason:n_hi_block_lo:0": 1.6789980188695532, "S2:S_multiseason:n_hi_block_lo:8": 0.9842430256607106, "S2:S_multiseason:n_hi_burst:4": 1.2482413083330963, "S2:S_multiseason:n_hi_full:2": 1.3829653061438607, "S2:S_multiseason:n_hi_full:9": 1.0149008406401143, "S2:S_multiseason:n_hi_rand_hi:7": 1.176332317521423, "S2:S_multiseason:n_hi_rand_lo:3": 1.564782047497677, "S2:S_multiseason:n_lo_block_hi:1": 1.262687500096687, "S2:S_multiseason:n_lo_block_hi:8": 1.031617353095945, "S2:S_multiseason:n_lo_block_lo:3": 1.2417981862431913, "S2:S_multiseason:n_lo_burst:2": 1.2754920230444096, "S2:S_multiseason:n_lo_burst:8": 1.2790859833894686, "S2:S_multiseason:n_lo_full:6": 1.528720336341588, "S2:S_multiseason:n_lo_rand_hi:4": 1.2150130642547987, "S2:S_multiseason:n_lo_rand_lo:0": 1.4287182579176456, "S2:S_multiseason:n_lo_rand_lo:7": 1.1688167652891248, "S2:S_regime:n_hi_block_hi:6": 1.364263426966484, "S2:S_regime:n_hi_block_lo:2": 4.502150290078421, "S2:S_regime:n_hi_block_lo:9": 1.8084237832910435, "S2:S_regime:n_hi_burst:4": 6.114593160995212, "S2:S_regime:n_hi_full:3": 2.971827427684503, "S2:S_regime:n_hi_rand_hi:1": 1.5581544161555125, "S2:S_regime:n_hi_rand_hi:8": 1.6307948695708974, "S2:S_regime:n_hi_rand_lo:4": 1.9292995545501073, "S2:S_regime:n_lo_block_hi:1": 1.86753567601404, "S2:S_regime:n_lo_block_hi:7": 12.365695402970688, "S2:S_regime:n_lo_block_lo:6": 2.335182118025911, "S2:S_regime:n_lo_burst:3": 1.4687396023785941, "S2:S_regime:n_lo_full:0": 1.6120219678901389, "S2:S_regime:n_lo_full:7": 1.694135266498198, "S2:S_regime:n_lo_rand_hi:4": 1.299479038365732, "S2:S_regime:n_lo_rand_lo:1": 3.8314763391941917, "S2:S_regime:n_lo_rand_lo:9": 1.132987608976579, "S2:S_trend:n_hi_block_hi:5": 7.114820789941475, "S2:S_trend:n_hi_block_lo:3": 7.121180209146896, "S2:S_trend:n_hi_burst:0": 7.6994875334874475, "S2:S_trend:n_hi_burst:8": 7.238769634471669, "S2:S_trend:n_hi_full:6": 7.207428708636316, "S2:S_trend:n_hi_rand_hi:2": 6.588389779438248, "S2:S_trend:n_hi_rand_hi:9": 10.187753363020901, "S2:S_trend:n_hi_rand_lo:7": 6.726513445088852, "S2:S_trend:n_lo_block_hi:5": 7.491567298270251, "S2:S_trend:n_lo_block_lo:1": 8.227721857560939, "S2:S_trend:n_lo_block_lo:7": 6.949395021476555, "S2:S_trend:n_lo_burst:5": 7.116133861093253, "S2:S_trend:n_lo_full:1": 6.884464865756837, "S2:S_trend:n_lo_full:9": 7.300799762813109, "S2:S_trend:n_lo_rand_hi:5": 7.055539995156381, "S2:S_trend:n_lo_rand_lo:2": 7.486486927586982, "S2:S_both:n_hi_block_hi:2": 1.6979291000095793, "S2:S_both:n_hi_block_lo:0": 1.6976664596102462, "S2:S_both:n_hi_block_lo:7": 1.7978722241537333, "S2:S_both:n_hi_burst:6": 1.9620434822943411, "S2:S_both:n_hi_full:1": 1.8302786991551654, "S2:S_both:n_hi_full:7": 1.7170611726923783, "S2:S_both:n_hi_rand_hi:6": 1.7862254326761795, "S2:S_both:n_hi_rand_lo:3": 1.847402092299238, "S2:S_both:n_lo_block_hi:0": 1.9513554795036916, "S2:S_both:n_lo_block_hi:7": 2.0726715846059616, "S2:S_both:n_lo_block_lo:3": 1.8603924874071198, "S2:S_both:n_lo_burst:3": 1.7542750116664307, "S2:S_both:n_lo_burst:8": 1.9475285325739151, "S2:S_both:n_lo_full:5": 1.722059750595617, "S2:S_both:n_lo_rand_hi:2": 1.7343647724380908, "S2:S_both:n_lo_rand_lo:1": 1.5142631442719912, "S2:S_both:n_lo_rand_lo:8": 1.8042223833556188, "S2:S_multiseason:n_hi_block_hi:3": 1.6226847748354591, "S2:S_multiseason:n_hi_block_lo:2": 1.1519934684717477, "S2:S_multiseason:n_hi_block_lo:9": 0.9583449260214998, "S2:S_multiseason:n_hi_burst:5": 1.0222588028349375, "S2:S_multiseason:n_hi_full:3": 1.2349999263749645, "S2:S_multiseason:n_hi_rand_hi:0": 1.282593731709157, "S2:S_multiseason:n_hi_rand_hi:8": 1.3830348883296428, "S2:S_multiseason:n_hi_rand_lo:4": 1.138822788658915, "S2:S_multiseason:n_lo_block_hi:3": 1.2334756728202745,