{
 "headline_k": 5,
 "retrieval_key": "P1b featurized DataView (d2+p17) 19d",
 "arms": {
  "frozen": {
   "cumulative_regret_mean": 0.36770820423003087,
   "cumulative_regret_range": [
    0.3677082042300308,
    0.3677082042300309
   ],
   "recurrence_gain_mean": 0.0,
   "first_unseen_harm_max_mean": 0.0,
   "override_frac_mean": 0.0,
   "buckets": {
    "in": {
     "n": 2110,
     "mean_adv": 0.0
    },
    "out": {
     "n": 1250,
     "mean_adv": 0.0
    }
   }
  },
  "mem_knn": {
   "cumulative_regret_mean": 0.4114986240576429,
   "cumulative_regret_range": [
    0.3573889502904409,
    0.4532475377234937
   ],
   "recurrence_gain_mean": 0.05294096085771551,
   "first_unseen_harm_max_mean": 0.6976092294951994,
   "override_frac_mean": 0.837409330107533,
   "buckets": {
    "in": {
     "n": 2110,
     "mean_adv": 0.03792299105121741
    },
    "out": {
     "n": 1250,
     "mean_adv": -0.18431227654047927
    }
   }
  },
  "router_fusion": {
   "cumulative_regret_mean": 0.34238514826909805,
   "cumulative_regret_range": [
    0.32155716985532784,
    0.35689669835691684
   ],
   "recurrence_gain_mean": 0.05743465897332548,
   "first_unseen_harm_max_mean": 0.10718508477546693,
   "override_frac_mean": 0.5556843187147665,
   "buckets": {
    "in": {
     "n": 2110,
     "mean_adv": 0.03792299105121741
    },
    "out": {
     "n": 1250,
     "mean_adv": 0.0
    }
   }
  },
  "failure_veto": {
   "cumulative_regret_mean": 0.3518190517881078,
   "cumulative_regret_range": [
    0.3283172897771699,
    0.395680886667614
   ],
   "recurrence_gain_mean": 0.05487214206386559,
   "first_unseen_harm_max_mean": 0.2241659400411625,
   "override_frac_mean": 0.5659938920396905,
   "buckets": {
    "in": {
     "n": 2110,
     "mean_adv": 0.03789833742102283
    },
    "out": {
     "n": 1250,
     "mean_adv": -0.023134136899310313
    }
   }
  }
 },
 "sensitivity_k": {
  "3": {
   "frozen": 0.36770820423003087,
   "mem_knn": 0.3761992784443127,
   "router_fusion": 0.33700356398374937,
   "failure_veto": 0.34559287888730444
  },
  "5": {
   "frozen": 0.36770820423003087,
   "mem_knn": 0.4114986240576429,
   "router_fusion": 0.34238514826909805,
   "failure_veto": 0.3518190517881078
  },
  "10": {
   "frozen": 0.36770820423003087,
   "mem_knn": 0.3879189819451821,
   "router_fusion": 0.3532350206016205,
   "failure_veto": 0.36136954589355164
  }
 },
 "reference_updater_v2": {
  "cumulative_regret_mean": 0.3774866611594008,
  "cumulative_regret_range": [
   0.36078555158552406,
   0.4010871998624057
  ],
  "recurrence_gain_mean": 0.0033495717372485343,
  "first_unseen_harm_max_mean": 0.19771172902414608,
  "override_frac_mean": 0.0
 },
 "pilot_readout": {
  "best_memory_arm": "router_fusion",
  "recurrence_gain": 0.05743465897332548,
  "prediction_recurrence_positive": true,
  "prediction_in_support_beats_out": true,
  "first_unseen_harm_controlled": false,
  "in_support_adv": 0.03792299105121741,
  "out_support_adv": 0.0
 },
 "config": {
  "seed": 20260705,
  "delta_safe": 0.05,
  "k_values": [
   3,
   5,
   10
  ],
  "k_headline": 5,
  "retrieval_key": "P1b featurized DataView (d2+p17) 19d",
  "prereg": "Component Plan §13.3",
  "note": "探索性 pilot，非 confirmatory；族标签只用于评估分组；seen=严格过去块，current L_test 只事后计 regret"
 }
}