{
 "oracle": {
  "n_records": 672,
  "n_actionable": 624,
  "actionable_rate": 0.9285714285714286,
  "raw_action": "v_none",
  "margin": 0.0
 },
 "policies": {
  "raw": {
   "n_records": 672,
   "n_valid": 672,
   "coverage": 1.0,
   "abstain_rate": 0.0,
   "mean_regret": 0.4004955429190321,
   "mean_gain_vs_raw": 0.0,
   "top1_oracle_rate": 0.07142857142857142,
   "harm_rate": 0.0,
   "mean_harm_when_harmed": null,
   "readiness_precision": null,
   "readiness_recall": 0.0,
   "readiness_f1": null,
   "readiness_accuracy": 0.07142857142857142,
   "tp": 0,
   "fp": 0,
   "tn": 48,
   "fn": 624
  },
  "dp_abstain": {
   "n_records": 672,
   "n_valid": 672,
   "coverage": 1.0,
   "abstain_rate": 0.34226190476190477,
   "mean_regret": 0.27622276524754014,
   "mean_gain_vs_raw": 0.12427277767149147,
   "top1_oracle_rate": 0.17410714285714285,
   "harm_rate": 0.3913690476190476,
   "mean_harm_when_harmed": 0.2302637230173066,
   "readiness_precision": 1.0,
   "readiness_recall": 0.6041666666666666,
   "readiness_f1": 0.7532467532467533,
   "readiness_accuracy": 0.6324404761904762,
   "tp": 377,
   "fp": 0,
   "tn": 48,
   "fn": 247
  },
  "dp_abstain_abstain_to_raw": {
   "n_records": 672,
   "n_valid": 672,
   "coverage": 1.0,
   "abstain_rate": 0.34226190476190477,
   "mean_regret": 0.30311659375993194,
   "mean_gain_vs_raw": 0.09737894915909977,
   "top1_oracle_rate": 0.17261904761904762,
   "harm_rate": 0.22023809523809523,
   "mean_harm_when_harmed": 0.30565626759974857,
   "readiness_precision": 1.0,
   "readiness_recall": 0.4198717948717949,
   "readiness_f1": 0.5914221218961625,
   "readiness_accuracy": 0.46130952380952384,
   "tp": 262,
   "fp": 0,
   "tn": 48,
   "fn": 362
  },
  "dp_abstain_support_q50": {
   "n_records": 672,
   "n_valid": 672,
   "coverage": 1.0,
   "abstain_rate": 0.34226190476190477,
   "mean_regret": 0.316440741875335,
   "mean_gain_vs_raw": 0.08405480104369675,
   "top1_oracle_rate": 0.14732142857142858,
   "harm_rate": 0.09523809523809523,
   "mean_harm_when_harmed": 0.4301789092054398,
   "readiness_precision": 1.0,
   "readiness_recall": 0.2516025641025641,
   "readiness_f1": 0.4020486555697823,
   "readiness_accuracy": 0.30505952380952384,
   "tp": 157,
   "fp": 0,
   "tn": 48,
   "fn": 467
  },
  "dp_abstain_support_q75": {
   "n_records": 672,
   "n_valid": 672,
   "coverage": 1.0,
   "abstain_rate": 0.34226190476190477,
   "mean_regret": 0.30415303532074994,
   "mean_gain_vs_raw": 0.09634250759828185,
   "top1_oracle_rate": 0.17410714285714285,
   "harm_rate": 0.14136904761904762,
   "mean_harm_when_harmed": 0.4328565563839408,
   "readiness_precision": 1.0,
   "readiness_recall": 0.3541666666666667,
   "readiness_f1": 0.5230769230769231,
   "readiness_accuracy": 0.40029761904761907,
   "tp": 221,
   "fp": 0,
   "tn": 48,
   "fn": 403
  },
  "dp_abstain_support_q95": {
   "n_records": 672,
   "n_valid": 672,
   "coverage": 1.0,
   "abstain_rate": 0.34226190476190477,
   "mean_regret": 0.30637376181054554,
   "mean_gain_vs_raw": 0.09412178110848604,
   "top1_oracle_rate": 0.17708333333333334,
   "harm_rate": 0.20089285714285715,
   "mean_harm_when_harmed": 0.3300757835272378,
   "readiness_precision": 1.0,
   "readiness_recall": 0.41185897435897434,
   "readiness_f1": 0.5834279228149829,
   "readiness_accuracy": 0.4538690476190476,
   "tp": 257,
   "fp": 0,
   "tn": 48,
   "fn": 367
  }
 },
 "policy_ranking": [
  "dp_abstain",
  "dp_abstain_abstain_to_raw",
  "dp_abstain_support_q75",
  "dp_abstain_support_q95",
  "dp_abstain_support_q50",
  "raw"
 ],
 "config": {
  "records_path": "C:\\Users\\辉\\Desktop\\Agent\\SelfEvolvingHarnessTS\\results\\Stage2\\S2_replication\\records_s2.jsonl",
  "policy_name": "dp_abstain",
  "raw_action": "v_none",
  "margin": 0.0,
  "variants": [
   "raw",
   "dp_abstain",
   "dp_abstain_abstain_to_raw",
   "dp_abstain_support_q50",
   "dp_abstain_support_q75",
   "dp_abstain_support_q95"
  ]
 },
 "safety_gate": {
  "abstain_to_raw_policy": "dp_abstain_abstain_to_raw",
  "support_sweep": [
   {
    "gate_name": "support_q50",
    "policy": "dp_abstain_support_q50",
    "quantile": 0.5,
    "threshold": 2.217307409904523,
    "served": 221,
    "serve_frac": 0.3288690476190476
   },
   {
    "gate_name": "support_q75",
    "policy": "dp_abstain_support_q75",
    "quantile": 0.75,
    "threshold": 3.3293217170243885,
    "served": 316,
    "serve_frac": 0.47023809523809523
   },
   {
    "gate_name": "support_q95",
    "policy": "dp_abstain_support_q95",
    "quantile": 0.95,
    "threshold": 12.20935541366294,
    "served": 392,
    "serve_frac": 0.5833333333333334
   }
  ]
 }
}