{
 "main": {
  "n": 672,
  "actions": [
   "f0_median_w15",
   "f0_median_w25",
   "f0_median_w9",
   "v_median",
   "v_none",
   "v_savgol",
   "v_stl",
   "v_wavelet",
   "v_winsor",
   "v_winsor_savgol"
  ],
  "models": [
   "seasonal_naive",
   "dlinear_pooled",
   "chronos_bolt_small"
  ],
  "arms": {
   "global_pair": {
    "mean_regret": 0.5059158824404761,
    "regret_by_family": {
     "S_ar": 0.0844829761904762,
     "S_both": 0.19260472619047614,
     "S_hetero": 0.040609952380952365,
     "S_intermittent": 0.07594946428571431,
     "S_multiseason": 0.566971761904762,
     "S_regime": 1.9222204404761907,
     "S_season": 0.09567104761904761,
     "S_trend": 1.0688166904761904
    },
    "worst_family": "S_regime",
    "worst_family_regret": 1.9222204404761907
   },
   "model_only": {
    "mean_regret": 0.5697410014880953,
    "regret_by_family": {
     "S_ar": 0.1730078214285714,
     "S_both": 0.19420260714285711,
     "S_hetero": 0.06531688095238095,
     "S_intermittent": 0.12625128571428573,
     "S_multiseason": 1.130567154761905,
     "S_regime": 1.626499630952381,
     "S_season": 0.2137545357142858,
     "S_trend": 1.0283280952380953
    },
    "worst_family": "S_regime",
    "worst_family_regret": 1.626499630952381
   },
   "action_only": {
    "mean_regret": 0.608590767857143,
    "regret_by_family": {
     "S_ar": 0.1079647976190476,
     "S_both": 0.3812914047619048,
     "S_hetero": 0.055705261904761896,
     "S_intermittent": 0.10632773809523813,
     "S_multiseason": 0.6810430357142856,
     "S_regime": 1.998091654761905,
     "S_season": 0.14661517857142853,
     "S_trend": 1.3916870714285714
    },
    "worst_family": "S_regime",
    "worst_family_regret": 1.998091654761905
   },
   "sequential": {
    "mean_regret": 0.6910704687499999,
    "regret_by_family": {
     "S_ar": 0.13592602380952382,
     "S_both": 0.34617064285714294,
     "S_hetero": 0.05698763095238094,
     "S_intermittent": 0.11208697619047621,
     "S_multiseason": 1.3183996904761905,
     "S_regime": 1.998091654761905,
     "S_season": 0.14661517857142853,
     "S_trend": 1.4142859523809523
    },
    "worst_family": "S_regime",
    "worst_family_regret": 1.998091654761905
   },
   "joint": {
    "mean_regret": 0.6336531398809523,
    "regret_by_family": {
     "S_ar": 0.1848257738095238,
     "S_both": 0.39936855952380956,
     "S_hetero": 0.051604916666666674,
     "S_intermittent": 0.07945978571428573,
     "S_multiseason": 1.2229859166666668,
     "S_regime": 1.8876507023809523,
     "S_season": 0.09940639285714288,
     "S_trend": 1.1439230714285713
    },
    "worst_family": "S_regime",
    "worst_family_regret": 1.8876507023809523
   },
   "oracle_pair": {
    "mean_regret": 0.0,
    "note": "按定义 0（诊断锚）",
    "mean_loss": 0.6587030357142856
   }
  },
  "comparisons": {
   "joint_vs_action_only": {
    "mean": 0.025062372023809523,
    "ci_lo": -0.029619060937500007,
    "ci_hi": 0.07757514750744045,
    "frac_positive": 0.812,
    "n": 672,
    "n_boot": 2000
   },
   "sequential_vs_action_only": {
    "mean": 0.08247970089285714,
    "ci_lo": 0.060073192671130954,
    "ci_hi": 0.10522589107142855,
    "frac_positive": 1.0,
    "n": 672,
    "n_boot": 2000
   },
   "joint_vs_sequential": {
    "mean": -0.05741732886904762,
    "ci_lo": -0.10669437611607142,
    "ci_hi": -0.00947526830357146,
    "frac_positive": 0.01,
    "n": 672,
    "n_boot": 2000
   },
   "model_only_vs_action_only": {
    "mean": -0.038849766369047634,
    "ci_lo": -0.10055832741815478,
    "ci_hi": 0.01741963169642853,
    "frac_positive": 0.0925,
    "n": 672,
    "n_boot": 2000
   },
   "joint_vs_global_pair": {
    "mean": 0.12773725744047618,
    "ci_lo": 0.09296010007440476,
    "ci_hi": 0.1634475293526786,
    "frac_positive": 1.0,
    "n": 672,
    "n_boot": 2000
   }
  },
  "selection": {
   "global_pair": {
    "model": {
     "dlinear_pooled": 504,
     "chronos_bolt_small": 168
    },
    "action_top": {
     "v_median": 588,
     "v_none": 84
    }
   },
   "model_only": {
    "model": {
     "dlinear_pooled": 307,
     "chronos_bolt_small": 274,
     "seasonal_naive": 91
    },
    "action_top": {
     "f0_median_w9": 504,
     "v_median": 168
    }
   },
   "action_only": {
    "model": {
     "dlinear_pooled": 504,
     "chronos_bolt_small": 168
    },
    "action_top": {
     "v_median": 120,
     "f0_median_w9": 101,
     "v_stl": 100,
     "v_savgol": 87
    }
   },
   "sequential": {
    "model": {
     "chronos_bolt_small": 214,
     "dlinear_pooled": 390,
     "seasonal_naive": 68
    },
    "action_top": {
     "v_median": 120,
     "f0_median_w9": 101,
     "v_stl": 100,
     "v_savgol": 87
    }
   },
   "joint": {
    "model": {
     "chronos_bolt_small": 218,
     "dlinear_pooled": 393,
     "seasonal_naive": 61
    },
    "action_top": {
     "v_median": 252,
     "f0_median_w9": 168,
     "f0_median_w15": 138,
     "v_winsor": 51
    }
   }
  }
 },
 "submenu": {
  "n": 672,
  "actions": [
   "f0_median_w15",
   "f0_median_w25",
   "f0_median_w9",
   "v_median",
   "v_none",
   "v_savgol",
   "v_stl",
   "v_wavelet",
   "v_winsor",
   "v_winsor_savgol"
  ],
  "models": [
   "dlinear_pooled",
   "chronos_bolt_small"
  ],
  "arms": {
   "global_pair": {
    "mean_regret": 0.49786828125,
    "regret_by_family": {
     "S_ar": 0.0760604642857143,
     "S_both": 0.19130638095238095,
     "S_hetero": 0.03681127380952379,
     "S_intermittent": 0.07228461904761907,
     "S_multiseason": 0.566971761904762,
     "S_regime": 1.876753059523809,
     "S_season": 0.09567011904761905,
     "S_trend": 1.0670885714285714
    },
    "worst_family": "S_regime",
    "worst_family_regret": 1.876753059523809
   },
   "model_only": {
    "mean_regret": 0.4634360982142857,
    "regret_by_family": {
     "S_ar": 0.10048314285714287,
     "S_both": 0.1739882857142857,
     "S_hetero": 0.0682445,
     "S_intermittent": 0.10483436904761903,
     "S_multiseason": 0.6114879047619046,
     "S_regime": 1.5875114880952381,
     "S_season": 0.10651467857142857,
     "S_trend": 0.9544244166666667
    },
    "worst_family": "S_regime",
    "worst_family_regret": 1.5875114880952381
   },
   "action_only": {
    "mean_regret": 0.6005431666666667,
    "regret_by_family": {
     "S_ar": 0.09954228571428571,
     "S_both": 0.3799930595238096,
     "S_hetero": 0.05190658333333332,
     "S_intermittent": 0.10266289285714288,
     "S_multiseason": 0.6810430357142856,
     "S_regime": 1.9526242738095239,
     "S_season": 0.14661424999999997,
     "S_trend": 1.3899589523809524
    },
    "worst_family": "S_regime",
    "worst_family_regret": 1.9526242738095239
   },
   "sequential": {
    "mean_regret": 0.6016974375,
    "regret_by_family": {
     "S_ar": 0.10630982142857144,
     "S_both": 0.4499241547619047,
     "S_hetero": 0.05242623809523809,
     "S_intermittent": 0.1412999642857143,
     "S_multiseason": 0.6821295357142856,
     "S_regime": 1.875166785714286,
     "S_season": 0.13187938095238094,
     "S_trend": 1.374443619047619
    },
    "worst_family": "S_regime",
    "worst_family_regret": 1.875166785714286
   },
   "joint": {
    "mean_regret": 0.5053971294642857,
    "regret_by_family": {
     "S_ar": 0.09305078571428574,
     "S_both": 0.17931784523809524,
     "S_hetero": 0.04748644047619047,
     "S_intermittent": 0.10934988095238095,
     "S_multiseason": 0.6904339880952379,
     "S_regime": 1.8285850476190473,
     "S_season": 0.1527842142857143,
     "S_trend": 0.9421688333333332
    },
    "worst_family": "S_regime",
    "worst_family_regret": 1.8285850476190473
   },
   "oracle_pair": {
    "mean_regret": 0.0,
    "note": "按定义 0（诊断锚）",
    "mean_loss": 0.6667506369047619
   }
  },
  "comparisons": {
   "joint_vs_action_only": {
    "mean": -0.09514603720238096,
    "ci_lo": -0.14685511715029761,
    "ci_hi": -0.04827697790178576,
    "frac_positive": 0.0,
    "n": 672,
    "n_boot": 2000
   },
   "sequential_vs_action_only": {
    "mean": 0.0011542708333333357,