{"S2:S_both:n_hi_block_hi:0": 2.015015852125382, "S2:S_both:n_hi_block_hi:7": 2.4156128213220702, "S2:S_both:n_hi_block_lo:4": 2.647445735160937, "S2:S_both:n_hi_burst:2": 1.907265007048738, "S2:S_both:n_hi_burst:9": 4.386840040259531, "S2:S_both:n_hi_full:4": 2.333670573519906, "S2:S_both:n_hi_rand_hi:2": 2.5490451948071406, "S2:S_both:n_hi_rand_lo:1": 2.155612084756673, "S2:S_both:n_hi_rand_lo:7": 2.076159784452919, "S2:S_both:n_lo_block_hi:5": 1.7166857827467186, "S2:S_both:n_lo_block_lo:1": 1.765286097497466, "S2:S_both:n_lo_block_lo:8": 2.8109364390939597, "S2:S_both:n_lo_burst:6": 2.993313573436792, "S2:S_both:n_lo_full:2": 2.297051802930282, "S2:S_both:n_lo_rand_hi:0": 2.586089311266364, "S2:S_both:n_lo_rand_hi:5": 2.0112595205820645, "S2:S_both:n_lo_rand_lo:6": 3.3214782055153464, "S2:S_multiseason:n_hi_block_hi:1": 0.919951748979858, "S2:S_multiseason:n_hi_block_hi:8": 0.8831616856731457, "S2:S_multiseason:n_hi_block_lo:7": 2.113120419910777, "S2:S_multiseason:n_hi_burst:3": 0.9238726880736973, "S2:S_multiseason:n_hi_full:1": 0.5446504498177818, "S2:S_multiseason:n_hi_full:8": 0.41939111856926375, "S2:S_multiseason:n_hi_rand_hi:6": 0.7032148755337575, "S2:S_multiseason:n_hi_rand_lo:2": 0.5572611009866908, "S2:S_multiseason:n_hi_rand_lo:7": 0.5723862826788076, "S2:S_multiseason:n_lo_block_hi:7": 0.30297686433491994, "S2:S_multiseason:n_lo_block_lo:2": 1.1559043652142105, "S2:S_multiseason:n_lo_burst:0": 0.4989606398253535, "S2:S_multiseason:n_lo_burst:7": 1.2850815956868757, "S2:S_multiseason:n_lo_full:5": 0.5390979251763113, "S2:S_multiseason:n_lo_rand_hi:3": 0.21567013608159, "S2:S_multiseason:n_lo_rand_hi:8": 0.7867465402187601, "S2:S_multiseason:n_lo_rand_lo:6": 0.9139823580676781, "S2:S_regime:n_hi_block_hi:3": 7.336798399596348, "S2:S_regime:n_hi_block_lo:0": 3.8796796981661217, "S2:S_regime:n_hi_block_lo:8": 8.795247926307955, "S2:S_regime:n_hi_burst:3": 3.8327141430016836, "S2:S_regime:n_hi_full:1": 2.761302140960623, "S2:S_regime:n_hi_full:9": 6.389514032617253, "S2:S_regime:n_hi_rand_hi:6": 4.263988849494152, "S2:S_regime:n_hi_rand_lo:3": 1.1946870196906214, "S2:S_regime:n_lo_block_hi:0": 4.821015102000467, "S2:S_regime:n_lo_block_hi:5": 1.1736587919159425, "S2:S_regime:n_lo_block_lo:5": 2.916238164273981, "S2:S_regime:n_lo_burst:2": 2.388840605551667, "S2:S_regime:n_lo_burst:9": 1.2573289339397296, "S2:S_regime:n_lo_full:5": 1.2106402721846035, "S2:S_regime:n_lo_rand_hi:3": 4.686125806812563, "S2:S_regime:n_lo_rand_lo:0": 5.869395093204084, "S2:S_regime:n_lo_rand_lo:7": 10.112966473812733, "S2:S_trend:n_hi_block_hi:4": 7.216689010479009, "S2:S_trend:n_hi_block_lo:1": 12.262782902895832, "S2:S_trend:n_hi_block_lo:9": 6.936345089057145, "S2:S_trend:n_hi_burst:6": 9.9953267498633, "S2:S_trend:n_hi_full:2": 8.236135112457474, "S2:S_trend:n_hi_rand_hi:0": 5.636734910758175, "S2:S_trend:n_hi_rand_hi:8": 5.742014524984726, "S2:S_trend:n_hi_rand_lo:6": 6.292920292118743, "S2:S_trend:n_lo_block_hi:3": 10.484462524802648, "S2:S_trend:n_lo_block_hi:9": 8.380121456232754, "S2:S_trend:n_lo_block_lo:6": 5.902543444327823, "S2:S_trend:n_lo_burst:2": 7.167303808559259, "S2:S_trend:n_lo_full:0": 10.058889029299142, "S2:S_trend:n_lo_full:8": 4.370601184296022, "S2:S_trend:n_lo_rand_hi:4": 10.324178340226029, "S2:S_trend:n_lo_rand_lo:1": 4.462818062761084, "S2:S_trend:n_lo_rand_lo:9": 11.485281722577168, "S2:S_both:n_hi_block_hi:1": 2.346970084790632, "S2:S_both:n_hi_block_hi:8": 2.2658474507235593, "S2:S_both:n_hi_block_lo:6": 2.5706357882555815, "S2:S_both:n_hi_burst:4": 2.28439163183017, "S2:S_both:n_hi_full:0": 2.252856699162649, "S2:S_both:n_hi_full:5": 2.6789033218450133, "S2:S_both:n_hi_rand_hi:4": 2.7455676925414525, "S2:S_both:n_hi_rand_lo:2": 1.799456886966342, "S2:S_both:n_hi_rand_lo:9": 1.2853872912689275, "S2:S_both:n_lo_block_hi:6": 1.6633991920998283, "S2:S_both:n_lo_block_lo:2": 2.6530978557127405, "S2:S_both:n_lo_burst:0": 2.6358647746677577, "S2:S_both:n_lo_burst:7": 1.9456472964381766, "S2:S_both:n_lo_full:4": 1.6268661093579413, "S2:S_both:n_lo_rand_hi:1": 3.9525820075514697, "S2:S_both:n_lo_rand_hi:9": 2.5923640352678663, "S2:S_both:n_lo_rand_lo:7": 1.8077495208805148, "S2:S_multiseason:n_hi_block_hi:2": 1.068361104275396, "S2:S_multiseason:n_hi_block_lo:0": 1.4583374376874638, "S2:S_multiseason:n_hi_block_lo:8": 0.8347710648417953, "S2:S_multiseason:n_hi_burst:4": 1.170678229179448, "S2:S_multiseason:n_hi_full:2": 1.0006711278206577, "S2:S_multiseason:n_hi_full:9": 0.46025637418889004, "S2:S_multiseason:n_hi_rand_hi:7": 0.26135908886866877, "S2:S_multiseason:n_hi_rand_lo:3": 1.3877193382205553, "S2:S_multiseason:n_lo_block_hi:1": 1.2995132919950343, "S2:S_multiseason:n_lo_block_hi:8": 0.36857227435041534, "S2:S_multiseason:n_lo_block_lo:3": 0.8643343340777438, "S2:S_multiseason:n_lo_burst:2": 1.4843482245889688, "S2:S_multiseason:n_lo_burst:8": 0.7677196035409222, "S2:S_multiseason:n_lo_full:6": 2.6275935723644888, "S2:S_multiseason:n_lo_rand_hi:4": 0.4456490510537977, "S2:S_multiseason:n_lo_rand_lo:0": 0.6450642884704526, "S2:S_multiseason:n_lo_rand_lo:7": 1.1555672858366286, "S2:S_regime:n_hi_block_hi:6": 14.468760548992968, "S2:S_regime:n_hi_block_lo:2": 6.279906963670816, "S2:S_regime:n_hi_block_lo:9": 3.9443115712386647, "S2:S_regime:n_hi_burst:4": 6.0712623639815595, "S2:S_regime:n_hi_full:3": 1.8773428018864415, "S2:S_regime:n_hi_rand_hi:1": 1.3884334922626589, "S2:S_regime:n_hi_rand_hi:8": 2.046096894857086, "S2:S_regime:n_hi_rand_lo:4": 2.5215799383112927, "S2:S_regime:n_lo_block_hi:1": 3.4522505418852623, "S2:S_regime:n_lo_block_hi:7": 15.004636381863797, "S2:S_regime:n_lo_block_lo:6": 1.941346415212388, "S2:S_regime:n_lo_burst:3": 1.9640277732478268, "S2:S_regime:n_lo_full:0": 1.036158436515789, "S2:S_regime:n_lo_full:7": 3.1050175452494884, "S2:S_regime:n_lo_rand_hi:4": 1.8397087048596992, "S2:S_regime:n_lo_rand_lo:1": 3.956387113553555, "S2:S_regime:n_lo_rand_lo:9": 1.3377645146803363, "S2:S_trend:n_hi_block_hi:5": 5.690539105712138, "S2:S_trend:n_hi_block_lo:3": 6.583346235213179, "S2:S_trend:n_hi_burst:0": 6.2762274733978805, "S2:S_trend:n_hi_burst:8": 7.025451480031115, "S2:S_trend:n_hi_full:6": 6.101281903376628, "S2:S_trend:n_hi_rand_hi:2": 6.393704093534029, "S2:S_trend:n_hi_rand_hi:9": 16.098884014677093, "S2:S_trend:n_hi_rand_lo:7": 5.729683229494099, "S2:S_trend:n_lo_block_hi:5": 6.685506837231737, "S2:S_trend:n_lo_block_lo:1": 10.766550840766447, "S2:S_trend:n_lo_block_lo:7": 10.146426974806948, "S2:S_trend:n_lo_burst:5": 6.257045532082978, "S2:S_trend:n_lo_full:1": 5.57456105417875, "S2:S_trend:n_lo_full:9": 12.631560817552243, "S2:S_trend:n_lo_rand_hi:5": 5.788382795206337, "S2:S_trend:n_lo_rand_lo:2": 5.761217895662118, "S2:S_both:n_hi_block_hi:2": 2.260855575135758, "S2:S_both:n_hi_block_lo:0": 2.5445315858981337, "S2:S_both:n_hi_block_lo:7": 2.1828579243674198, "S2:S_both:n_hi_burst:6": 1.7566356686155808, "S2:S_both:n_hi_full:1": 2.3500174428093756, "S2:S_both:n_hi_full:7": 2.19586224766268, "S2:S_both:n_hi_rand_hi:6": 2.356530618170646, "S2:S_both:n_hi_rand_lo:3": 2.4098308056073368, "S2:S_both:n_lo_block_hi:0": 1.7944822956754185, "S2:S_both:n_lo_block_hi:7": 2.1018092729061943, "S2:S_both:n_lo_block_lo:3": 3.5936278588583264, "S2:S_both:n_lo_burst:3": 3.2303526238647913, "S2:S_both:n_lo_burst:8": 2.245940459871348, "S2:S_both:n_lo_full:5": 3.306814524277266, "S2:S_both:n_lo_rand_hi:2": 2.422794152909356, "S2:S_both:n_lo_rand_lo:1": 2.445042988330743, "S2:S_both:n_lo_rand_lo:8": 5.546581438166447, "S2:S_multiseason:n_hi_block_hi:3": 1.6208018825450488, "S2:S_multiseason:n_hi_block_lo:2": 1.0793929738757981, "S2:S_multiseason:n_hi_block_lo:9": 0.4720561801639003, "S2:S_multiseason:n_hi_burst:5": 0.5919860647389464, "S2:S_multiseason:n_hi_full:3": 0.8970774188717501, "S2:S_multiseason:n_hi_rand_hi:0": 0.8920579139082996, "S2:S_multiseason:n_hi_rand_hi:8": 0.9054428242062016, "S2:S_multiseason:n_hi_rand_lo:4": 0.3165942787495864, "S2:S_multiseason:n_lo_block_hi:3": 0.47582251858579694,