{"S2:S_both:n_hi_block_hi:0": 2.086157689752236, "S2:S_both:n_hi_block_hi:7": 2.4000410061968935, "S2:S_both:n_hi_block_lo:4": 2.3584547172439674, "S2:S_both:n_hi_burst:2": 1.9443057284844352, "S2:S_both:n_hi_burst:9": 2.291162719744053, "S2:S_both:n_hi_full:4": 2.232303313811228, "S2:S_both:n_hi_rand_hi:2": 2.4611088808454773, "S2:S_both:n_hi_rand_lo:1": 2.0273331368886454, "S2:S_both:n_hi_rand_lo:7": 2.345260613429782, "S2:S_both:n_lo_block_hi:5": 2.8412338438626805, "S2:S_both:n_lo_block_lo:1": 2.7829668083359036, "S2:S_both:n_lo_block_lo:8": 2.9006229158946346, "S2:S_both:n_lo_burst:6": 2.3481140026418528, "S2:S_both:n_lo_full:2": 2.6152210255144364, "S2:S_both:n_lo_rand_hi:0": 3.1762167624278628, "S2:S_both:n_lo_rand_hi:5": 2.229259374799555, "S2:S_both:n_lo_rand_lo:6": 3.1186910755645285, "S2:S_multiseason:n_hi_block_hi:1": 0.5577338073373647, "S2:S_multiseason:n_hi_block_hi:8": 1.0727795629650692, "S2:S_multiseason:n_hi_block_lo:7": 1.552198671849113, "S2:S_multiseason:n_hi_burst:3": 1.1377005889154022, "S2:S_multiseason:n_hi_full:1": 0.5944041571522564, "S2:S_multiseason:n_hi_full:8": 0.4279124077497878, "S2:S_multiseason:n_hi_rand_hi:6": 1.0427049134743323, "S2:S_multiseason:n_hi_rand_lo:2": 0.7176769035786202, "S2:S_multiseason:n_hi_rand_lo:7": 0.6864998974978833, "S2:S_multiseason:n_lo_block_hi:7": 0.3845496608757847, "S2:S_multiseason:n_lo_block_lo:2": 1.2023125335481137, "S2:S_multiseason:n_lo_burst:0": 0.9936263512726068, "S2:S_multiseason:n_lo_burst:7": 1.4813801432808635, "S2:S_multiseason:n_lo_full:5": 0.6057932058743589, "S2:S_multiseason:n_lo_rand_hi:3": 0.6843720546071963, "S2:S_multiseason:n_lo_rand_hi:8": 1.0826876739522633, "S2:S_multiseason:n_lo_rand_lo:6": 0.49530110697395485, "S2:S_regime:n_hi_block_hi:3": 7.437695338027368, "S2:S_regime:n_hi_block_lo:0": 3.092911142536817, "S2:S_regime:n_hi_block_lo:8": 5.763687657482381, "S2:S_regime:n_hi_burst:3": 3.8192886017340943, "S2:S_regime:n_hi_full:1": 2.8077131569311944, "S2:S_regime:n_hi_full:9": 3.030696873192529, "S2:S_regime:n_hi_rand_hi:6": 4.280303492539617, "S2:S_regime:n_hi_rand_lo:3": 1.1892556979239182, "S2:S_regime:n_lo_block_hi:0": 4.6827175676500135, "S2:S_regime:n_lo_block_hi:5": 1.6534440734023446, "S2:S_regime:n_lo_block_lo:5": 2.4417737411379954, "S2:S_regime:n_lo_burst:2": 3.00912311196416, "S2:S_regime:n_lo_burst:9": 0.6852695559149818, "S2:S_regime:n_lo_full:5": 1.1334117839419167, "S2:S_regime:n_lo_rand_hi:3": 3.388538661159167, "S2:S_regime:n_lo_rand_lo:0": 4.8960682005682274, "S2:S_regime:n_lo_rand_lo:7": 4.655934193993092, "S2:S_trend:n_hi_block_hi:4": 6.194282952128135, "S2:S_trend:n_hi_block_lo:1": 6.449981360030605, "S2:S_trend:n_hi_block_lo:9": 6.571653734099678, "S2:S_trend:n_hi_burst:6": 6.339018707584045, "S2:S_trend:n_hi_full:2": 6.260632877324636, "S2:S_trend:n_hi_rand_hi:0": 5.864317515158205, "S2:S_trend:n_hi_rand_hi:8": 5.835257973824046, "S2:S_trend:n_hi_rand_lo:6": 6.296716086190281, "S2:S_trend:n_lo_block_hi:3": 11.856333867862508, "S2:S_trend:n_lo_block_hi:9": 8.22086788759199, "S2:S_trend:n_lo_block_lo:6": 8.756266698977894, "S2:S_trend:n_lo_burst:2": 7.537974780260581, "S2:S_trend:n_lo_full:0": 8.287829205809922, "S2:S_trend:n_lo_full:8": 3.452458080119646, "S2:S_trend:n_lo_rand_hi:4": 4.884049436458668, "S2:S_trend:n_lo_rand_lo:1": 4.74629032372038, "S2:S_trend:n_lo_rand_lo:9": 7.748683769643395, "S2:S_both:n_hi_block_hi:1": 2.3048504318557272, "S2:S_both:n_hi_block_hi:8": 2.312544003603356, "S2:S_both:n_hi_block_lo:6": 2.5208553861430443, "S2:S_both:n_hi_burst:4": 2.2386774441585904, "S2:S_both:n_hi_full:0": 2.0769706312924296, "S2:S_both:n_hi_full:5": 2.308905331196312, "S2:S_both:n_hi_rand_hi:4": 3.234971383841614, "S2:S_both:n_hi_rand_lo:2": 2.221217753726628, "S2:S_both:n_hi_rand_lo:9": 2.077974596043542, "S2:S_both:n_lo_block_hi:6": 2.217219762729511, "S2:S_both:n_lo_block_lo:2": 2.5330636543152103, "S2:S_both:n_lo_burst:0": 2.5929820936901513, "S2:S_both:n_lo_burst:7": 1.7762006728533433, "S2:S_both:n_lo_full:4": 2.4973168032606203, "S2:S_both:n_lo_rand_hi:1": 2.890199608867394, "S2:S_both:n_lo_rand_hi:9": 2.8725822453983265, "S2:S_both:n_lo_rand_lo:7": 3.220180804389526, "S2:S_multiseason:n_hi_block_hi:2": 1.0695045358355877, "S2:S_multiseason:n_hi_block_lo:0": 1.7634474724235574, "S2:S_multiseason:n_hi_block_lo:8": 0.482398213563962, "S2:S_multiseason:n_hi_burst:4": 1.6565379186087028, "S2:S_multiseason:n_hi_full:2": 1.1459491895822098, "S2:S_multiseason:n_hi_full:9": 0.7727794892483804, "S2:S_multiseason:n_hi_rand_hi:7": 0.24861631586251082, "S2:S_multiseason:n_hi_rand_lo:3": 1.5126903098444533, "S2:S_multiseason:n_lo_block_hi:1": 1.3137980029620688, "S2:S_multiseason:n_lo_block_hi:8": 0.6198615554752469, "S2:S_multiseason:n_lo_block_lo:3": 0.994971034747924, "S2:S_multiseason:n_lo_burst:2": 0.6223796930156781, "S2:S_multiseason:n_lo_burst:8": 0.7215750260647397, "S2:S_multiseason:n_lo_full:6": 1.2276916933665598, "S2:S_multiseason:n_lo_rand_hi:4": 0.8240956615648404, "S2:S_multiseason:n_lo_rand_lo:0": 0.6311733775200798, "S2:S_multiseason:n_lo_rand_lo:7": 0.8111569962614565, "S2:S_regime:n_hi_block_hi:6": 1.528253812572189, "S2:S_regime:n_hi_block_lo:2": 6.337168556078706, "S2:S_regime:n_hi_block_lo:9": 2.668465440500101, "S2:S_regime:n_hi_burst:4": 5.964316837782596, "S2:S_regime:n_hi_full:3": 1.9149191759808741, "S2:S_regime:n_hi_rand_hi:1": 1.278641764008097, "S2:S_regime:n_hi_rand_hi:8": 1.972951944376459, "S2:S_regime:n_hi_rand_lo:4": 0.9226631073455176, "S2:S_regime:n_lo_block_hi:1": 2.7482758146637645, "S2:S_regime:n_lo_block_hi:7": 10.204495844440265, "S2:S_regime:n_lo_block_lo:6": 2.2437259004151984, "S2:S_regime:n_lo_burst:3": 1.2258914922757003, "S2:S_regime:n_lo_full:0": 0.9781229517345854, "S2:S_regime:n_lo_full:7": 2.4252661583581805, "S2:S_regime:n_lo_rand_hi:4": 1.2678184070063248, "S2:S_regime:n_lo_rand_lo:1": 2.314174214698207, "S2:S_regime:n_lo_rand_lo:9": 1.3695024187348506, "S2:S_trend:n_hi_block_hi:5": 6.072100989582203, "S2:S_trend:n_hi_block_lo:3": 6.470948438815024, "S2:S_trend:n_hi_burst:0": 6.048845612400807, "S2:S_trend:n_hi_burst:8": 6.87415045790665, "S2:S_trend:n_hi_full:6": 6.204172591993129, "S2:S_trend:n_hi_rand_hi:2": 6.365881805151765, "S2:S_trend:n_hi_rand_hi:9": 6.413503943800856, "S2:S_trend:n_hi_rand_lo:7": 5.880379441137532, "S2:S_trend:n_lo_block_hi:5": 12.25480155119771, "S2:S_trend:n_lo_block_lo:1": 7.753843823694366, "S2:S_trend:n_lo_block_lo:7": 11.776405564776026, "S2:S_trend:n_lo_burst:5": 5.6441652350496945, "S2:S_trend:n_lo_full:1": 6.858736381398123, "S2:S_trend:n_lo_full:9": 8.79781711848127, "S2:S_trend:n_lo_rand_hi:5": 6.038473740039755, "S2:S_trend:n_lo_rand_lo:2": 6.432609749704505, "S2:S_both:n_hi_block_hi:2": 2.025325413043098, "S2:S_both:n_hi_block_lo:0": 2.3599030362519247, "S2:S_both:n_hi_block_lo:7": 2.3814533422532502, "S2:S_both:n_hi_burst:6": 2.3588450592820154, "S2:S_both:n_hi_full:1": 2.305899788207654, "S2:S_both:n_hi_full:7": 2.3777279268493867, "S2:S_both:n_hi_rand_hi:6": 2.3523868079498853, "S2:S_both:n_hi_rand_lo:3": 2.4541479925014817, "S2:S_both:n_lo_block_hi:0": 1.9360513135910562, "S2:S_both:n_lo_block_hi:7": 2.1798514907455977, "S2:S_both:n_lo_block_lo:3": 3.2254441587078317, "S2:S_both:n_lo_burst:3": 3.3398221681860396, "S2:S_both:n_lo_burst:8": 2.4390485800007062, "S2:S_both:n_lo_full:5": 3.4890834705387324, "S2:S_both:n_lo_rand_hi:2": 2.2847821262351147, "S2:S_both:n_lo_rand_lo:1": 2.1335662236801425, "S2:S_both:n_lo_rand_lo:8": 2.3181647251007838, "S2:S_multiseason:n_hi_block_hi:3": 1.5894396148078016, "S2:S_multiseason:n_hi_block_lo:2": 1.062930701110147, "S2:S_multiseason:n_hi_block_lo:9": 0.8813432152847209, "S2:S_multiseason:n_hi_burst:5": 0.726198217507465, "S2:S_multiseason:n_hi_full:3": 1.0461422369183846, "S2:S_multiseason:n_hi_rand_hi:0": 1.215032676243058, "S2:S_multiseason:n_hi_rand_hi:8": 1.2814019168535502, "S2:S_multiseason:n_hi_rand_lo:4": 0.3638060353279678, "S2:S_multiseason:n_lo_block_hi:3": 1.2091608504070714,