{"S2:S_both:n_hi_block_hi:0": 2.1937197906193346, "S2:S_both:n_hi_block_hi:7": 2.4856238607206107, "S2:S_both:n_hi_block_lo:4": 2.4221118066665266, "S2:S_both:n_hi_burst:2": 2.105900965358698, "S2:S_both:n_hi_burst:9": 2.156442961663995, "S2:S_both:n_hi_full:4": 2.2586863764572676, "S2:S_both:n_hi_rand_hi:2": 2.440179750700871, "S2:S_both:n_hi_rand_lo:1": 2.288687850066987, "S2:S_both:n_hi_rand_lo:7": 2.363425729604259, "S2:S_both:n_lo_block_hi:5": 1.7631999111762156, "S2:S_both:n_lo_block_lo:1": 2.3210513013518574, "S2:S_both:n_lo_block_lo:8": 2.7446038062861113, "S2:S_both:n_lo_burst:6": 2.403176996896085, "S2:S_both:n_lo_full:2": 2.6328595107086614, "S2:S_both:n_lo_rand_hi:0": 2.19540346983728, "S2:S_both:n_lo_rand_hi:5": 2.0761427567491606, "S2:S_both:n_lo_rand_lo:6": 2.7643207100345184, "S2:S_multiseason:n_hi_block_hi:1": 0.6344331324305393, "S2:S_multiseason:n_hi_block_hi:8": 1.273057679041416, "S2:S_multiseason:n_hi_block_lo:7": 1.8671665067347727, "S2:S_multiseason:n_hi_burst:3": 1.480351382759378, "S2:S_multiseason:n_hi_full:1": 0.8914714774881385, "S2:S_multiseason:n_hi_full:8": 0.9411703084392674, "S2:S_multiseason:n_hi_rand_hi:6": 1.3258572292237334, "S2:S_multiseason:n_hi_rand_lo:2": 0.9245176402164168, "S2:S_multiseason:n_hi_rand_lo:7": 0.8669636006292578, "S2:S_multiseason:n_lo_block_hi:7": 0.5030743128464077, "S2:S_multiseason:n_lo_block_lo:2": 1.2470356042194715, "S2:S_multiseason:n_lo_burst:0": 1.332742112650829, "S2:S_multiseason:n_lo_burst:7": 1.594990302765211, "S2:S_multiseason:n_lo_full:5": 0.9904809067686606, "S2:S_multiseason:n_lo_rand_hi:3": 0.9983646216649228, "S2:S_multiseason:n_lo_rand_hi:8": 2.497271730753049, "S2:S_multiseason:n_lo_rand_lo:6": 0.7116433909198875, "S2:S_regime:n_hi_block_hi:3": 7.876023766651838, "S2:S_regime:n_hi_block_lo:0": 3.107111675864231, "S2:S_regime:n_hi_block_lo:8": 5.752092557582511, "S2:S_regime:n_hi_burst:3": 4.256041059670733, "S2:S_regime:n_hi_full:1": 3.002702309902226, "S2:S_regime:n_hi_full:9": 3.8220828569829846, "S2:S_regime:n_hi_rand_hi:6": 4.566112969490821, "S2:S_regime:n_hi_rand_lo:3": 1.4219827477787648, "S2:S_regime:n_lo_block_hi:0": 4.89125171547378, "S2:S_regime:n_lo_block_hi:5": 1.133036408285022, "S2:S_regime:n_lo_block_lo:5": 1.706776219755356, "S2:S_regime:n_lo_burst:2": 2.7815979062756786, "S2:S_regime:n_lo_burst:9": 0.9258369814465742, "S2:S_regime:n_lo_full:5": 1.1812352222404663, "S2:S_regime:n_lo_rand_hi:3": 4.349864884432643, "S2:S_regime:n_lo_rand_lo:0": 5.243956524576055, "S2:S_regime:n_lo_rand_lo:7": 5.167026845624585, "S2:S_trend:n_hi_block_hi:4": 6.741961144083786, "S2:S_trend:n_hi_block_lo:1": 6.929060463106502, "S2:S_trend:n_hi_block_lo:9": 6.711985210045901, "S2:S_trend:n_hi_burst:6": 6.331343087440599, "S2:S_trend:n_hi_full:2": 6.988734478407273, "S2:S_trend:n_hi_rand_hi:0": 6.8165578958266, "S2:S_trend:n_hi_rand_hi:8": 7.130153678508386, "S2:S_trend:n_hi_rand_lo:6": 6.504455768708237, "S2:S_trend:n_lo_block_hi:3": 10.123232073999008, "S2:S_trend:n_lo_block_hi:9": 8.400178491663922, "S2:S_trend:n_lo_block_lo:6": 9.004774449710862, "S2:S_trend:n_lo_burst:2": 8.410361747776188, "S2:S_trend:n_lo_full:0": 7.577844201067945, "S2:S_trend:n_lo_full:8": 7.515806522886389, "S2:S_trend:n_lo_rand_hi:4": 8.089786867303701, "S2:S_trend:n_lo_rand_lo:1": 8.55344957519424, "S2:S_trend:n_lo_rand_lo:9": 8.511072169014684, "S2:S_both:n_hi_block_hi:1": 2.4967907380487326, "S2:S_both:n_hi_block_hi:8": 2.294488434319052, "S2:S_both:n_hi_block_lo:6": 2.504494146321996, "S2:S_both:n_hi_burst:4": 2.3440568042392207, "S2:S_both:n_hi_full:0": 2.3741251483056485, "S2:S_both:n_hi_full:5": 2.1753366138059906, "S2:S_both:n_hi_rand_hi:4": 2.475813121865623, "S2:S_both:n_hi_rand_lo:2": 2.305943043974893, "S2:S_both:n_hi_rand_lo:9": 2.2644835133474612, "S2:S_both:n_lo_block_hi:6": 2.9242230244323055, "S2:S_both:n_lo_block_lo:2": 2.268472847776992, "S2:S_both:n_lo_burst:0": 2.5755604240882524, "S2:S_both:n_lo_burst:7": 1.7756394788369623, "S2:S_both:n_lo_full:4": 2.2586461598164957, "S2:S_both:n_lo_rand_hi:1": 1.3804878610147533, "S2:S_both:n_lo_rand_hi:9": 2.495304519786332, "S2:S_both:n_lo_rand_lo:7": 2.671135865326539, "S2:S_multiseason:n_hi_block_hi:2": 1.0696803812579172, "S2:S_multiseason:n_hi_block_lo:0": 1.8711222062605124, "S2:S_multiseason:n_hi_block_lo:8": 0.7325891553933603, "S2:S_multiseason:n_hi_burst:4": 2.0140936383576697, "S2:S_multiseason:n_hi_full:2": 1.32196593996707, "S2:S_multiseason:n_hi_full:9": 1.1271511672355832, "S2:S_multiseason:n_hi_rand_hi:7": 0.5366229736913649, "S2:S_multiseason:n_hi_rand_lo:3": 1.8695609284264594, "S2:S_multiseason:n_lo_block_hi:1": 1.3055613109179791, "S2:S_multiseason:n_lo_block_hi:8": 0.7824531266062558, "S2:S_multiseason:n_lo_block_lo:3": 1.6703084561001802, "S2:S_multiseason:n_lo_burst:2": 0.7030986303737932, "S2:S_multiseason:n_lo_burst:8": 0.829896801552991, "S2:S_multiseason:n_lo_full:6": 0.7923419314975663, "S2:S_multiseason:n_lo_rand_hi:4": 1.0957232666489947, "S2:S_multiseason:n_lo_rand_lo:0": 0.5521833699061662, "S2:S_multiseason:n_lo_rand_lo:7": 0.8480469521527473, "S2:S_regime:n_hi_block_hi:6": 1.551506650234298, "S2:S_regime:n_hi_block_lo:2": 6.083310684987726, "S2:S_regime:n_hi_block_lo:9": 3.09516450131232, "S2:S_regime:n_hi_burst:4": 6.13886207723612, "S2:S_regime:n_hi_full:3": 2.183189945303319, "S2:S_regime:n_hi_rand_hi:1": 1.298766820275035, "S2:S_regime:n_hi_rand_hi:8": 1.8180648484474098, "S2:S_regime:n_hi_rand_lo:4": 1.0489240864056824, "S2:S_regime:n_lo_block_hi:1": 2.1657613630300823, "S2:S_regime:n_lo_block_hi:7": 7.642599836855325, "S2:S_regime:n_lo_block_lo:6": 2.0750690936008804, "S2:S_regime:n_lo_burst:3": 1.259014213959796, "S2:S_regime:n_lo_full:0": 0.9128023996079465, "S2:S_regime:n_lo_full:7": 3.0449655757606173, "S2:S_regime:n_lo_rand_hi:4": 1.5516253095234325, "S2:S_regime:n_lo_rand_lo:1": 2.0997319221937576, "S2:S_regime:n_lo_rand_lo:9": 1.3382364757283902, "S2:S_trend:n_hi_block_hi:5": 6.909387452271667, "S2:S_trend:n_hi_block_lo:3": 6.840870459206141, "S2:S_trend:n_hi_burst:0": 6.965539076092071, "S2:S_trend:n_hi_burst:8": 7.16926161089501, "S2:S_trend:n_hi_full:6": 6.694359984489939, "S2:S_trend:n_hi_rand_hi:2": 6.817219083035805, "S2:S_trend:n_hi_rand_hi:9": 6.738154415299977, "S2:S_trend:n_hi_rand_lo:7": 6.821523481622666, "S2:S_trend:n_lo_block_hi:5": 9.406677091940601, "S2:S_trend:n_lo_block_lo:1": 7.573918123885436, "S2:S_trend:n_lo_block_lo:7": 10.342455229684468, "S2:S_trend:n_lo_burst:5": 7.93398676351847, "S2:S_trend:n_lo_full:1": 7.377263905593433, "S2:S_trend:n_lo_full:9": 10.471934339336665, "S2:S_trend:n_lo_rand_hi:5": 7.70990362453831, "S2:S_trend:n_lo_rand_lo:2": 6.78892339147771, "S2:S_both:n_hi_block_hi:2": 2.1926388317621752, "S2:S_both:n_hi_block_lo:0": 2.3196531981777966, "S2:S_both:n_hi_block_lo:7": 2.455961317782143, "S2:S_both:n_hi_burst:6": 2.4331734894440213, "S2:S_both:n_hi_full:1": 2.5083942869184677, "S2:S_both:n_hi_full:7": 2.489419406187488, "S2:S_both:n_hi_rand_hi:6": 2.440212863394164, "S2:S_both:n_hi_rand_lo:3": 2.59397172832502, "S2:S_both:n_lo_block_hi:0": 2.032435261044846, "S2:S_both:n_lo_block_hi:7": 2.6310420926431366, "S2:S_both:n_lo_block_lo:3": 2.253861127023072, "S2:S_both:n_lo_burst:3": 3.3236260885860234, "S2:S_both:n_lo_burst:8": 3.015085545042387, "S2:S_both:n_lo_full:5": 3.047243659107423, "S2:S_both:n_lo_rand_hi:2": 2.36239882896965, "S2:S_both:n_lo_rand_lo:1": 2.0457421957020694, "S2:S_both:n_lo_rand_lo:8": 2.0380445351380025, "S2:S_multiseason:n_hi_block_hi:3": 1.5789273033820277, "S2:S_multiseason:n_hi_block_lo:2": 1.2533344023976325, "S2:S_multiseason:n_hi_block_lo:9": 1.0952844609034023, "S2:S_multiseason:n_hi_burst:5": 0.9263995992739269, "S2:S_multiseason:n_hi_full:3": 1.3263296661303292, "S2:S_multiseason:n_hi_rand_hi:0": 1.39537492009577, "S2:S_multiseason:n_hi_rand_hi:8": 1.4059310457633494, "S2:S_multiseason:n_hi_rand_lo:4": 0.6274255092766294, "S2:S_multiseason:n_lo_block_hi:3": 1.5524975148355329,