{"S2:S_both:n_hi_block_hi:0": 1.9375304720467608, "S2:S_both:n_hi_block_hi:7": 2.4020344085004592, "S2:S_both:n_hi_block_lo:4": 2.2995051686477503, "S2:S_both:n_hi_burst:2": 1.8610301998374887, "S2:S_both:n_hi_burst:9": 4.173644317763784, "S2:S_both:n_hi_full:4": 2.2680920362903665, "S2:S_both:n_hi_rand_hi:2": 2.4584948092300665, "S2:S_both:n_hi_rand_lo:1": 2.158463636505216, "S2:S_both:n_hi_rand_lo:7": 2.0496401979840093, "S2:S_both:n_lo_block_hi:5": 1.6894169966616583, "S2:S_both:n_lo_block_lo:1": 1.76688366836791, "S2:S_both:n_lo_block_lo:8": 2.8007994843773982, "S2:S_both:n_lo_burst:6": 2.852619260027339, "S2:S_both:n_lo_full:2": 2.242620943890553, "S2:S_both:n_lo_rand_hi:0": 2.490123397600894, "S2:S_both:n_lo_rand_hi:5": 1.9610295190571576, "S2:S_both:n_lo_rand_lo:6": 2.9963703322640227, "S2:S_multiseason:n_hi_block_hi:1": 0.1394074875018037, "S2:S_multiseason:n_hi_block_hi:8": 0.8565830869009915, "S2:S_multiseason:n_hi_block_lo:7": 1.4214718062469274, "S2:S_multiseason:n_hi_burst:3": 0.9305460217760595, "S2:S_multiseason:n_hi_full:1": 0.4119905151230994, "S2:S_multiseason:n_hi_full:8": 0.3414853913697185, "S2:S_multiseason:n_hi_rand_hi:6": 0.7040864478390568, "S2:S_multiseason:n_hi_rand_lo:2": 0.515970973584982, "S2:S_multiseason:n_hi_rand_lo:7": 0.5386541486952505, "S2:S_multiseason:n_lo_block_hi:7": 0.3890863504226993, "S2:S_multiseason:n_lo_block_lo:2": 1.4252382342766583, "S2:S_multiseason:n_lo_burst:0": 0.4592408211141223, "S2:S_multiseason:n_lo_burst:7": 1.0872279810290721, "S2:S_multiseason:n_lo_full:5": 0.3746026886136188, "S2:S_multiseason:n_lo_rand_hi:3": 0.2677079499466027, "S2:S_multiseason:n_lo_rand_hi:8": 0.9781367366948056, "S2:S_multiseason:n_lo_rand_lo:6": 0.3208326278122548, "S2:S_regime:n_hi_block_hi:3": 6.955597309473089, "S2:S_regime:n_hi_block_lo:0": 3.7675885574189394, "S2:S_regime:n_hi_block_lo:8": 8.939193656507905, "S2:S_regime:n_hi_burst:3": 3.6145721928882595, "S2:S_regime:n_hi_full:1": 2.6741138983197152, "S2:S_regime:n_hi_full:9": 6.634133482925042, "S2:S_regime:n_hi_rand_hi:6": 4.02885134208376, "S2:S_regime:n_hi_rand_lo:3": 1.1852303270336297, "S2:S_regime:n_lo_block_hi:0": 4.654463969240392, "S2:S_regime:n_lo_block_hi:5": 1.0441696413586559, "S2:S_regime:n_lo_block_lo:5": 2.9589373073387044, "S2:S_regime:n_lo_burst:2": 2.2502947558087163, "S2:S_regime:n_lo_burst:9": 1.4774619057451395, "S2:S_regime:n_lo_full:5": 1.2461569452918326, "S2:S_regime:n_lo_rand_hi:3": 4.00166665517439, "S2:S_regime:n_lo_rand_lo:0": 5.407337703537948, "S2:S_regime:n_lo_rand_lo:7": 9.589459885224057, "S2:S_trend:n_hi_block_hi:4": 6.897478285886827, "S2:S_trend:n_hi_block_lo:1": 11.95902209973498, "S2:S_trend:n_hi_block_lo:9": 6.393756457799625, "S2:S_trend:n_hi_burst:6": 9.726473880442816, "S2:S_trend:n_hi_full:2": 7.240562803475742, "S2:S_trend:n_hi_rand_hi:0": 5.2839096000194, "S2:S_trend:n_hi_rand_hi:8": 5.399409998170444, "S2:S_trend:n_hi_rand_lo:6": 5.842305543836292, "S2:S_trend:n_lo_block_hi:3": 10.163573335557171, "S2:S_trend:n_lo_block_hi:9": 8.218796691758197, "S2:S_trend:n_lo_block_lo:6": 5.586764793208762, "S2:S_trend:n_lo_burst:2": 6.663536967406856, "S2:S_trend:n_lo_full:0": 8.968482192915237, "S2:S_trend:n_lo_full:8": 3.9347967468174883, "S2:S_trend:n_lo_rand_hi:4": 9.79484037238404, "S2:S_trend:n_lo_rand_lo:1": 3.9409926240430124, "S2:S_trend:n_lo_rand_lo:9": 10.623501299091318, "S2:S_both:n_hi_block_hi:1": 2.3510787942062374, "S2:S_both:n_hi_block_hi:8": 1.704451664132941, "S2:S_both:n_hi_block_lo:6": 2.586117915049328, "S2:S_both:n_hi_burst:4": 2.2209715207630274, "S2:S_both:n_hi_full:0": 2.2344469420654987, "S2:S_both:n_hi_full:5": 2.696944002392289, "S2:S_both:n_hi_rand_hi:4": 2.233496024168155, "S2:S_both:n_hi_rand_lo:2": 2.220709338303105, "S2:S_both:n_hi_rand_lo:9": 2.394119458610077, "S2:S_both:n_lo_block_hi:6": 1.6327097044184369, "S2:S_both:n_lo_block_lo:2": 2.6618428451175293, "S2:S_both:n_lo_burst:0": 2.67521531980072, "S2:S_both:n_lo_burst:7": 1.5832072916982394, "S2:S_both:n_lo_full:4": 1.6159176617441522, "S2:S_both:n_lo_rand_hi:1": 3.8505812393258907, "S2:S_both:n_lo_rand_hi:9": 2.6443000645206385, "S2:S_both:n_lo_rand_lo:7": 1.8223041033162315, "S2:S_multiseason:n_hi_block_hi:2": 0.9832023951011305, "S2:S_multiseason:n_hi_block_lo:0": 1.450726448139236, "S2:S_multiseason:n_hi_block_lo:8": 0.4892688005951365, "S2:S_multiseason:n_hi_burst:4": 1.5408353797216738, "S2:S_multiseason:n_hi_full:2": 1.0127719466324643, "S2:S_multiseason:n_hi_full:9": 0.5216488626393907, "S2:S_multiseason:n_hi_rand_hi:7": 0.23498095044230977, "S2:S_multiseason:n_hi_rand_lo:3": 1.3919137852613694, "S2:S_multiseason:n_lo_block_hi:1": 1.1706637099762685, "S2:S_multiseason:n_lo_block_hi:8": 0.7826157983921103, "S2:S_multiseason:n_lo_block_lo:3": 1.0168553166615317, "S2:S_multiseason:n_lo_burst:2": 0.5410194139697923, "S2:S_multiseason:n_lo_burst:8": 1.017471100456728, "S2:S_multiseason:n_lo_full:6": 0.9381567976642499, "S2:S_multiseason:n_lo_rand_hi:4": 0.6914913132131344, "S2:S_multiseason:n_lo_rand_lo:0": 0.6050298252497216, "S2:S_multiseason:n_lo_rand_lo:7": 0.4260637404813176, "S2:S_regime:n_hi_block_hi:6": 13.842655197463017, "S2:S_regime:n_hi_block_lo:2": 6.210751745493167, "S2:S_regime:n_hi_block_lo:9": 3.7901728253000857, "S2:S_regime:n_hi_burst:4": 5.841474155006995, "S2:S_regime:n_hi_full:3": 1.9006477991030728, "S2:S_regime:n_hi_rand_hi:1": 1.3861996976376185, "S2:S_regime:n_hi_rand_hi:8": 2.0820188992474002, "S2:S_regime:n_hi_rand_lo:4": 2.9975133178883584, "S2:S_regime:n_lo_block_hi:1": 3.4004663198083755, "S2:S_regime:n_lo_block_hi:7": 15.152367326144631, "S2:S_regime:n_lo_block_lo:6": 1.7735259614266374, "S2:S_regime:n_lo_burst:3": 1.3356679627932477, "S2:S_regime:n_lo_full:0": 1.042483262107362, "S2:S_regime:n_lo_full:7": 2.9840002803201973, "S2:S_regime:n_lo_rand_hi:4": 1.8273945611868307, "S2:S_regime:n_lo_rand_lo:1": 3.849325733097216, "S2:S_regime:n_lo_rand_lo:9": 1.304003362480936, "S2:S_trend:n_hi_block_hi:5": 5.3817804795108115, "S2:S_trend:n_hi_block_lo:3": 6.175788376493308, "S2:S_trend:n_hi_burst:0": 6.078655730665445, "S2:S_trend:n_hi_burst:8": 6.596479813726909, "S2:S_trend:n_hi_full:6": 5.802886157846335, "S2:S_trend:n_hi_rand_hi:2": 5.9574008782537184, "S2:S_trend:n_hi_rand_hi:9": 15.642986159322716, "S2:S_trend:n_hi_rand_lo:7": 5.397799616806434, "S2:S_trend:n_lo_block_hi:5": 6.3891186068292, "S2:S_trend:n_lo_block_lo:1": 10.076697748632935, "S2:S_trend:n_lo_block_lo:7": 9.701702117192728, "S2:S_trend:n_lo_burst:5": 6.069815192151232, "S2:S_trend:n_lo_full:1": 4.8921518249483835, "S2:S_trend:n_lo_full:9": 12.060792649321362, "S2:S_trend:n_lo_rand_hi:5": 5.562299666158688, "S2:S_trend:n_lo_rand_lo:2": 5.699105929181487, "S2:S_both:n_hi_block_hi:2": 2.106341116851744, "S2:S_both:n_hi_block_lo:0": 2.5556217650227775, "S2:S_both:n_hi_block_lo:7": 2.188370781475653, "S2:S_both:n_hi_burst:6": 1.5300500938712516, "S2:S_both:n_hi_full:1": 2.343817515426924, "S2:S_both:n_hi_full:7": 2.289940013281241, "S2:S_both:n_hi_rand_hi:6": 2.316323562412841, "S2:S_both:n_hi_rand_lo:3": 2.421377154075103, "S2:S_both:n_lo_block_hi:0": 1.6219946448525433, "S2:S_both:n_lo_block_hi:7": 2.034226101560787, "S2:S_both:n_lo_block_lo:3": 3.63746145615647, "S2:S_both:n_lo_burst:3": 3.21497781910382, "S2:S_both:n_lo_burst:8": 2.232175697908023, "S2:S_both:n_lo_full:5": 3.362869164691194, "S2:S_both:n_lo_rand_hi:2": 2.4230978923830877, "S2:S_both:n_lo_rand_lo:1": 2.3647620061515253, "S2:S_both:n_lo_rand_lo:8": 5.4962283829947145, "S2:S_multiseason:n_hi_block_hi:3": 1.6445626079505382, "S2:S_multiseason:n_hi_block_lo:2": 0.7342569155781089, "S2:S_multiseason:n_hi_block_lo:9": 0.19829838860014298, "S2:S_multiseason:n_hi_burst:5": 0.3185251584072299, "S2:S_multiseason:n_hi_full:3": 0.8740777301024166, "S2:S_multiseason:n_hi_rand_hi:0": 0.8571995473528912, "S2:S_multiseason:n_hi_rand_hi:8": 0.8517071260937269, "S2:S_multiseason:n_hi_rand_lo:4": 0.2301690930200527, "S2:S_multiseason:n_lo_block_hi:3": 0.518579457905432,