{"S2:S_both:n_hi_block_hi:0": 2.16013331444695, "S2:S_both:n_hi_block_hi:7": 2.0675318019897895, "S2:S_both:n_hi_block_lo:4": 2.067510033483529, "S2:S_both:n_hi_burst:2": 2.0262612487905183, "S2:S_both:n_hi_burst:9": 2.3215940013885534, "S2:S_both:n_hi_full:4": 2.2277357195127987, "S2:S_both:n_hi_rand_hi:2": 2.4707128871413464, "S2:S_both:n_hi_rand_lo:1": 2.154166100053116, "S2:S_both:n_hi_rand_lo:7": 2.2030555572851918, "S2:S_both:n_lo_block_hi:5": 1.9337352606588398, "S2:S_both:n_lo_block_lo:1": 2.491095314546893, "S2:S_both:n_lo_block_lo:8": 2.7181031223372094, "S2:S_both:n_lo_burst:6": 2.9824927358735493, "S2:S_both:n_lo_full:2": 2.4550983244779188, "S2:S_both:n_lo_rand_hi:0": 1.8330653045518475, "S2:S_both:n_lo_rand_hi:5": 2.30288278674753, "S2:S_both:n_lo_rand_lo:6": 3.246086095287189, "S2:S_multiseason:n_hi_block_hi:1": 0.3888466082052441, "S2:S_multiseason:n_hi_block_hi:8": 0.9418514325239853, "S2:S_multiseason:n_hi_block_lo:7": 0.9529123629844288, "S2:S_multiseason:n_hi_burst:3": 1.0197278144340545, "S2:S_multiseason:n_hi_full:1": 0.5074144033851368, "S2:S_multiseason:n_hi_full:8": 0.38954086321124554, "S2:S_multiseason:n_hi_rand_hi:6": 0.9592874377360023, "S2:S_multiseason:n_hi_rand_lo:2": 0.5597434034952361, "S2:S_multiseason:n_hi_rand_lo:7": 0.5371191303348019, "S2:S_multiseason:n_lo_block_hi:7": 0.3427364004747391, "S2:S_multiseason:n_lo_block_lo:2": 1.1872728636787422, "S2:S_multiseason:n_lo_burst:0": 0.6554594766134744, "S2:S_multiseason:n_lo_burst:7": 1.45956827745938, "S2:S_multiseason:n_lo_full:5": 0.3082559028738105, "S2:S_multiseason:n_lo_rand_hi:3": 0.16373114991619664, "S2:S_multiseason:n_lo_rand_hi:8": 1.0434834567720288, "S2:S_multiseason:n_lo_rand_lo:6": 0.4460175973502732, "S2:S_regime:n_hi_block_hi:3": 7.700013065705726, "S2:S_regime:n_hi_block_lo:0": 3.2448316245059927, "S2:S_regime:n_hi_block_lo:8": 6.620594601900995, "S2:S_regime:n_hi_burst:3": 3.944655071439282, "S2:S_regime:n_hi_full:1": 3.0253064737092044, "S2:S_regime:n_hi_full:9": 3.9975474822262167, "S2:S_regime:n_hi_rand_hi:6": 4.614925341000393, "S2:S_regime:n_hi_rand_lo:3": 1.2241147284821474, "S2:S_regime:n_lo_block_hi:0": 4.64330139285666, "S2:S_regime:n_lo_block_hi:5": 1.0074373176854865, "S2:S_regime:n_lo_block_lo:5": 2.6588004695319576, "S2:S_regime:n_lo_burst:2": 3.216083627284501, "S2:S_regime:n_lo_burst:9": 1.1396908451779424, "S2:S_regime:n_lo_full:5": 1.2256330192637288, "S2:S_regime:n_lo_rand_hi:3": 6.486565305619968, "S2:S_regime:n_lo_rand_lo:0": 4.469617308080116, "S2:S_regime:n_lo_rand_lo:7": 3.932554380768607, "S2:S_trend:n_hi_block_hi:4": 7.152150729318113, "S2:S_trend:n_hi_block_lo:1": 9.195798148650272, "S2:S_trend:n_hi_block_lo:9": 6.994020377278693, "S2:S_trend:n_hi_burst:6": 7.034233863057178, "S2:S_trend:n_hi_full:2": 6.985015963299305, "S2:S_trend:n_hi_rand_hi:0": 6.816578288676489, "S2:S_trend:n_hi_rand_hi:8": 7.311826021741785, "S2:S_trend:n_hi_rand_lo:6": 6.987414759342542, "S2:S_trend:n_lo_block_hi:3": 10.580443993559495, "S2:S_trend:n_lo_block_hi:9": 8.433913580081162, "S2:S_trend:n_lo_block_lo:6": 8.369569992946971, "S2:S_trend:n_lo_burst:2": 7.628153620638324, "S2:S_trend:n_lo_full:0": 8.655681762410989, "S2:S_trend:n_lo_full:8": 6.443840340980772, "S2:S_trend:n_lo_rand_hi:4": 7.304470221304181, "S2:S_trend:n_lo_rand_lo:1": 7.308320577988062, "S2:S_trend:n_lo_rand_lo:9": 8.945071201100394, "S2:S_both:n_hi_block_hi:1": 2.056585746547466, "S2:S_both:n_hi_block_hi:8": 2.049297111398638, "S2:S_both:n_hi_block_lo:6": 2.282545410199836, "S2:S_both:n_hi_burst:4": 1.9876029591328628, "S2:S_both:n_hi_full:0": 1.9880809706748752, "S2:S_both:n_hi_full:5": 1.9244523736757555, "S2:S_both:n_hi_rand_hi:4": 3.6360375791952024, "S2:S_both:n_hi_rand_lo:2": 1.9826809459780248, "S2:S_both:n_hi_rand_lo:9": 1.9505414317353877, "S2:S_both:n_lo_block_hi:6": 2.2468312612413808, "S2:S_both:n_lo_block_lo:2": 2.1547314008342333, "S2:S_both:n_lo_burst:0": 2.6645949132025266, "S2:S_both:n_lo_burst:7": 2.402419398028396, "S2:S_both:n_lo_full:4": 1.8850403968378224, "S2:S_both:n_lo_rand_hi:1": 2.595372987293328, "S2:S_both:n_lo_rand_hi:9": 2.726666465618157, "S2:S_both:n_lo_rand_lo:7": 2.268661849058505, "S2:S_multiseason:n_hi_block_hi:2": 1.0528865372542227, "S2:S_multiseason:n_hi_block_lo:0": 1.558051013639614, "S2:S_multiseason:n_hi_block_lo:8": 0.6016750695345159, "S2:S_multiseason:n_hi_burst:4": 1.54787717721286, "S2:S_multiseason:n_hi_full:2": 1.0038245448558596, "S2:S_multiseason:n_hi_full:9": 0.6481385400205384, "S2:S_multiseason:n_hi_rand_hi:7": 0.25473695295283694, "S2:S_multiseason:n_hi_rand_lo:3": 1.4571174510708746, "S2:S_multiseason:n_lo_block_hi:1": 1.3096324377155486, "S2:S_multiseason:n_lo_block_hi:8": 0.5048099735119503, "S2:S_multiseason:n_lo_block_lo:3": 0.9823553883064082, "S2:S_multiseason:n_lo_burst:2": 0.9745362410016113, "S2:S_multiseason:n_lo_burst:8": 0.8641690366150488, "S2:S_multiseason:n_lo_full:6": 1.2611840182715188, "S2:S_multiseason:n_lo_rand_hi:4": 0.7870955402927021, "S2:S_multiseason:n_lo_rand_lo:0": 0.592552600660083, "S2:S_multiseason:n_lo_rand_lo:7": 0.692510756162112, "S2:S_regime:n_hi_block_hi:6": 1.6013976049777263, "S2:S_regime:n_hi_block_lo:2": 6.732485655140029, "S2:S_regime:n_hi_block_lo:9": 2.212685954164942, "S2:S_regime:n_hi_burst:4": 6.184924010845186, "S2:S_regime:n_hi_full:3": 1.6145387391760022, "S2:S_regime:n_hi_rand_hi:1": 1.266632996321312, "S2:S_regime:n_hi_rand_hi:8": 2.117770083584693, "S2:S_regime:n_hi_rand_lo:4": 1.0159582229012154, "S2:S_regime:n_lo_block_hi:1": 3.0720516212586855, "S2:S_regime:n_lo_block_hi:7": 11.735258663144048, "S2:S_regime:n_lo_block_lo:6": 2.0543674424296237, "S2:S_regime:n_lo_burst:3": 1.1395776413246639, "S2:S_regime:n_lo_full:0": 1.213806581876341, "S2:S_regime:n_lo_full:7": 1.8511369041108476, "S2:S_regime:n_lo_rand_hi:4": 1.6227803380433385, "S2:S_regime:n_lo_rand_lo:1": 2.4513524917287457, "S2:S_regime:n_lo_rand_lo:9": 1.3934789761033277, "S2:S_trend:n_hi_block_hi:5": 7.063819242266155, "S2:S_trend:n_hi_block_lo:3": 6.974276414888256, "S2:S_trend:n_hi_burst:0": 7.2815458745676915, "S2:S_trend:n_hi_burst:8": 7.025619148728919, "S2:S_trend:n_hi_full:6": 6.799489958430678, "S2:S_trend:n_hi_rand_hi:2": 6.6508574222772046, "S2:S_trend:n_hi_rand_hi:9": 8.923288436499243, "S2:S_trend:n_hi_rand_lo:7": 7.02423669470965, "S2:S_trend:n_lo_block_hi:5": 5.584054172223815, "S2:S_trend:n_lo_block_lo:1": 9.562508386832656, "S2:S_trend:n_lo_block_lo:7": 8.34433846157382, "S2:S_trend:n_lo_burst:5": 5.5564264508362085, "S2:S_trend:n_lo_full:1": 6.22084946936816, "S2:S_trend:n_lo_full:9": 7.825530049643001, "S2:S_trend:n_lo_rand_hi:5": 5.994922802232905, "S2:S_trend:n_lo_rand_lo:2": 5.593555001145119, "S2:S_both:n_hi_block_hi:2": 2.194654591284332, "S2:S_both:n_hi_block_lo:0": 2.232725774115032, "S2:S_both:n_hi_block_lo:7": 2.182521572847659, "S2:S_both:n_hi_burst:6": 1.6091719065080576, "S2:S_both:n_hi_full:1": 2.0559097194496663, "S2:S_both:n_hi_full:7": 2.318331022316896, "S2:S_both:n_hi_rand_hi:6": 2.0698997181708356, "S2:S_both:n_hi_rand_lo:3": 2.391369272411065, "S2:S_both:n_lo_block_hi:0": 2.0411781685128836, "S2:S_both:n_lo_block_hi:7": 1.587343631732355, "S2:S_both:n_lo_block_lo:3": 3.5880532323343055, "S2:S_both:n_lo_burst:3": 3.164346141770409, "S2:S_both:n_lo_burst:8": 2.935289581807411, "S2:S_both:n_lo_full:5": 3.3969702690756125, "S2:S_both:n_lo_rand_hi:2": 2.5679011408411867, "S2:S_both:n_lo_rand_lo:1": 1.8212658092816474, "S2:S_both:n_lo_rand_lo:8": 2.722312234770199, "S2:S_multiseason:n_hi_block_hi:3": 1.5954770536201717, "S2:S_multiseason:n_hi_block_lo:2": 0.9021878761687564, "S2:S_multiseason:n_hi_block_lo:9": 0.7863595762463496, "S2:S_multiseason:n_hi_burst:5": 0.617970123634239, "S2:S_multiseason:n_hi_full:3": 0.9351693858557927, "S2:S_multiseason:n_hi_rand_hi:0": 0.9912378909343228, "S2:S_multiseason:n_hi_rand_hi:8": 1.0262187012429234, "S2:S_multiseason:n_hi_rand_lo:4": 0.20710246723386658, "S2:S_multiseason:n_lo_block_hi:3": 0.7459384237559791,