{"S2:S_both:n_hi_block_hi:0": 2.087722751408015, "S2:S_both:n_hi_block_hi:7": 2.729792317870361, "S2:S_both:n_hi_block_lo:4": 2.8948455840778426, "S2:S_both:n_hi_burst:2": 2.3157984472580373, "S2:S_both:n_hi_burst:9": 2.391675654589826, "S2:S_both:n_hi_full:4": 2.555378782748158, "S2:S_both:n_hi_rand_hi:2": 2.7535344469353475, "S2:S_both:n_hi_rand_lo:1": 2.462782244058475, "S2:S_both:n_hi_rand_lo:7": 2.302162990897096, "S2:S_both:n_lo_block_hi:5": 2.0389099973366784, "S2:S_both:n_lo_block_lo:1": 2.4339263779738833, "S2:S_both:n_lo_block_lo:8": 3.0090867172287585, "S2:S_both:n_lo_burst:6": 3.5418772907732414, "S2:S_both:n_lo_full:2": 2.304942001664252, "S2:S_both:n_lo_rand_hi:0": 2.5617791779154517, "S2:S_both:n_lo_rand_hi:5": 2.1971000433387635, "S2:S_both:n_lo_rand_lo:6": 3.0973474833123142, "S2:S_multiseason:n_hi_block_hi:1": 0.6975007720754052, "S2:S_multiseason:n_hi_block_hi:8": 1.0059202224270511, "S2:S_multiseason:n_hi_block_lo:7": 1.0494489770848827, "S2:S_multiseason:n_hi_burst:3": 1.0978946164700556, "S2:S_multiseason:n_hi_full:1": 0.586669785150915, "S2:S_multiseason:n_hi_full:8": 0.4375683666573796, "S2:S_multiseason:n_hi_rand_hi:6": 1.0453958628995794, "S2:S_multiseason:n_hi_rand_lo:2": 0.6195860800073565, "S2:S_multiseason:n_hi_rand_lo:7": 0.5783921367543312, "S2:S_multiseason:n_lo_block_hi:7": 0.28984790408190136, "S2:S_multiseason:n_lo_block_lo:2": 1.2337142044546014, "S2:S_multiseason:n_lo_burst:0": 0.7176307989416624, "S2:S_multiseason:n_lo_burst:7": 1.5134962217522105, "S2:S_multiseason:n_lo_full:5": 0.34058804711057744, "S2:S_multiseason:n_lo_rand_hi:3": 0.1478194259554591, "S2:S_multiseason:n_lo_rand_hi:8": 1.0772586013098269, "S2:S_multiseason:n_lo_rand_lo:6": 0.4955345313698932, "S2:S_regime:n_hi_block_hi:3": 7.034038702141901, "S2:S_regime:n_hi_block_lo:0": 3.539603100138694, "S2:S_regime:n_hi_block_lo:8": 7.008634490187632, "S2:S_regime:n_hi_burst:3": 3.841813271640973, "S2:S_regime:n_hi_full:1": 2.819458209466668, "S2:S_regime:n_hi_full:9": 4.593370575064348, "S2:S_regime:n_hi_rand_hi:6": 4.10572842039356, "S2:S_regime:n_hi_rand_lo:3": 1.1865392283810818, "S2:S_regime:n_lo_block_hi:0": 5.154787452815835, "S2:S_regime:n_lo_block_hi:5": 1.3304502817682098, "S2:S_regime:n_lo_block_lo:5": 2.489756837026868, "S2:S_regime:n_lo_burst:2": 2.9368616324288994, "S2:S_regime:n_lo_burst:9": 1.0766613056125887, "S2:S_regime:n_lo_full:5": 1.3359425293700382, "S2:S_regime:n_lo_rand_hi:3": 5.597331899130211, "S2:S_regime:n_lo_rand_lo:0": 5.658035233154722, "S2:S_regime:n_lo_rand_lo:7": 5.5044920365332946, "S2:S_trend:n_hi_block_hi:4": 7.102061552435058, "S2:S_trend:n_hi_block_lo:1": 9.512504721323301, "S2:S_trend:n_hi_block_lo:9": 6.4617333214046155, "S2:S_trend:n_hi_burst:6": 9.61582047126959, "S2:S_trend:n_hi_full:2": 9.475605413660618, "S2:S_trend:n_hi_rand_hi:0": 5.837324455335702, "S2:S_trend:n_hi_rand_hi:8": 6.343068237088261, "S2:S_trend:n_hi_rand_lo:6": 6.452230463042228, "S2:S_trend:n_lo_block_hi:3": 9.359969434757696, "S2:S_trend:n_lo_block_hi:9": 8.083696754292598, "S2:S_trend:n_lo_block_lo:6": 8.155526426695248, "S2:S_trend:n_lo_burst:2": 6.422939894254471, "S2:S_trend:n_lo_full:0": 7.720045240967271, "S2:S_trend:n_lo_full:8": 5.733126351700117, "S2:S_trend:n_lo_rand_hi:4": 6.852858697986988, "S2:S_trend:n_lo_rand_lo:1": 7.012386184780162, "S2:S_trend:n_lo_rand_lo:9": 11.45187899131203, "S2:S_both:n_hi_block_hi:1": 2.654432153987254, "S2:S_both:n_hi_block_hi:8": 2.4507935542375217, "S2:S_both:n_hi_block_lo:6": 2.834759409732447, "S2:S_both:n_hi_burst:4": 2.499225535900643, "S2:S_both:n_hi_full:0": 2.4396713927775147, "S2:S_both:n_hi_full:5": 2.910968369405854, "S2:S_both:n_hi_rand_hi:4": 3.3369752076291865, "S2:S_both:n_hi_rand_lo:2": 2.2231483056894894, "S2:S_both:n_hi_rand_lo:9": 2.5568604950181557, "S2:S_both:n_lo_block_hi:6": 2.4843285998277396, "S2:S_both:n_lo_block_lo:2": 2.983265999333018, "S2:S_both:n_lo_burst:0": 2.8985972549312566, "S2:S_both:n_lo_burst:7": 2.8556458474691695, "S2:S_both:n_lo_full:4": 1.9052797814012237, "S2:S_both:n_lo_rand_hi:1": 2.301599177853202, "S2:S_both:n_lo_rand_hi:9": 3.0557497350777845, "S2:S_both:n_lo_rand_lo:7": 2.255745836873696, "S2:S_multiseason:n_hi_block_hi:2": 1.055461621271644, "S2:S_multiseason:n_hi_block_lo:0": 1.6177160198473168, "S2:S_multiseason:n_hi_block_lo:8": 0.7241595124778998, "S2:S_multiseason:n_hi_burst:4": 1.4193274218985972, "S2:S_multiseason:n_hi_full:2": 1.0459640646476969, "S2:S_multiseason:n_hi_full:9": 0.602845877382409, "S2:S_multiseason:n_hi_rand_hi:7": 0.28320472533468405, "S2:S_multiseason:n_hi_rand_lo:3": 1.5076301776367533, "S2:S_multiseason:n_lo_block_hi:1": 1.3084042112797278, "S2:S_multiseason:n_lo_block_hi:8": 0.5222705181784209, "S2:S_multiseason:n_lo_block_lo:3": 1.0551310444537219, "S2:S_multiseason:n_lo_burst:2": 1.2119776690996797, "S2:S_multiseason:n_lo_burst:8": 0.8894526295868509, "S2:S_multiseason:n_lo_full:6": 1.40568154511684, "S2:S_multiseason:n_lo_rand_hi:4": 0.8549454052338858, "S2:S_multiseason:n_lo_rand_lo:0": 0.6448098071753883, "S2:S_multiseason:n_lo_rand_lo:7": 0.8402117564745153, "S2:S_regime:n_hi_block_hi:6": 3.702384452772289, "S2:S_regime:n_hi_block_lo:2": 6.499380427898959, "S2:S_regime:n_hi_block_lo:9": 2.245753994561668, "S2:S_regime:n_hi_burst:4": 5.955355421528545, "S2:S_regime:n_hi_full:3": 2.071648206434091, "S2:S_regime:n_hi_rand_hi:1": 1.2955696640240333, "S2:S_regime:n_hi_rand_hi:8": 2.1257117514649018, "S2:S_regime:n_hi_rand_lo:4": 2.8650431013008824, "S2:S_regime:n_lo_block_hi:1": 3.51282766912363, "S2:S_regime:n_lo_block_hi:7": 13.041224231899118, "S2:S_regime:n_lo_block_lo:6": 2.127136315359721, "S2:S_regime:n_lo_burst:3": 1.2016297801314648, "S2:S_regime:n_lo_full:0": 1.2210117037699662, "S2:S_regime:n_lo_full:7": 1.9485388620328075, "S2:S_regime:n_lo_rand_hi:4": 1.595777547100636, "S2:S_regime:n_lo_rand_lo:1": 2.4514054187415555, "S2:S_regime:n_lo_rand_lo:9": 1.354041731370858, "S2:S_trend:n_hi_block_hi:5": 5.971286587596493, "S2:S_trend:n_hi_block_lo:3": 6.252194535302481, "S2:S_trend:n_hi_burst:0": 6.701886038847847, "S2:S_trend:n_hi_burst:8": 6.488206226521795, "S2:S_trend:n_hi_full:6": 6.031890882613352, "S2:S_trend:n_hi_rand_hi:2": 5.591687400915675, "S2:S_trend:n_hi_rand_hi:9": 9.717323572638405, "S2:S_trend:n_hi_rand_lo:7": 5.802245834120826, "S2:S_trend:n_lo_block_hi:5": 5.660052967094863, "S2:S_trend:n_lo_block_lo:1": 9.289261162207683, "S2:S_trend:n_lo_block_lo:7": 9.287752213351242, "S2:S_trend:n_lo_burst:5": 5.958192489472625, "S2:S_trend:n_lo_full:1": 5.810350483939763, "S2:S_trend:n_lo_full:9": 13.795490324508894, "S2:S_trend:n_lo_rand_hi:5": 6.218982051565162, "S2:S_trend:n_lo_rand_lo:2": 6.325107699673938, "S2:S_both:n_hi_block_hi:2": 2.591738827227111, "S2:S_both:n_hi_block_lo:0": 2.6769315931689337, "S2:S_both:n_hi_block_lo:7": 2.4774374219385753, "S2:S_both:n_hi_burst:6": 1.7176637632798069, "S2:S_both:n_hi_full:1": 2.6169018473182164, "S2:S_both:n_hi_full:7": 2.4552227921301255, "S2:S_both:n_hi_rand_hi:6": 2.6415835580148044, "S2:S_both:n_hi_rand_lo:3": 2.799323858197449, "S2:S_both:n_lo_block_hi:0": 1.8624568748260157, "S2:S_both:n_lo_block_hi:7": 2.259302415341109, "S2:S_both:n_lo_block_lo:3": 3.6466221970426966, "S2:S_both:n_lo_burst:3": 3.5934254186665124, "S2:S_both:n_lo_burst:8": 2.7533125813380352, "S2:S_both:n_lo_full:5": 3.366783384650603, "S2:S_both:n_lo_rand_hi:2": 2.5959660615590776, "S2:S_both:n_lo_rand_lo:1": 2.128058782991517, "S2:S_both:n_lo_rand_lo:8": 3.994021583179081, "S2:S_multiseason:n_hi_block_hi:3": 1.6353623722943578, "S2:S_multiseason:n_hi_block_lo:2": 0.953369814291074, "S2:S_multiseason:n_hi_block_lo:9": 0.563232048685014, "S2:S_multiseason:n_hi_burst:5": 0.6462907966242012, "S2:S_multiseason:n_hi_full:3": 0.9624694393794897, "S2:S_multiseason:n_hi_rand_hi:0": 1.0868113067123157, "S2:S_multiseason:n_hi_rand_hi:8": 1.1259895918975211, "S2:S_multiseason:n_hi_rand_lo:4": 0.21098245411961689, "S2:S_multiseason:n_lo_block_hi:3": 0.8436146198047614,