{"S2:S_both:n_hi_block_hi:0": 2.026625895915919, "S2:S_both:n_hi_block_hi:7": 1.9348534161364583, "S2:S_both:n_hi_block_lo:4": 1.8982467735494073, "S2:S_both:n_hi_burst:2": 1.9635799927582103, "S2:S_both:n_hi_burst:9": 1.9834984483431433, "S2:S_both:n_hi_full:4": 2.028434599302977, "S2:S_both:n_hi_rand_hi:2": 2.1413859091982923, "S2:S_both:n_hi_rand_lo:1": 1.909827084222716, "S2:S_both:n_hi_rand_lo:7": 2.025722872873599, "S2:S_both:n_lo_block_hi:5": 1.9037207241776142, "S2:S_both:n_lo_block_lo:1": 1.7030746665195258, "S2:S_both:n_lo_block_lo:8": 2.023948718464529, "S2:S_both:n_lo_burst:6": 2.026470537870309, "S2:S_both:n_lo_full:2": 2.647000593719628, "S2:S_both:n_lo_rand_hi:0": 1.638283622556092, "S2:S_both:n_lo_rand_hi:5": 1.8245214113941028, "S2:S_both:n_lo_rand_lo:6": 2.8109381037889043, "S2:S_multiseason:n_hi_block_hi:1": 0.07374924061772967, "S2:S_multiseason:n_hi_block_hi:8": 0.8659299676069776, "S2:S_multiseason:n_hi_block_lo:7": 1.4945616204194911, "S2:S_multiseason:n_hi_burst:3": 0.9009500952980222, "S2:S_multiseason:n_hi_full:1": 0.3640171074492089, "S2:S_multiseason:n_hi_full:8": 0.3348387223628251, "S2:S_multiseason:n_hi_rand_hi:6": 0.647451896187163, "S2:S_multiseason:n_hi_rand_lo:2": 0.4660344682384288, "S2:S_multiseason:n_hi_rand_lo:7": 0.5022944304868417, "S2:S_multiseason:n_lo_block_hi:7": 0.3987696468206517, "S2:S_multiseason:n_lo_block_lo:2": 1.3546793164753725, "S2:S_multiseason:n_lo_burst:0": 0.4054393858154788, "S2:S_multiseason:n_lo_burst:7": 1.1048356185820516, "S2:S_multiseason:n_lo_full:5": 0.35096714179180194, "S2:S_multiseason:n_lo_rand_hi:3": 0.26044159502231135, "S2:S_multiseason:n_lo_rand_hi:8": 0.9245187996148296, "S2:S_multiseason:n_lo_rand_lo:6": 0.39297995312840905, "S2:S_regime:n_hi_block_hi:3": 7.3228453737253405, "S2:S_regime:n_hi_block_lo:0": 3.229038523165217, "S2:S_regime:n_hi_block_lo:8": 7.374331838571291, "S2:S_regime:n_hi_burst:3": 3.738519320715223, "S2:S_regime:n_hi_full:1": 2.7240937061846893, "S2:S_regime:n_hi_full:9": 5.086306153866425, "S2:S_regime:n_hi_rand_hi:6": 4.458594591477485, "S2:S_regime:n_hi_rand_lo:3": 1.1869692218596888, "S2:S_regime:n_lo_block_hi:0": 4.1955653121417775, "S2:S_regime:n_lo_block_hi:5": 1.297904085793333, "S2:S_regime:n_lo_block_lo:5": 2.817745503262592, "S2:S_regime:n_lo_burst:2": 2.609567353526003, "S2:S_regime:n_lo_burst:9": 1.375342029707931, "S2:S_regime:n_lo_full:5": 1.2746735540837348, "S2:S_regime:n_lo_rand_hi:3": 3.9406163483895797, "S2:S_regime:n_lo_rand_lo:0": 4.195479692323462, "S2:S_regime:n_lo_rand_lo:7": 3.4149165074684316, "S2:S_trend:n_hi_block_hi:4": 6.602497980907277, "S2:S_trend:n_hi_block_lo:1": 9.646582914799286, "S2:S_trend:n_hi_block_lo:9": 6.615373020343705, "S2:S_trend:n_hi_burst:6": 6.692393813275787, "S2:S_trend:n_hi_full:2": 6.5242235312044965, "S2:S_trend:n_hi_rand_hi:0": 6.418033042339094, "S2:S_trend:n_hi_rand_hi:8": 6.790681527720941, "S2:S_trend:n_hi_rand_lo:6": 6.575730265323459, "S2:S_trend:n_lo_block_hi:3": 12.373785714321636, "S2:S_trend:n_lo_block_hi:9": 8.261678296409233, "S2:S_trend:n_lo_block_lo:6": 6.576528608618811, "S2:S_trend:n_lo_burst:2": 7.5348889004008015, "S2:S_trend:n_lo_full:0": 10.04787083710221, "S2:S_trend:n_lo_full:8": 4.394338339012978, "S2:S_trend:n_lo_rand_hi:4": 7.610221919779953, "S2:S_trend:n_lo_rand_lo:1": 4.074789499540038, "S2:S_trend:n_lo_rand_lo:9": 8.627434527932644, "S2:S_both:n_hi_block_hi:1": 1.7890959367342993, "S2:S_both:n_hi_block_hi:8": 1.9691483547967563, "S2:S_both:n_hi_block_lo:6": 2.077905855174245, "S2:S_both:n_hi_burst:4": 1.8684408653237392, "S2:S_both:n_hi_full:0": 1.8894735610973967, "S2:S_both:n_hi_full:5": 1.831506882424837, "S2:S_both:n_hi_rand_hi:4": 2.006212868637023, "S2:S_both:n_hi_rand_lo:2": 1.9146330150342128, "S2:S_both:n_hi_rand_lo:9": 1.8835415509234927, "S2:S_both:n_lo_block_hi:6": 1.5830445716551238, "S2:S_both:n_lo_block_lo:2": 1.6574819604986137, "S2:S_both:n_lo_burst:0": 2.2141218209375815, "S2:S_both:n_lo_burst:7": 1.670137684260929, "S2:S_both:n_lo_full:4": 3.1189356212178048, "S2:S_both:n_lo_rand_hi:1": 1.6849826531155874, "S2:S_both:n_lo_rand_hi:9": 2.855983234774108, "S2:S_both:n_lo_rand_lo:7": 1.5734249674340666, "S2:S_multiseason:n_hi_block_hi:2": 0.954934161270324, "S2:S_multiseason:n_hi_block_lo:0": 1.4391017406402327, "S2:S_multiseason:n_hi_block_lo:8": 0.4000079273858681, "S2:S_multiseason:n_hi_burst:4": 1.3818723441145022, "S2:S_multiseason:n_hi_full:2": 1.000688618884784, "S2:S_multiseason:n_hi_full:9": 0.4476633597798739, "S2:S_multiseason:n_hi_rand_hi:7": 0.24705816500186997, "S2:S_multiseason:n_hi_rand_lo:3": 1.3943090540886742, "S2:S_multiseason:n_lo_block_hi:1": 1.1250025864792421, "S2:S_multiseason:n_lo_block_hi:8": 0.7784466467996229, "S2:S_multiseason:n_lo_block_lo:3": 0.9800058475233776, "S2:S_multiseason:n_lo_burst:2": 0.8970853656392156, "S2:S_multiseason:n_lo_burst:8": 0.9252278617336498, "S2:S_multiseason:n_lo_full:6": 0.9691399646866157, "S2:S_multiseason:n_lo_rand_hi:4": 0.6810705550904248, "S2:S_multiseason:n_lo_rand_lo:0": 0.565970723463474, "S2:S_multiseason:n_lo_rand_lo:7": 0.3525909900613525, "S2:S_regime:n_hi_block_hi:6": 2.2635007980701234, "S2:S_regime:n_hi_block_lo:2": 6.392587523403393, "S2:S_regime:n_hi_block_lo:9": 2.572349366553017, "S2:S_regime:n_hi_burst:4": 6.127699202085571, "S2:S_regime:n_hi_full:3": 1.5399040437588019, "S2:S_regime:n_hi_rand_hi:1": 1.323098323173753, "S2:S_regime:n_hi_rand_hi:8": 2.1262644082296536, "S2:S_regime:n_hi_rand_lo:4": 1.037181663048805, "S2:S_regime:n_lo_block_hi:1": 3.265247655425593, "S2:S_regime:n_lo_block_hi:7": 12.341906000599817, "S2:S_regime:n_lo_block_lo:6": 1.7731083347402705, "S2:S_regime:n_lo_burst:3": 1.2158843762103675, "S2:S_regime:n_lo_full:0": 1.184689555104329, "S2:S_regime:n_lo_full:7": 3.577266936455809, "S2:S_regime:n_lo_rand_hi:4": 1.678379500218219, "S2:S_regime:n_lo_rand_lo:1": 3.10724309942801, "S2:S_regime:n_lo_rand_lo:9": 1.325187408483671, "S2:S_trend:n_hi_block_hi:5": 6.752755472911406, "S2:S_trend:n_hi_block_lo:3": 6.964521788956007, "S2:S_trend:n_hi_burst:0": 7.0187987478962475, "S2:S_trend:n_hi_burst:8": 6.904239083046983, "S2:S_trend:n_hi_full:6": 6.51111895467016, "S2:S_trend:n_hi_rand_hi:2": 6.410265178002351, "S2:S_trend:n_hi_rand_hi:9": 6.675288096029403, "S2:S_trend:n_hi_rand_lo:7": 6.7008355893198495, "S2:S_trend:n_lo_block_hi:5": 6.210201172023035, "S2:S_trend:n_lo_block_lo:1": 10.542785744881266, "S2:S_trend:n_lo_block_lo:7": 7.118754794225064, "S2:S_trend:n_lo_burst:5": 4.56478188948132, "S2:S_trend:n_lo_full:1": 5.884804213417075, "S2:S_trend:n_lo_full:9": 6.53403720457384, "S2:S_trend:n_lo_rand_hi:5": 5.501168172786543, "S2:S_trend:n_lo_rand_lo:2": 4.889461128825309, "S2:S_both:n_hi_block_hi:2": 2.0677453069290745, "S2:S_both:n_hi_block_lo:0": 1.8911610544855804, "S2:S_both:n_hi_block_lo:7": 2.020012347841254, "S2:S_both:n_hi_burst:6": 2.0337586550415447, "S2:S_both:n_hi_full:1": 1.9215333307181235, "S2:S_both:n_hi_full:7": 2.1385038089987143, "S2:S_both:n_hi_rand_hi:6": 1.9235506792995594, "S2:S_both:n_hi_rand_lo:3": 2.2215861870610834, "S2:S_both:n_lo_block_hi:0": 1.7742113826840864, "S2:S_both:n_lo_block_hi:7": 1.4729304531168064, "S2:S_both:n_lo_block_lo:3": 3.201109286772197, "S2:S_both:n_lo_burst:3": 2.5751087496002336, "S2:S_both:n_lo_burst:8": 2.6141686586998003, "S2:S_both:n_lo_full:5": 2.0150684926837363, "S2:S_both:n_lo_rand_hi:2": 2.0106857441170387, "S2:S_both:n_lo_rand_lo:1": 1.6520838970000151, "S2:S_both:n_lo_rand_lo:8": 2.428855074953068, "S2:S_multiseason:n_hi_block_hi:3": 1.604969881172593, "S2:S_multiseason:n_hi_block_lo:2": 0.7391239220878106, "S2:S_multiseason:n_hi_block_lo:9": 0.17105202970006803, "S2:S_multiseason:n_hi_burst:5": 0.39948423623901524, "S2:S_multiseason:n_hi_full:3": 0.8876662327887045, "S2:S_multiseason:n_hi_rand_hi:0": 0.8268834592755184, "S2:S_multiseason:n_hi_rand_hi:8": 0.9000473156850688, "S2:S_multiseason:n_hi_rand_lo:4": 0.18926534994460456, "S2:S_multiseason:n_lo_block_hi:3": 1.2495927996586156,