{"S2:S_both:n_hi_block_hi:0": 1.9689356742015367, "S2:S_both:n_hi_block_hi:7": 1.7660173737465765, "S2:S_both:n_hi_block_lo:4": 1.8373864059623135, "S2:S_both:n_hi_burst:2": 1.7858612707114587, "S2:S_both:n_hi_burst:9": 1.910130141141962, "S2:S_both:n_hi_full:4": 1.7175621654938058, "S2:S_both:n_hi_rand_hi:2": 1.7027453537311308, "S2:S_both:n_hi_rand_lo:1": 1.7250599392190014, "S2:S_both:n_hi_rand_lo:7": 1.7742207856669732, "S2:S_both:n_lo_block_hi:5": 1.8596497539128078, "S2:S_both:n_lo_block_lo:1": 1.8401456165626857, "S2:S_both:n_lo_block_lo:8": 1.6664990671212987, "S2:S_both:n_lo_burst:6": 1.8089286976958612, "S2:S_both:n_lo_full:2": 1.881469515258669, "S2:S_both:n_lo_rand_hi:0": 1.709880890494282, "S2:S_both:n_lo_rand_hi:5": 1.733217341128153, "S2:S_both:n_lo_rand_lo:6": 2.0854997027044955, "S2:S_multiseason:n_hi_block_hi:1": 1.0611525340271264, "S2:S_multiseason:n_hi_block_hi:8": 1.4418728876239701, "S2:S_multiseason:n_hi_block_lo:7": 1.6249002278237603, "S2:S_multiseason:n_hi_burst:3": 1.4512060466224044, "S2:S_multiseason:n_hi_full:1": 1.0345548468747034, "S2:S_multiseason:n_hi_full:8": 1.1004074783459386, "S2:S_multiseason:n_hi_rand_hi:6": 1.2648442960499546, "S2:S_multiseason:n_hi_rand_lo:2": 1.063150835815592, "S2:S_multiseason:n_hi_rand_lo:7": 1.040943450706968, "S2:S_multiseason:n_lo_block_hi:7": 1.0887823094959839, "S2:S_multiseason:n_lo_block_lo:2": 1.3950454774914267, "S2:S_multiseason:n_lo_burst:0": 1.3010336249611423, "S2:S_multiseason:n_lo_burst:7": 1.5293627626822741, "S2:S_multiseason:n_lo_full:5": 1.0969150400344836, "S2:S_multiseason:n_lo_rand_hi:3": 1.0809425307119989, "S2:S_multiseason:n_lo_rand_hi:8": 1.2524606140195855, "S2:S_multiseason:n_lo_rand_lo:6": 1.2670429578339482, "S2:S_regime:n_hi_block_hi:3": 8.021320384173142, "S2:S_regime:n_hi_block_lo:0": 3.263252517131972, "S2:S_regime:n_hi_block_lo:8": 5.284630727719917, "S2:S_regime:n_hi_burst:3": 5.420407436463477, "S2:S_regime:n_hi_full:1": 3.13852710941832, "S2:S_regime:n_hi_full:9": 5.429238798476553, "S2:S_regime:n_hi_rand_hi:6": 4.679184539312143, "S2:S_regime:n_hi_rand_lo:3": 1.0148740236416347, "S2:S_regime:n_lo_block_hi:0": 5.16696178018791, "S2:S_regime:n_lo_block_hi:5": 0.8027176474189932, "S2:S_regime:n_lo_block_lo:5": 1.918495258070511, "S2:S_regime:n_lo_burst:2": 1.7257291433759503, "S2:S_regime:n_lo_burst:9": 1.1422903635275246, "S2:S_regime:n_lo_full:5": 1.0673370016768604, "S2:S_regime:n_lo_rand_hi:3": 5.630321623316801, "S2:S_regime:n_lo_rand_lo:0": 3.4808473874569725, "S2:S_regime:n_lo_rand_lo:7": 5.150575605558136, "S2:S_trend:n_hi_block_hi:4": 7.2273388812702875, "S2:S_trend:n_hi_block_lo:1": 7.274215247287013, "S2:S_trend:n_hi_block_lo:9": 7.226408774818385, "S2:S_trend:n_hi_burst:6": 7.287019469893076, "S2:S_trend:n_hi_full:2": 7.584967818749831, "S2:S_trend:n_hi_rand_hi:0": 7.048155297619555, "S2:S_trend:n_hi_rand_hi:8": 7.086007210374083, "S2:S_trend:n_hi_rand_lo:6": 7.112268035847864, "S2:S_trend:n_lo_block_hi:3": 9.239135441250541, "S2:S_trend:n_lo_block_hi:9": 9.481715611489406, "S2:S_trend:n_lo_block_lo:6": 8.982515412648297, "S2:S_trend:n_lo_burst:2": 7.135249953816661, "S2:S_trend:n_lo_full:0": 8.186700476962415, "S2:S_trend:n_lo_full:8": 8.035606969389558, "S2:S_trend:n_lo_rand_hi:4": 7.30078130220574, "S2:S_trend:n_lo_rand_lo:1": 8.164628872260959, "S2:S_trend:n_lo_rand_lo:9": 6.696624038607441, "S2:S_both:n_hi_block_hi:1": 1.8140774045119317, "S2:S_both:n_hi_block_hi:8": 1.7624529741844468, "S2:S_both:n_hi_block_lo:6": 1.7750943173302511, "S2:S_both:n_hi_burst:4": 1.7776119403458732, "S2:S_both:n_hi_full:0": 1.762447384659704, "S2:S_both:n_hi_full:5": 1.7664412881623957, "S2:S_both:n_hi_rand_hi:4": 1.754665177169755, "S2:S_both:n_hi_rand_lo:2": 1.778208218436662, "S2:S_both:n_hi_rand_lo:9": 1.7069478842709989, "S2:S_both:n_lo_block_hi:6": 2.595296708020725, "S2:S_both:n_lo_block_lo:2": 1.8857505509320702, "S2:S_both:n_lo_burst:0": 1.9743284892354611, "S2:S_both:n_lo_burst:7": 1.7728395810989934, "S2:S_both:n_lo_full:4": 1.9114853698184735, "S2:S_both:n_lo_rand_hi:1": 1.7330846534385214, "S2:S_both:n_lo_rand_hi:9": 1.6465191135079924, "S2:S_both:n_lo_rand_lo:7": 1.657848540468662, "S2:S_multiseason:n_hi_block_hi:2": 1.0162268730448183, "S2:S_multiseason:n_hi_block_lo:0": 1.7206988051405256, "S2:S_multiseason:n_hi_block_lo:8": 0.9630822809277955, "S2:S_multiseason:n_hi_burst:4": 1.9267235861803418, "S2:S_multiseason:n_hi_full:2": 1.5750073655990482, "S2:S_multiseason:n_hi_full:9": 0.9931506974901142, "S2:S_multiseason:n_hi_rand_hi:7": 1.2132166790993317, "S2:S_multiseason:n_hi_rand_lo:3": 1.7817251679854107, "S2:S_multiseason:n_lo_block_hi:1": 1.2845485433946253, "S2:S_multiseason:n_lo_block_hi:8": 1.0239068590224685, "S2:S_multiseason:n_lo_block_lo:3": 1.2139051018182347, "S2:S_multiseason:n_lo_burst:2": 0.9080608056732505, "S2:S_multiseason:n_lo_burst:8": 1.1259237743741224, "S2:S_multiseason:n_lo_full:6": 1.4702935231339247, "S2:S_multiseason:n_lo_rand_hi:4": 1.2179253552414588, "S2:S_multiseason:n_lo_rand_lo:0": 1.043559363153302, "S2:S_multiseason:n_lo_rand_lo:7": 1.3891247434285199, "S2:S_regime:n_hi_block_hi:6": 1.1386957406460778, "S2:S_regime:n_hi_block_lo:2": 4.841959159969622, "S2:S_regime:n_hi_block_lo:9": 3.619837927892037, "S2:S_regime:n_hi_burst:4": 6.256931020247467, "S2:S_regime:n_hi_full:3": 2.766674969151977, "S2:S_regime:n_hi_rand_hi:1": 1.4045923645598548, "S2:S_regime:n_hi_rand_hi:8": 1.5504948201786155, "S2:S_regime:n_hi_rand_lo:4": 1.4076836479470982, "S2:S_regime:n_lo_block_hi:1": 1.0712266774844637, "S2:S_regime:n_lo_block_hi:7": 6.042860799618701, "S2:S_regime:n_lo_block_lo:6": 2.541510457380234, "S2:S_regime:n_lo_burst:3": 1.4520681372070858, "S2:S_regime:n_lo_full:0": 1.4557995416257137, "S2:S_regime:n_lo_full:7": 2.459872882405722, "S2:S_regime:n_lo_rand_hi:4": 1.350567640344814, "S2:S_regime:n_lo_rand_lo:1": 2.722179963844418, "S2:S_regime:n_lo_rand_lo:9": 1.172550556077091, "S2:S_trend:n_hi_block_hi:5": 7.226739064194902, "S2:S_trend:n_hi_block_lo:3": 7.307598633762236, "S2:S_trend:n_hi_burst:0": 7.273464879984522, "S2:S_trend:n_hi_burst:8": 7.379213489267406, "S2:S_trend:n_hi_full:6": 7.242927290042504, "S2:S_trend:n_hi_rand_hi:2": 7.331378749395109, "S2:S_trend:n_hi_rand_hi:9": 7.652163679915382, "S2:S_trend:n_hi_rand_lo:7": 6.681171377792804, "S2:S_trend:n_lo_block_hi:5": 6.984988793622319, "S2:S_trend:n_lo_block_lo:1": 10.764202690957438, "S2:S_trend:n_lo_block_lo:7": 8.974265814543111, "S2:S_trend:n_lo_burst:5": 8.60965636120642, "S2:S_trend:n_lo_full:1": 7.429191778728393, "S2:S_trend:n_lo_full:9": 7.872837643042812, "S2:S_trend:n_lo_rand_hi:5": 6.325014597534031, "S2:S_trend:n_lo_rand_lo:2": 7.418357602815659, "S2:S_both:n_hi_block_hi:2": 1.743115631293317, "S2:S_both:n_hi_block_lo:0": 1.8193058287841921, "S2:S_both:n_hi_block_lo:7": 1.8571427049122204, "S2:S_both:n_hi_burst:6": 1.8311050828194175, "S2:S_both:n_hi_full:1": 1.7702200192911486, "S2:S_both:n_hi_full:7": 1.7813573183258655, "S2:S_both:n_hi_rand_hi:6": 1.7293656466807663, "S2:S_both:n_hi_rand_lo:3": 1.8431735336943846, "S2:S_both:n_lo_block_hi:0": 2.0935305103706034, "S2:S_both:n_lo_block_hi:7": 3.2159942124159873, "S2:S_both:n_lo_block_lo:3": 2.3908337452815402, "S2:S_both:n_lo_burst:3": 2.0313094354710772, "S2:S_both:n_lo_burst:8": 2.087267795720914, "S2:S_both:n_lo_full:5": 2.002123505826754, "S2:S_both:n_lo_rand_hi:2": 1.9652622423592374, "S2:S_both:n_lo_rand_lo:1": 1.458360381126097, "S2:S_both:n_lo_rand_lo:8": 2.05965259258952, "S2:S_multiseason:n_hi_block_hi:3": 1.6122734735101998, "S2:S_multiseason:n_hi_block_lo:2": 1.4270849153837541, "S2:S_multiseason:n_hi_block_lo:9": 0.8290466161324745, "S2:S_multiseason:n_hi_burst:5": 1.0142539526348737, "S2:S_multiseason:n_hi_full:3": 1.3989552509016123, "S2:S_multiseason:n_hi_rand_hi:0": 1.3515680089698556, "S2:S_multiseason:n_hi_rand_hi:8": 1.3924032737952559, "S2:S_multiseason:n_hi_rand_lo:4": 1.1622159830839347, "S2:S_multiseason:n_lo_block_hi:3": 1.7620790395007109,