{"S2:S_both:n_hi_block_hi:0": 2.156586576666955, "S2:S_both:n_hi_block_hi:7": 2.2963986569405854, "S2:S_both:n_hi_block_lo:4": 2.4671436656320993, "S2:S_both:n_hi_burst:2": 1.9694463944240217, "S2:S_both:n_hi_burst:9": 2.953593259687879, "S2:S_both:n_hi_full:4": 2.1732209666948785, "S2:S_both:n_hi_rand_hi:2": 2.351497175507127, "S2:S_both:n_hi_rand_lo:1": 2.1531718378759153, "S2:S_both:n_hi_rand_lo:7": 2.2002390617642646, "S2:S_both:n_lo_block_hi:5": 2.1769287105455457, "S2:S_both:n_lo_block_lo:1": 2.218840773855025, "S2:S_both:n_lo_block_lo:8": 2.852773548277359, "S2:S_both:n_lo_burst:6": 2.712020066331145, "S2:S_both:n_lo_full:2": 2.1882333903666096, "S2:S_both:n_lo_rand_hi:0": 2.629758123721184, "S2:S_both:n_lo_rand_hi:5": 2.091459275947779, "S2:S_both:n_lo_rand_lo:6": 2.9157576986794544, "S2:S_multiseason:n_hi_block_hi:1": 0.7760793107417348, "S2:S_multiseason:n_hi_block_hi:8": 1.1195176858511513, "S2:S_multiseason:n_hi_block_lo:7": 0.9483003537443121, "S2:S_multiseason:n_hi_burst:3": 1.1736201307880396, "S2:S_multiseason:n_hi_full:1": 0.7455647501031764, "S2:S_multiseason:n_hi_full:8": 0.5752789218727986, "S2:S_multiseason:n_hi_rand_hi:6": 1.0160966111079304, "S2:S_multiseason:n_hi_rand_lo:2": 0.7491385780521372, "S2:S_multiseason:n_hi_rand_lo:7": 0.7276076040210389, "S2:S_multiseason:n_lo_block_hi:7": 0.4206453468471285, "S2:S_multiseason:n_lo_block_lo:2": 1.2132244133866754, "S2:S_multiseason:n_lo_burst:0": 0.9292784859598429, "S2:S_multiseason:n_lo_burst:7": 1.4146851001058538, "S2:S_multiseason:n_lo_full:5": 0.3429452375977342, "S2:S_multiseason:n_lo_rand_hi:3": 0.45217385600587917, "S2:S_multiseason:n_lo_rand_hi:8": 1.0315368870838444, "S2:S_multiseason:n_lo_rand_lo:6": 0.8903892746597009, "S2:S_regime:n_hi_block_hi:3": 7.7102762826551, "S2:S_regime:n_hi_block_lo:0": 3.308549324957634, "S2:S_regime:n_hi_block_lo:8": 6.758950177259123, "S2:S_regime:n_hi_burst:3": 4.003356772689924, "S2:S_regime:n_hi_full:1": 2.9150839681215097, "S2:S_regime:n_hi_full:9": 4.990235974399762, "S2:S_regime:n_hi_rand_hi:6": 4.458193499775795, "S2:S_regime:n_hi_rand_lo:3": 1.230150062443371, "S2:S_regime:n_lo_block_hi:0": 5.023925422440214, "S2:S_regime:n_lo_block_hi:5": 0.8790120036969348, "S2:S_regime:n_lo_block_lo:5": 2.2363860846823918, "S2:S_regime:n_lo_burst:2": 2.7644623367567975, "S2:S_regime:n_lo_burst:9": 0.897844570042626, "S2:S_regime:n_lo_full:5": 1.1473448039432044, "S2:S_regime:n_lo_rand_hi:3": 3.6559103311633354, "S2:S_regime:n_lo_rand_lo:0": 5.068074963021183, "S2:S_regime:n_lo_rand_lo:7": 4.672978799130387, "S2:S_trend:n_hi_block_hi:4": 7.156424367622079, "S2:S_trend:n_hi_block_lo:1": 9.148132436485945, "S2:S_trend:n_hi_block_lo:9": 7.242824076590303, "S2:S_trend:n_hi_burst:6": 8.498121229126136, "S2:S_trend:n_hi_full:2": 7.266869171117815, "S2:S_trend:n_hi_rand_hi:0": 6.062077713842828, "S2:S_trend:n_hi_rand_hi:8": 6.482916020590008, "S2:S_trend:n_hi_rand_lo:6": 6.625919248699108, "S2:S_trend:n_lo_block_hi:3": 10.776206480020017, "S2:S_trend:n_lo_block_hi:9": 8.49409316232572, "S2:S_trend:n_lo_block_lo:6": 7.453758137038827, "S2:S_trend:n_lo_burst:2": 7.417036607086401, "S2:S_trend:n_lo_full:0": 7.451151366819469, "S2:S_trend:n_lo_full:8": 4.438824397266757, "S2:S_trend:n_lo_rand_hi:4": 12.024551139462403, "S2:S_trend:n_lo_rand_lo:1": 4.958150027601024, "S2:S_trend:n_lo_rand_lo:9": 10.615869849378129, "S2:S_both:n_hi_block_hi:1": 2.27942750391379, "S2:S_both:n_hi_block_hi:8": 2.2568308577519427, "S2:S_both:n_hi_block_lo:6": 2.416669882263101, "S2:S_both:n_hi_burst:4": 2.2074946180535404, "S2:S_both:n_hi_full:0": 2.14239798782339, "S2:S_both:n_hi_full:5": 2.439538379485949, "S2:S_both:n_hi_rand_hi:4": 2.9267976282720456, "S2:S_both:n_hi_rand_lo:2": 1.9055350770532844, "S2:S_both:n_hi_rand_lo:9": 1.0824300337769763, "S2:S_both:n_lo_block_hi:6": 2.006049692980696, "S2:S_both:n_lo_block_lo:2": 2.480043503975992, "S2:S_both:n_lo_burst:0": 2.515347610133819, "S2:S_both:n_lo_burst:7": 2.103294206176321, "S2:S_both:n_lo_full:4": 2.094863167754781, "S2:S_both:n_lo_rand_hi:1": 3.45266204557209, "S2:S_both:n_lo_rand_hi:9": 3.139671593435168, "S2:S_both:n_lo_rand_lo:7": 2.5929734071114683, "S2:S_multiseason:n_hi_block_hi:2": 1.0768557998095933, "S2:S_multiseason:n_hi_block_lo:0": 1.6949792168492248, "S2:S_multiseason:n_hi_block_lo:8": 0.7840849005867674, "S2:S_multiseason:n_hi_burst:4": 1.4576356897907325, "S2:S_multiseason:n_hi_full:2": 1.1739416641945986, "S2:S_multiseason:n_hi_full:9": 0.8144757280806149, "S2:S_multiseason:n_hi_rand_hi:7": 0.38043622652484993, "S2:S_multiseason:n_hi_rand_lo:3": 1.5584378578814473, "S2:S_multiseason:n_lo_block_hi:1": 1.2879948636965968, "S2:S_multiseason:n_lo_block_hi:8": 0.5800223209272024, "S2:S_multiseason:n_lo_block_lo:3": 1.0396296891371917, "S2:S_multiseason:n_lo_burst:2": 1.475351778388427, "S2:S_multiseason:n_lo_burst:8": 0.7770780194770418, "S2:S_multiseason:n_lo_full:6": 1.909016939188957, "S2:S_multiseason:n_lo_rand_hi:4": 0.8477487654631966, "S2:S_multiseason:n_lo_rand_lo:0": 0.674994812750015, "S2:S_multiseason:n_lo_rand_lo:7": 1.0501130944816652, "S2:S_regime:n_hi_block_hi:6": 2.2092505111752203, "S2:S_regime:n_hi_block_lo:2": 6.268834063519138, "S2:S_regime:n_hi_block_lo:9": 2.2660624892988497, "S2:S_regime:n_hi_burst:4": 6.327389785764735, "S2:S_regime:n_hi_full:3": 1.8060661803802185, "S2:S_regime:n_hi_rand_hi:1": 1.2846982866681118, "S2:S_regime:n_hi_rand_hi:8": 2.007654171044585, "S2:S_regime:n_hi_rand_lo:4": 2.2516244544396007, "S2:S_regime:n_lo_block_hi:1": 3.3465516140361324, "S2:S_regime:n_lo_block_hi:7": 11.734245308922166, "S2:S_regime:n_lo_block_lo:6": 1.8879246594195283, "S2:S_regime:n_lo_burst:3": 1.2769450440208285, "S2:S_regime:n_lo_full:0": 1.226275594572599, "S2:S_regime:n_lo_full:7": 2.1820948118856465, "S2:S_regime:n_lo_rand_hi:4": 1.4026809236197904, "S2:S_regime:n_lo_rand_lo:1": 3.103673786090435, "S2:S_regime:n_lo_rand_lo:9": 1.3337288352205552, "S2:S_trend:n_hi_block_hi:5": 6.467237415602556, "S2:S_trend:n_hi_block_lo:3": 7.133714134998245, "S2:S_trend:n_hi_burst:0": 6.942441386343849, "S2:S_trend:n_hi_burst:8": 7.257853106406645, "S2:S_trend:n_hi_full:6": 6.71524134725964, "S2:S_trend:n_hi_rand_hi:2": 6.633241982672924, "S2:S_trend:n_hi_rand_hi:9": 10.629369587364895, "S2:S_trend:n_hi_rand_lo:7": 6.222231279631942, "S2:S_trend:n_lo_block_hi:5": 8.375446372537462, "S2:S_trend:n_lo_block_lo:1": 8.381135194045228, "S2:S_trend:n_lo_block_lo:7": 10.607918538619113, "S2:S_trend:n_lo_burst:5": 6.299509230197731, "S2:S_trend:n_lo_full:1": 6.512206763218012, "S2:S_trend:n_lo_full:9": 12.05639144416567, "S2:S_trend:n_lo_rand_hi:5": 6.48461618043613, "S2:S_trend:n_lo_rand_lo:2": 6.710802168907538, "S2:S_both:n_hi_block_hi:2": 2.1608324820301075, "S2:S_both:n_hi_block_lo:0": 2.354987712233457, "S2:S_both:n_hi_block_lo:7": 2.307330903425161, "S2:S_both:n_hi_burst:6": 1.1971796767246203, "S2:S_both:n_hi_full:1": 2.2564570869132097, "S2:S_both:n_hi_full:7": 2.222888817334097, "S2:S_both:n_hi_rand_hi:6": 2.28623191094015, "S2:S_both:n_hi_rand_lo:3": 2.397393758479572, "S2:S_both:n_lo_block_hi:0": 1.9485697445442538, "S2:S_both:n_lo_block_hi:7": 2.137113097385582, "S2:S_both:n_lo_block_lo:3": 2.9644172209497595, "S2:S_both:n_lo_burst:3": 3.1769291234160177, "S2:S_both:n_lo_burst:8": 2.319537104553389, "S2:S_both:n_lo_full:5": 3.1543951560116223, "S2:S_both:n_lo_rand_hi:2": 2.1992867715855904, "S2:S_both:n_lo_rand_lo:1": 2.157126217785461, "S2:S_both:n_lo_rand_lo:8": 3.585763922839704, "S2:S_multiseason:n_hi_block_hi:3": 1.6019232568294988, "S2:S_multiseason:n_hi_block_lo:2": 1.1183069396221952, "S2:S_multiseason:n_hi_block_lo:9": 0.710642243066462, "S2:S_multiseason:n_hi_burst:5": 0.7813691898682121, "S2:S_multiseason:n_hi_full:3": 1.0737787961393692, "S2:S_multiseason:n_hi_rand_hi:0": 1.1785991712203994, "S2:S_multiseason:n_hi_rand_hi:8": 1.2074820048402681, "S2:S_multiseason:n_hi_rand_lo:4": 0.38379697910299926, "S2:S_multiseason:n_lo_block_hi:3": 0.9263551137812065,