{"S2:S_both:n_hi_block_hi:0": 2.228122533129975, "S2:S_both:n_hi_block_hi:7": 2.4646975441351535, "S2:S_both:n_hi_block_lo:4": 2.4072483598952465, "S2:S_both:n_hi_burst:2": 2.096988260446133, "S2:S_both:n_hi_burst:9": 2.133795877713816, "S2:S_both:n_hi_full:4": 2.2338244775557072, "S2:S_both:n_hi_rand_hi:2": 2.431373132695479, "S2:S_both:n_hi_rand_lo:1": 2.273189329781963, "S2:S_both:n_hi_rand_lo:7": 2.34456945887867, "S2:S_both:n_lo_block_hi:5": 1.7583820593596526, "S2:S_both:n_lo_block_lo:1": 2.3012262176794813, "S2:S_both:n_lo_block_lo:8": 2.774649286218345, "S2:S_both:n_lo_burst:6": 2.3977772594238616, "S2:S_both:n_lo_full:2": 2.652062250656613, "S2:S_both:n_lo_rand_hi:0": 2.2110192068077197, "S2:S_both:n_lo_rand_hi:5": 2.079138577333556, "S2:S_both:n_lo_rand_lo:6": 2.74734499480698, "S2:S_multiseason:n_hi_block_hi:1": 0.6264448766221411, "S2:S_multiseason:n_hi_block_hi:8": 1.264809070030406, "S2:S_multiseason:n_hi_block_lo:7": 1.855858439443625, "S2:S_multiseason:n_hi_burst:3": 1.4711515230749834, "S2:S_multiseason:n_hi_full:1": 0.8850072308097807, "S2:S_multiseason:n_hi_full:8": 0.9403128771310991, "S2:S_multiseason:n_hi_rand_hi:6": 1.3247529160973965, "S2:S_multiseason:n_hi_rand_lo:2": 0.918245669353439, "S2:S_multiseason:n_hi_rand_lo:7": 0.8576591225636129, "S2:S_multiseason:n_lo_block_hi:7": 0.5030688734546412, "S2:S_multiseason:n_lo_block_lo:2": 1.240190257088978, "S2:S_multiseason:n_lo_burst:0": 1.3187352627483315, "S2:S_multiseason:n_lo_burst:7": 1.5970099412072551, "S2:S_multiseason:n_lo_full:5": 0.9664368310300357, "S2:S_multiseason:n_lo_rand_hi:3": 0.9765322553354675, "S2:S_multiseason:n_lo_rand_hi:8": 2.4735815563119736, "S2:S_multiseason:n_lo_rand_lo:6": 0.7063208089823492, "S2:S_regime:n_hi_block_hi:3": 8.02267664721392, "S2:S_regime:n_hi_block_lo:0": 3.1378061402051625, "S2:S_regime:n_hi_block_lo:8": 5.770543017844751, "S2:S_regime:n_hi_burst:3": 4.284302039057404, "S2:S_regime:n_hi_full:1": 3.0385442578369557, "S2:S_regime:n_hi_full:9": 3.7682918155618115, "S2:S_regime:n_hi_rand_hi:6": 4.645849608320894, "S2:S_regime:n_hi_rand_lo:3": 1.4098014479368637, "S2:S_regime:n_lo_block_hi:0": 4.90509041867372, "S2:S_regime:n_lo_block_hi:5": 1.1106025927866598, "S2:S_regime:n_lo_block_lo:5": 1.7058554573959355, "S2:S_regime:n_lo_burst:2": 2.824230723988205, "S2:S_regime:n_lo_burst:9": 0.9209379367261419, "S2:S_regime:n_lo_full:5": 1.1829823230945917, "S2:S_regime:n_lo_rand_hi:3": 4.311639591010496, "S2:S_regime:n_lo_rand_lo:0": 5.291493297792756, "S2:S_regime:n_lo_rand_lo:7": 5.128050498374466, "S2:S_trend:n_hi_block_hi:4": 6.820016793466021, "S2:S_trend:n_hi_block_lo:1": 7.039510152015276, "S2:S_trend:n_hi_block_lo:9": 6.838206119924516, "S2:S_trend:n_hi_burst:6": 6.469002977429229, "S2:S_trend:n_hi_full:2": 7.09443575962215, "S2:S_trend:n_hi_rand_hi:0": 6.944034583393842, "S2:S_trend:n_hi_rand_hi:8": 7.260071304442426, "S2:S_trend:n_hi_rand_lo:6": 6.620022286123515, "S2:S_trend:n_lo_block_hi:3": 10.469831269803207, "S2:S_trend:n_lo_block_hi:9": 8.416088642181062, "S2:S_trend:n_lo_block_lo:6": 9.280873880554473, "S2:S_trend:n_lo_burst:2": 8.564590848372637, "S2:S_trend:n_lo_full:0": 7.668018744781141, "S2:S_trend:n_lo_full:8": 7.586308893033128, "S2:S_trend:n_lo_rand_hi:4": 8.12874848560216, "S2:S_trend:n_lo_rand_lo:1": 8.508934509722788, "S2:S_trend:n_lo_rand_lo:9": 8.999491886769341, "S2:S_both:n_hi_block_hi:1": 2.494147690856645, "S2:S_both:n_hi_block_hi:8": 2.277134043367853, "S2:S_both:n_hi_block_lo:6": 2.4831281275249637, "S2:S_both:n_hi_burst:4": 2.323616658948321, "S2:S_both:n_hi_full:0": 2.3545358441085678, "S2:S_both:n_hi_full:5": 2.1587967835019164, "S2:S_both:n_hi_rand_hi:4": 2.464470731200497, "S2:S_both:n_hi_rand_lo:2": 2.2799310279240887, "S2:S_both:n_hi_rand_lo:9": 2.2376554993522784, "S2:S_both:n_lo_block_hi:6": 2.987887238880517, "S2:S_both:n_lo_block_lo:2": 2.2250939728679104, "S2:S_both:n_lo_burst:0": 2.5394455525708435, "S2:S_both:n_lo_burst:7": 1.761169209263576, "S2:S_both:n_lo_full:4": 2.251491013015679, "S2:S_both:n_lo_rand_hi:1": 1.4005251313627405, "S2:S_both:n_lo_rand_hi:9": 2.5566110415756067, "S2:S_both:n_lo_rand_lo:7": 2.707095383146465, "S2:S_multiseason:n_hi_block_hi:2": 1.0717774949476404, "S2:S_multiseason:n_hi_block_lo:0": 1.8664074866499558, "S2:S_multiseason:n_hi_block_lo:8": 0.73169573531946, "S2:S_multiseason:n_hi_burst:4": 2.012829458919479, "S2:S_multiseason:n_hi_full:2": 1.3135606817223193, "S2:S_multiseason:n_hi_full:9": 1.116740517794595, "S2:S_multiseason:n_hi_rand_hi:7": 0.5359628065750388, "S2:S_multiseason:n_hi_rand_lo:3": 1.8663631729702135, "S2:S_multiseason:n_lo_block_hi:1": 1.3035068504693084, "S2:S_multiseason:n_lo_block_hi:8": 0.7843860621264097, "S2:S_multiseason:n_lo_block_lo:3": 1.6731493133273434, "S2:S_multiseason:n_lo_burst:2": 0.6946065785677077, "S2:S_multiseason:n_lo_burst:8": 0.834068641352886, "S2:S_multiseason:n_lo_full:6": 0.7936304256047184, "S2:S_multiseason:n_lo_rand_hi:4": 1.0935188849324002, "S2:S_multiseason:n_lo_rand_lo:0": 0.553298084415915, "S2:S_multiseason:n_lo_rand_lo:7": 0.8513021966771916, "S2:S_regime:n_hi_block_hi:6": 1.5517638513586618, "S2:S_regime:n_hi_block_lo:2": 6.1155967461723195, "S2:S_regime:n_hi_block_lo:9": 3.0910426738585235, "S2:S_regime:n_hi_burst:4": 6.300585251844421, "S2:S_regime:n_hi_full:3": 2.1653542842744056, "S2:S_regime:n_hi_rand_hi:1": 1.2970724380344199, "S2:S_regime:n_hi_rand_hi:8": 1.8208845028548724, "S2:S_regime:n_hi_rand_lo:4": 1.0379000594808492, "S2:S_regime:n_lo_block_hi:1": 2.204880435602576, "S2:S_regime:n_lo_block_hi:7": 7.659068122908864, "S2:S_regime:n_lo_block_lo:6": 2.12307983729097, "S2:S_regime:n_lo_burst:3": 1.2567607309189224, "S2:S_regime:n_lo_full:0": 0.9426185776787456, "S2:S_regime:n_lo_full:7": 3.0707514124969864, "S2:S_regime:n_lo_rand_hi:4": 1.5547830307221815, "S2:S_regime:n_lo_rand_lo:1": 2.0832479333555622, "S2:S_regime:n_lo_rand_lo:9": 1.345226664701002, "S2:S_trend:n_hi_block_hi:5": 7.067263690456513, "S2:S_trend:n_hi_block_lo:3": 6.964540467909374, "S2:S_trend:n_hi_burst:0": 7.078693181312115, "S2:S_trend:n_hi_burst:8": 7.3937412473479505, "S2:S_trend:n_hi_full:6": 6.827437244818565, "S2:S_trend:n_hi_rand_hi:2": 7.000464622018769, "S2:S_trend:n_hi_rand_hi:9": 6.841404140877141, "S2:S_trend:n_hi_rand_lo:7": 6.9736912569036615, "S2:S_trend:n_lo_block_hi:5": 9.571792313158928, "S2:S_trend:n_lo_block_lo:1": 7.576259893139508, "S2:S_trend:n_lo_block_lo:7": 10.237656284654083, "S2:S_trend:n_lo_burst:5": 8.162552113932023, "S2:S_trend:n_lo_full:1": 7.81195861121421, "S2:S_trend:n_lo_full:9": 11.017419626651886, "S2:S_trend:n_lo_rand_hi:5": 8.066306558352132, "S2:S_trend:n_lo_rand_lo:2": 6.934805381606426, "S2:S_both:n_hi_block_hi:2": 2.1683369498322165, "S2:S_both:n_hi_block_lo:0": 2.298441555484233, "S2:S_both:n_hi_block_lo:7": 2.44318483078239, "S2:S_both:n_hi_burst:6": 2.402736736264459, "S2:S_both:n_hi_full:1": 2.490465000785429, "S2:S_both:n_hi_full:7": 2.4814536908059606, "S2:S_both:n_hi_rand_hi:6": 2.4207462616558213, "S2:S_both:n_hi_rand_lo:3": 2.574977825905586, "S2:S_both:n_lo_block_hi:0": 2.0660313112421416, "S2:S_both:n_lo_block_hi:7": 2.93345811875115, "S2:S_both:n_lo_block_lo:3": 2.203201991956851, "S2:S_both:n_lo_burst:3": 3.316600827240356, "S2:S_both:n_lo_burst:8": 3.0644060089798097, "S2:S_both:n_lo_full:5": 3.0591881188821546, "S2:S_both:n_lo_rand_hi:2": 2.3063827093929437, "S2:S_both:n_lo_rand_lo:1": 2.080145302524339, "S2:S_both:n_lo_rand_lo:8": 2.040817250565025, "S2:S_multiseason:n_hi_block_hi:3": 1.583148228765958, "S2:S_multiseason:n_hi_block_lo:2": 1.2411464662862413, "S2:S_multiseason:n_hi_block_lo:9": 1.0931402704003808, "S2:S_multiseason:n_hi_burst:5": 0.9234342264910584, "S2:S_multiseason:n_hi_full:3": 1.3150731257743695, "S2:S_multiseason:n_hi_rand_hi:0": 1.387167030083709, "S2:S_multiseason:n_hi_rand_hi:8": 1.3987367382177407, "S2:S_multiseason:n_hi_rand_lo:4": 0.6192409228641337, "S2:S_multiseason:n_lo_block_hi:3": 1.5509932048259887,