{"S2:S_both:n_hi_block_hi:0": 1.8913405782104298, "S2:S_both:n_hi_block_hi:7": 2.3800639003995028, "S2:S_both:n_hi_block_lo:4": 2.2093682648748225, "S2:S_both:n_hi_burst:2": 1.999423439386652, "S2:S_both:n_hi_burst:9": 5.1020335744904965, "S2:S_both:n_hi_full:4": 2.1088800217069585, "S2:S_both:n_hi_rand_hi:2": 2.1245972360370446, "S2:S_both:n_hi_rand_lo:1": 2.013649537141277, "S2:S_both:n_hi_rand_lo:7": 2.071504113958071, "S2:S_both:n_lo_block_hi:5": 1.943584631307507, "S2:S_both:n_lo_block_lo:1": 2.0649931359375717, "S2:S_both:n_lo_block_lo:8": 2.3363602760276514, "S2:S_both:n_lo_burst:6": 2.606110954337725, "S2:S_both:n_lo_full:2": 1.660591874454206, "S2:S_both:n_lo_rand_hi:0": 1.9832632390244067, "S2:S_both:n_lo_rand_hi:5": 1.8522203067047225, "S2:S_both:n_lo_rand_lo:6": 2.4485966798449876, "S2:S_multiseason:n_hi_block_hi:1": 0.30381665377892936, "S2:S_multiseason:n_hi_block_hi:8": 0.9999496892716481, "S2:S_multiseason:n_hi_block_lo:7": 1.571579914951946, "S2:S_multiseason:n_hi_burst:3": 1.085618040824267, "S2:S_multiseason:n_hi_full:1": 0.5913005667835608, "S2:S_multiseason:n_hi_full:8": 0.5011740060250206, "S2:S_multiseason:n_hi_rand_hi:6": 0.8098013012095859, "S2:S_multiseason:n_hi_rand_lo:2": 0.7014506824440073, "S2:S_multiseason:n_hi_rand_lo:7": 0.6911910950240182, "S2:S_multiseason:n_lo_block_hi:7": 0.5919083570577274, "S2:S_multiseason:n_lo_block_lo:2": 1.3708182863246905, "S2:S_multiseason:n_lo_burst:0": 0.8486191461879975, "S2:S_multiseason:n_lo_burst:7": 1.5282988307653307, "S2:S_multiseason:n_lo_full:5": 0.5394917048578947, "S2:S_multiseason:n_lo_rand_hi:3": 0.6039491109453688, "S2:S_multiseason:n_lo_rand_hi:8": 1.3431972170504094, "S2:S_multiseason:n_lo_rand_lo:6": 0.7153746872685112, "S2:S_regime:n_hi_block_hi:3": 7.318687606208314, "S2:S_regime:n_hi_block_lo:0": 3.9730513144764235, "S2:S_regime:n_hi_block_lo:8": 8.891989778311101, "S2:S_regime:n_hi_burst:3": 3.9685040775959615, "S2:S_regime:n_hi_full:1": 2.7991065387185894, "S2:S_regime:n_hi_full:9": 7.1757496919869865, "S2:S_regime:n_hi_rand_hi:6": 4.199367618816859, "S2:S_regime:n_hi_rand_lo:3": 1.0851464410042857, "S2:S_regime:n_lo_block_hi:0": 4.525642879056536, "S2:S_regime:n_lo_block_hi:5": 1.199361317613805, "S2:S_regime:n_lo_block_lo:5": 2.3536427955598924, "S2:S_regime:n_lo_burst:2": 2.3971637543141995, "S2:S_regime:n_lo_burst:9": 0.7527218521083905, "S2:S_regime:n_lo_full:5": 1.217375204687713, "S2:S_regime:n_lo_rand_hi:3": 4.769487796750238, "S2:S_regime:n_lo_rand_lo:0": 5.150384614599752, "S2:S_regime:n_lo_rand_lo:7": 8.571526147287676, "S2:S_trend:n_hi_block_hi:4": 7.732396176449074, "S2:S_trend:n_hi_block_lo:1": 13.475964360379566, "S2:S_trend:n_hi_block_lo:9": 6.919828346813796, "S2:S_trend:n_hi_burst:6": 9.386247142570321, "S2:S_trend:n_hi_full:2": 7.388932260130078, "S2:S_trend:n_hi_rand_hi:0": 5.715080561140862, "S2:S_trend:n_hi_rand_hi:8": 5.815040671270774, "S2:S_trend:n_hi_rand_lo:6": 6.2060063112671955, "S2:S_trend:n_lo_block_hi:3": 12.01637495246035, "S2:S_trend:n_lo_block_hi:9": 8.583854496893629, "S2:S_trend:n_lo_block_lo:6": 5.967068519641652, "S2:S_trend:n_lo_burst:2": 6.643698192723519, "S2:S_trend:n_lo_full:0": 9.271880553071538, "S2:S_trend:n_lo_full:8": 4.984697848741126, "S2:S_trend:n_lo_rand_hi:4": 9.493307679735926, "S2:S_trend:n_lo_rand_lo:1": 5.7247225292300605, "S2:S_trend:n_lo_rand_lo:9": 9.3965579568026, "S2:S_both:n_hi_block_hi:1": 2.1965249668957076, "S2:S_both:n_hi_block_hi:8": 1.9005107014499398, "S2:S_both:n_hi_block_lo:6": 2.518840498120873, "S2:S_both:n_hi_burst:4": 2.0379385681719273, "S2:S_both:n_hi_full:0": 2.2376790106181472, "S2:S_both:n_hi_full:5": 2.7014340557568497, "S2:S_both:n_hi_rand_hi:4": 1.9221454396629973, "S2:S_both:n_hi_rand_lo:2": 2.095856182884242, "S2:S_both:n_hi_rand_lo:9": 2.172182691103572, "S2:S_both:n_lo_block_hi:6": 1.5256978397915832, "S2:S_both:n_lo_block_lo:2": 2.377850749192865, "S2:S_both:n_lo_burst:0": 2.6264262160861174, "S2:S_both:n_lo_burst:7": 1.8230996366555017, "S2:S_both:n_lo_full:4": 1.8909476760191208, "S2:S_both:n_lo_rand_hi:1": 4.578850590821587, "S2:S_both:n_lo_rand_hi:9": 2.6488395496527515, "S2:S_both:n_lo_rand_lo:7": 1.8186820410103945, "S2:S_multiseason:n_hi_block_hi:2": 1.0004112159496905, "S2:S_multiseason:n_hi_block_lo:0": 1.621303710750725, "S2:S_multiseason:n_hi_block_lo:8": 0.5866456932011281, "S2:S_multiseason:n_hi_burst:4": 1.6228690919250035, "S2:S_multiseason:n_hi_full:2": 1.1728896864923868, "S2:S_multiseason:n_hi_full:9": 0.6522854334064266, "S2:S_multiseason:n_hi_rand_hi:7": 0.3691079911491252, "S2:S_multiseason:n_hi_rand_lo:3": 1.53504330315581, "S2:S_multiseason:n_lo_block_hi:1": 1.1744716604838044, "S2:S_multiseason:n_lo_block_hi:8": 0.883835805216288, "S2:S_multiseason:n_lo_block_lo:3": 1.1928112168240408, "S2:S_multiseason:n_lo_burst:2": 0.7352552781100283, "S2:S_multiseason:n_lo_burst:8": 0.8495524408193119, "S2:S_multiseason:n_lo_full:6": 0.9376774966915993, "S2:S_multiseason:n_lo_rand_hi:4": 1.2095828021983046, "S2:S_multiseason:n_lo_rand_lo:0": 1.017211963967884, "S2:S_multiseason:n_lo_rand_lo:7": 0.758775630157298, "S2:S_regime:n_hi_block_hi:6": 17.45769451236106, "S2:S_regime:n_hi_block_lo:2": 6.072559626274278, "S2:S_regime:n_hi_block_lo:9": 3.921643409811539, "S2:S_regime:n_hi_burst:4": 6.061605507049562, "S2:S_regime:n_hi_full:3": 1.832901067814063, "S2:S_regime:n_hi_rand_hi:1": 1.2750125056313006, "S2:S_regime:n_hi_rand_hi:8": 1.930458961506098, "S2:S_regime:n_hi_rand_lo:4": 2.790044164563361, "S2:S_regime:n_lo_block_hi:1": 2.8475652411290415, "S2:S_regime:n_lo_block_hi:7": 15.563908339463646, "S2:S_regime:n_lo_block_lo:6": 1.6023666113121682, "S2:S_regime:n_lo_burst:3": 1.1941763344649299, "S2:S_regime:n_lo_full:0": 1.0212032099327222, "S2:S_regime:n_lo_full:7": 2.880775058108959, "S2:S_regime:n_lo_rand_hi:4": 1.36654351857443, "S2:S_regime:n_lo_rand_lo:1": 4.048469047267119, "S2:S_regime:n_lo_rand_lo:9": 1.3397870750056566, "S2:S_trend:n_hi_block_hi:5": 5.907642274544509, "S2:S_trend:n_hi_block_lo:3": 6.575344569999654, "S2:S_trend:n_hi_burst:0": 6.473279823303047, "S2:S_trend:n_hi_burst:8": 7.079385545740306, "S2:S_trend:n_hi_full:6": 6.3833381718868365, "S2:S_trend:n_hi_rand_hi:2": 7.4097447582621285, "S2:S_trend:n_hi_rand_hi:9": 17.3921924321416, "S2:S_trend:n_hi_rand_lo:7": 6.413990482880479, "S2:S_trend:n_lo_block_hi:5": 6.631373502246145, "S2:S_trend:n_lo_block_lo:1": 10.11452891842661, "S2:S_trend:n_lo_block_lo:7": 8.650228945081093, "S2:S_trend:n_lo_burst:5": 6.2101380191349635, "S2:S_trend:n_lo_full:1": 4.749455132512584, "S2:S_trend:n_lo_full:9": 11.593202230248211, "S2:S_trend:n_lo_rand_hi:5": 5.096472104519086, "S2:S_trend:n_lo_rand_lo:2": 6.818850824833277, "S2:S_both:n_hi_block_hi:2": 1.905717158960214, "S2:S_both:n_hi_block_lo:0": 2.5078155207233723, "S2:S_both:n_hi_block_lo:7": 2.291751395810042, "S2:S_both:n_hi_burst:6": 2.2319007873748897, "S2:S_both:n_hi_full:1": 2.0377807601906386, "S2:S_both:n_hi_full:7": 2.0650151974068733, "S2:S_both:n_hi_rand_hi:6": 2.051525282566207, "S2:S_both:n_hi_rand_lo:3": 2.470288279026537, "S2:S_both:n_lo_block_hi:0": 1.7672867289633243, "S2:S_both:n_lo_block_hi:7": 2.0689778811481316, "S2:S_both:n_lo_block_lo:3": 3.347558388171609, "S2:S_both:n_lo_burst:3": 2.9458440328186084, "S2:S_both:n_lo_burst:8": 1.8964014235234212, "S2:S_both:n_lo_full:5": 2.694333646027632, "S2:S_both:n_lo_rand_hi:2": 2.31922073718868, "S2:S_both:n_lo_rand_lo:1": 2.1061455856678633, "S2:S_both:n_lo_rand_lo:8": 5.754660770109658, "S2:S_multiseason:n_hi_block_hi:3": 1.6227137089575854, "S2:S_multiseason:n_hi_block_lo:2": 0.9223240429004241, "S2:S_multiseason:n_hi_block_lo:9": 0.29176789760228816, "S2:S_multiseason:n_hi_burst:5": 0.46523230143641253, "S2:S_multiseason:n_hi_full:3": 1.0294307799031663, "S2:S_multiseason:n_hi_rand_hi:0": 1.0321636891524308, "S2:S_multiseason:n_hi_rand_hi:8": 1.0537480282631837, "S2:S_multiseason:n_hi_rand_lo:4": 0.321811192899414, "S2:S_multiseason:n_lo_block_hi:3": 0.9798890792340141,