{"S2:S_both:n_hi_block_hi:0": 2.1263739966581157, "S2:S_both:n_hi_block_hi:7": 2.0663863490702927, "S2:S_both:n_hi_block_lo:4": 2.069940411034683, "S2:S_both:n_hi_burst:2": 2.07080437446936, "S2:S_both:n_hi_burst:9": 2.30168212501352, "S2:S_both:n_hi_full:4": 2.219707894654009, "S2:S_both:n_hi_rand_hi:2": 2.3914323698243782, "S2:S_both:n_hi_rand_lo:1": 2.155933828797462, "S2:S_both:n_hi_rand_lo:7": 2.1729199904548757, "S2:S_both:n_lo_block_hi:5": 1.9374449496324335, "S2:S_both:n_lo_block_lo:1": 2.4640773775275275, "S2:S_both:n_lo_block_lo:8": 2.761993059789958, "S2:S_both:n_lo_burst:6": 2.964123537377, "S2:S_both:n_lo_full:2": 2.479149700592321, "S2:S_both:n_lo_rand_hi:0": 1.8730780715508555, "S2:S_both:n_lo_rand_hi:5": 2.171975588412014, "S2:S_both:n_lo_rand_lo:6": 3.224363998800346, "S2:S_multiseason:n_hi_block_hi:1": 0.3908241899804185, "S2:S_multiseason:n_hi_block_hi:8": 0.9496330552274522, "S2:S_multiseason:n_hi_block_lo:7": 0.9492381830754656, "S2:S_multiseason:n_hi_burst:3": 1.0274876901289938, "S2:S_multiseason:n_hi_full:1": 0.5214916263073918, "S2:S_multiseason:n_hi_full:8": 0.43170268494995706, "S2:S_multiseason:n_hi_rand_hi:6": 1.0213450332468716, "S2:S_multiseason:n_hi_rand_lo:2": 0.5388826033361541, "S2:S_multiseason:n_hi_rand_lo:7": 0.5505142734123364, "S2:S_multiseason:n_lo_block_hi:7": 0.31614561313290757, "S2:S_multiseason:n_lo_block_lo:2": 1.1905808608000548, "S2:S_multiseason:n_lo_burst:0": 0.6546699418999568, "S2:S_multiseason:n_lo_burst:7": 1.5028654286670804, "S2:S_multiseason:n_lo_full:5": 0.30481635039510124, "S2:S_multiseason:n_lo_rand_hi:3": 0.1946000347998709, "S2:S_multiseason:n_lo_rand_hi:8": 1.0418935487485181, "S2:S_multiseason:n_lo_rand_lo:6": 0.46319075130985843, "S2:S_regime:n_hi_block_hi:3": 7.9488198663747625, "S2:S_regime:n_hi_block_lo:0": 3.3118453157631023, "S2:S_regime:n_hi_block_lo:8": 6.613503513240496, "S2:S_regime:n_hi_burst:3": 3.640853176032584, "S2:S_regime:n_hi_full:1": 3.0758018625764425, "S2:S_regime:n_hi_full:9": 4.032303921353309, "S2:S_regime:n_hi_rand_hi:6": 4.718056406979179, "S2:S_regime:n_hi_rand_lo:3": 1.228001383877677, "S2:S_regime:n_lo_block_hi:0": 4.730547507363246, "S2:S_regime:n_lo_block_hi:5": 0.9941994229029437, "S2:S_regime:n_lo_block_lo:5": 2.6530046062114643, "S2:S_regime:n_lo_burst:2": 3.223249785981499, "S2:S_regime:n_lo_burst:9": 1.1301087786331996, "S2:S_regime:n_lo_full:5": 1.2183785740539586, "S2:S_regime:n_lo_rand_hi:3": 6.559794808905267, "S2:S_regime:n_lo_rand_lo:0": 4.666137145613299, "S2:S_regime:n_lo_rand_lo:7": 4.316302616691469, "S2:S_trend:n_hi_block_hi:4": 7.379417705609347, "S2:S_trend:n_hi_block_lo:1": 9.23999984379376, "S2:S_trend:n_hi_block_lo:9": 7.18713598980439, "S2:S_trend:n_hi_burst:6": 7.228773521469642, "S2:S_trend:n_hi_full:2": 7.201695962476158, "S2:S_trend:n_hi_rand_hi:0": 7.001522668351147, "S2:S_trend:n_hi_rand_hi:8": 7.550983447497146, "S2:S_trend:n_hi_rand_lo:6": 7.176061359921791, "S2:S_trend:n_lo_block_hi:3": 10.772552448140763, "S2:S_trend:n_lo_block_hi:9": 16.732493658996855, "S2:S_trend:n_lo_block_lo:6": 8.544068123361685, "S2:S_trend:n_lo_burst:2": 6.85465133852556, "S2:S_trend:n_lo_full:0": 8.77419039915186, "S2:S_trend:n_lo_full:8": 6.5528496494154576, "S2:S_trend:n_lo_rand_hi:4": 7.631391098479124, "S2:S_trend:n_lo_rand_lo:1": 7.327030221921988, "S2:S_trend:n_lo_rand_lo:9": 8.962948819847343, "S2:S_both:n_hi_block_hi:1": 2.1247126555712854, "S2:S_both:n_hi_block_hi:8": 2.027637681322895, "S2:S_both:n_hi_block_lo:6": 2.24951198198029, "S2:S_both:n_hi_burst:4": 1.965585646555076, "S2:S_both:n_hi_full:0": 1.9641633190132592, "S2:S_both:n_hi_full:5": 1.9083000368211682, "S2:S_both:n_hi_rand_hi:4": 3.2741064807249467, "S2:S_both:n_hi_rand_lo:2": 1.888516521280409, "S2:S_both:n_hi_rand_lo:9": 1.9039095837846511, "S2:S_both:n_lo_block_hi:6": 2.386409497637948, "S2:S_both:n_lo_block_lo:2": 2.09440691321268, "S2:S_both:n_lo_burst:0": 1.7292600706300367, "S2:S_both:n_lo_burst:7": 2.3845019557807863, "S2:S_both:n_lo_full:4": 1.9463821224081448, "S2:S_both:n_lo_rand_hi:1": 2.5216843037091774, "S2:S_both:n_lo_rand_hi:9": 2.7654889115707664, "S2:S_both:n_lo_rand_lo:7": 2.2411140498930067, "S2:S_multiseason:n_hi_block_hi:2": 1.1212107583882778, "S2:S_multiseason:n_hi_block_lo:0": 1.5650947756837172, "S2:S_multiseason:n_hi_block_lo:8": 0.6067684200833589, "S2:S_multiseason:n_hi_burst:4": 1.5531295710835042, "S2:S_multiseason:n_hi_full:2": 1.0142620439816465, "S2:S_multiseason:n_hi_full:9": 0.6571435506233256, "S2:S_multiseason:n_hi_rand_hi:7": 0.234894976408429, "S2:S_multiseason:n_hi_rand_lo:3": 1.465626375982987, "S2:S_multiseason:n_lo_block_hi:1": 1.5353766900334234, "S2:S_multiseason:n_lo_block_hi:8": 0.5093281507377625, "S2:S_multiseason:n_lo_block_lo:3": 0.9904967225271679, "S2:S_multiseason:n_lo_burst:2": 1.0285574290000536, "S2:S_multiseason:n_lo_burst:8": 0.8611264370416155, "S2:S_multiseason:n_lo_full:6": 1.242073758454417, "S2:S_multiseason:n_lo_rand_hi:4": 0.8766306120201744, "S2:S_multiseason:n_lo_rand_lo:0": 0.6186424365951587, "S2:S_multiseason:n_lo_rand_lo:7": 0.7148621917799746, "S2:S_regime:n_hi_block_hi:6": 1.5957576733686754, "S2:S_regime:n_hi_block_lo:2": 6.714248699806981, "S2:S_regime:n_hi_block_lo:9": 2.222411221205245, "S2:S_regime:n_hi_burst:4": 6.381387914834337, "S2:S_regime:n_hi_full:3": 1.6185520956545125, "S2:S_regime:n_hi_rand_hi:1": 1.1852261060499933, "S2:S_regime:n_hi_rand_hi:8": 2.1080358252848095, "S2:S_regime:n_hi_rand_lo:4": 1.0058367395132566, "S2:S_regime:n_lo_block_hi:1": 3.1001159497034987, "S2:S_regime:n_lo_block_hi:7": 11.72631595792783, "S2:S_regime:n_lo_block_lo:6": 2.181086040365613, "S2:S_regime:n_lo_burst:3": 1.139384673934174, "S2:S_regime:n_lo_full:0": 1.2734800798560075, "S2:S_regime:n_lo_full:7": 1.889274380860708, "S2:S_regime:n_lo_rand_hi:4": 1.6544419108293325, "S2:S_regime:n_lo_rand_lo:1": 2.544214627717563, "S2:S_regime:n_lo_rand_lo:9": 1.3836056360117794, "S2:S_trend:n_hi_block_hi:5": 7.3070816006855495, "S2:S_trend:n_hi_block_lo:3": 7.20136157316962, "S2:S_trend:n_hi_burst:0": 7.491493155389062, "S2:S_trend:n_hi_burst:8": 7.205358338434894, "S2:S_trend:n_hi_full:6": 6.997990233885368, "S2:S_trend:n_hi_rand_hi:2": 6.799008348614369, "S2:S_trend:n_hi_rand_hi:9": 9.170745981071997, "S2:S_trend:n_hi_rand_lo:7": 7.238677033768114, "S2:S_trend:n_lo_block_hi:5": 5.738263098759932, "S2:S_trend:n_lo_block_lo:1": 9.564715778285601, "S2:S_trend:n_lo_block_lo:7": 8.673885387632286, "S2:S_trend:n_lo_burst:5": 5.761853269116415, "S2:S_trend:n_lo_full:1": 6.832663865784606, "S2:S_trend:n_lo_full:9": 7.994717068733778, "S2:S_trend:n_lo_rand_hi:5": 6.554593135766744, "S2:S_trend:n_lo_rand_lo:2": 5.97974291361149, "S2:S_both:n_hi_block_hi:2": 2.196168258300857, "S2:S_both:n_hi_block_lo:0": 2.22734945017773, "S2:S_both:n_hi_block_lo:7": 2.1865520009572594, "S2:S_both:n_hi_burst:6": 1.6027609938474592, "S2:S_both:n_hi_full:1": 2.0586948523774056, "S2:S_both:n_hi_full:7": 2.3288596025459394, "S2:S_both:n_hi_rand_hi:6": 2.064666502059411, "S2:S_both:n_hi_rand_lo:3": 2.3933724435357284, "S2:S_both:n_lo_block_hi:0": 3.479067211648279, "S2:S_both:n_lo_block_hi:7": 1.725905391595571, "S2:S_both:n_lo_block_lo:3": 3.5820932073676617, "S2:S_both:n_lo_burst:3": 3.0929460044646415, "S2:S_both:n_lo_burst:8": 3.004153083278195, "S2:S_both:n_lo_full:5": 3.4336816382737485, "S2:S_both:n_lo_rand_hi:2": 2.558484605643605, "S2:S_both:n_lo_rand_lo:1": 1.7905354722772822, "S2:S_both:n_lo_rand_lo:8": 2.72875923190867, "S2:S_multiseason:n_hi_block_hi:3": 1.7953511704233698, "S2:S_multiseason:n_hi_block_lo:2": 0.9109690367410905, "S2:S_multiseason:n_hi_block_lo:9": 0.8674494829074518, "S2:S_multiseason:n_hi_burst:5": 0.8233054962294887, "S2:S_multiseason:n_hi_full:3": 0.9436603376512681, "S2:S_multiseason:n_hi_rand_hi:0": 0.9945565616000618, "S2:S_multiseason:n_hi_rand_hi:8": 1.13444481978036, "S2:S_multiseason:n_hi_rand_lo:4": 0.21038470594917663, "S2:S_multiseason:n_lo_block_hi:3": 0.7522595939449185,