{"S2:S_both:n_hi_block_hi:0": 1.899419437789729, "S2:S_both:n_hi_block_hi:7": 2.405944442669784, "S2:S_both:n_hi_block_lo:4": 2.6456151951119646, "S2:S_both:n_hi_burst:2": 1.898804561055144, "S2:S_both:n_hi_burst:9": 4.39591685738811, "S2:S_both:n_hi_full:4": 2.3301370741652674, "S2:S_both:n_hi_rand_hi:2": 2.5385046279622543, "S2:S_both:n_hi_rand_lo:1": 2.1381210479892956, "S2:S_both:n_hi_rand_lo:7": 2.0702108314074064, "S2:S_both:n_lo_block_hi:5": 1.702597509902226, "S2:S_both:n_lo_block_lo:1": 1.7593426517513246, "S2:S_both:n_lo_block_lo:8": 2.8059283890164632, "S2:S_both:n_lo_burst:6": 2.967073474895323, "S2:S_both:n_lo_full:2": 2.292453672377364, "S2:S_both:n_lo_rand_hi:0": 2.2791517463297306, "S2:S_both:n_lo_rand_hi:5": 1.8398171282115237, "S2:S_both:n_lo_rand_lo:6": 3.32920528532773, "S2:S_multiseason:n_hi_block_hi:1": 0.922973145817149, "S2:S_multiseason:n_hi_block_hi:8": 0.88296562280487, "S2:S_multiseason:n_hi_block_lo:7": 2.1351092213235794, "S2:S_multiseason:n_hi_burst:3": 0.9235367975887702, "S2:S_multiseason:n_hi_full:1": 0.5447193605466644, "S2:S_multiseason:n_hi_full:8": 0.4265154009694383, "S2:S_multiseason:n_hi_rand_hi:6": 0.7015886154660799, "S2:S_multiseason:n_hi_rand_lo:2": 0.5575947786310209, "S2:S_multiseason:n_hi_rand_lo:7": 0.5720807738841184, "S2:S_multiseason:n_lo_block_hi:7": 0.29670099023982177, "S2:S_multiseason:n_lo_block_lo:2": 1.1575169463638855, "S2:S_multiseason:n_lo_burst:0": 0.49522891888352566, "S2:S_multiseason:n_lo_burst:7": 1.3338775103611067, "S2:S_multiseason:n_lo_full:5": 0.5314452182322446, "S2:S_multiseason:n_lo_rand_hi:3": 0.20561526612338998, "S2:S_multiseason:n_lo_rand_hi:8": 0.7655812950957808, "S2:S_multiseason:n_lo_rand_lo:6": 0.8896996884375519, "S2:S_regime:n_hi_block_hi:3": 7.312657519532231, "S2:S_regime:n_hi_block_lo:0": 3.88657730751165, "S2:S_regime:n_hi_block_lo:8": 8.805091292210598, "S2:S_regime:n_hi_burst:3": 3.738846427563925, "S2:S_regime:n_hi_full:1": 2.746792673607926, "S2:S_regime:n_hi_full:9": 6.410710232057509, "S2:S_regime:n_hi_rand_hi:6": 4.274804164234032, "S2:S_regime:n_hi_rand_lo:3": 1.1887370425789556, "S2:S_regime:n_lo_block_hi:0": 4.793660555274078, "S2:S_regime:n_lo_block_hi:5": 1.1647137160045444, "S2:S_regime:n_lo_block_lo:5": 2.912251322732202, "S2:S_regime:n_lo_burst:2": 2.3880080643892123, "S2:S_regime:n_lo_burst:9": 1.2553806972450254, "S2:S_regime:n_lo_full:5": 1.2051448670851628, "S2:S_regime:n_lo_rand_hi:3": 4.396918192121817, "S2:S_regime:n_lo_rand_lo:0": 5.419267043357387, "S2:S_regime:n_lo_rand_lo:7": 10.225182391220923, "S2:S_trend:n_hi_block_hi:4": 7.18707333266955, "S2:S_trend:n_hi_block_lo:1": 12.40443437349013, "S2:S_trend:n_hi_block_lo:9": 6.928719030180726, "S2:S_trend:n_hi_burst:6": 9.933387426072239, "S2:S_trend:n_hi_full:2": 8.247664683743807, "S2:S_trend:n_hi_rand_hi:0": 5.586796962689371, "S2:S_trend:n_hi_rand_hi:8": 5.674166261853941, "S2:S_trend:n_hi_rand_lo:6": 6.264969898544749, "S2:S_trend:n_lo_block_hi:3": 10.608528145153791, "S2:S_trend:n_lo_block_hi:9": 8.384378941183542, "S2:S_trend:n_lo_block_lo:6": 5.825628909751647, "S2:S_trend:n_lo_burst:2": 6.828325194701673, "S2:S_trend:n_lo_full:0": 10.120970408981075, "S2:S_trend:n_lo_full:8": 4.349223859001028, "S2:S_trend:n_lo_rand_hi:4": 9.82883543353224, "S2:S_trend:n_lo_rand_lo:1": 4.52340216300257, "S2:S_trend:n_lo_rand_lo:9": 10.006036654122205, "S2:S_both:n_hi_block_hi:1": 2.309029170350102, "S2:S_both:n_hi_block_hi:8": 2.265507203125341, "S2:S_both:n_hi_block_lo:6": 2.5740003582874786, "S2:S_both:n_hi_burst:4": 2.288483197789163, "S2:S_both:n_hi_full:0": 2.2582582647523295, "S2:S_both:n_hi_full:5": 2.6901084500907086, "S2:S_both:n_hi_rand_hi:4": 3.053210548230954, "S2:S_both:n_hi_rand_lo:2": 1.7667333282176416, "S2:S_both:n_hi_rand_lo:9": 1.2792952373011173, "S2:S_both:n_lo_block_hi:6": 1.6110797520390414, "S2:S_both:n_lo_block_lo:2": 2.6470346067129262, "S2:S_both:n_lo_burst:0": 2.3074650444876013, "S2:S_both:n_lo_burst:7": 1.9816079081757139, "S2:S_both:n_lo_full:4": 1.623282463461106, "S2:S_both:n_lo_rand_hi:1": 3.7298860673672527, "S2:S_both:n_lo_rand_hi:9": 2.7332225646896045, "S2:S_both:n_lo_rand_lo:7": 1.7936038619339594, "S2:S_multiseason:n_hi_block_hi:2": 1.0648404803780944, "S2:S_multiseason:n_hi_block_lo:0": 1.4590128310829757, "S2:S_multiseason:n_hi_block_lo:8": 0.8396158032590604, "S2:S_multiseason:n_hi_burst:4": 1.164654786515013, "S2:S_multiseason:n_hi_full:2": 1.0027981932687726, "S2:S_multiseason:n_hi_full:9": 0.46292590022307467, "S2:S_multiseason:n_hi_rand_hi:7": 0.25429402923916916, "S2:S_multiseason:n_hi_rand_lo:3": 1.3886658459040608, "S2:S_multiseason:n_lo_block_hi:1": 1.2932053841288753, "S2:S_multiseason:n_lo_block_hi:8": 0.3715753937837284, "S2:S_multiseason:n_lo_block_lo:3": 0.8608597965559271, "S2:S_multiseason:n_lo_burst:2": 1.483263377009738, "S2:S_multiseason:n_lo_burst:8": 0.7695677231261385, "S2:S_multiseason:n_lo_full:6": 2.6604830371160917, "S2:S_multiseason:n_lo_rand_hi:4": 0.4870765985816495, "S2:S_multiseason:n_lo_rand_lo:0": 0.636460917975766, "S2:S_multiseason:n_lo_rand_lo:7": 1.1372154558506862, "S2:S_regime:n_hi_block_hi:6": 14.748449230229527, "S2:S_regime:n_hi_block_lo:2": 6.269303661895715, "S2:S_regime:n_hi_block_lo:9": 3.942379737578888, "S2:S_regime:n_hi_burst:4": 6.089254534307729, "S2:S_regime:n_hi_full:3": 1.869782406250107, "S2:S_regime:n_hi_rand_hi:1": 1.3397635046705032, "S2:S_regime:n_hi_rand_hi:8": 2.035859704868681, "S2:S_regime:n_hi_rand_lo:4": 2.504053303491633, "S2:S_regime:n_lo_block_hi:1": 3.4539591573370214, "S2:S_regime:n_lo_block_hi:7": 15.062922482020591, "S2:S_regime:n_lo_block_lo:6": 1.9204059945575798, "S2:S_regime:n_lo_burst:3": 1.9559510930908335, "S2:S_regime:n_lo_full:0": 1.0465297478320776, "S2:S_regime:n_lo_full:7": 3.114815225460048, "S2:S_regime:n_lo_rand_hi:4": 1.6444359122573435, "S2:S_regime:n_lo_rand_lo:1": 3.9615867625033463, "S2:S_regime:n_lo_rand_lo:9": 1.3390182939436204, "S2:S_trend:n_hi_block_hi:5": 5.684282821044687, "S2:S_trend:n_hi_block_lo:3": 6.60168523134972, "S2:S_trend:n_hi_burst:0": 6.250718588484491, "S2:S_trend:n_hi_burst:8": 7.049732457244699, "S2:S_trend:n_hi_full:6": 6.106362424641644, "S2:S_trend:n_hi_rand_hi:2": 6.764306985231637, "S2:S_trend:n_hi_rand_hi:9": 15.849387992414913, "S2:S_trend:n_hi_rand_lo:7": 5.791687245121266, "S2:S_trend:n_lo_block_hi:5": 6.652761175393297, "S2:S_trend:n_lo_block_lo:1": 10.834917304581033, "S2:S_trend:n_lo_block_lo:7": 9.746950075785472, "S2:S_trend:n_lo_burst:5": 6.170752954352921, "S2:S_trend:n_lo_full:1": 5.582266839761949, "S2:S_trend:n_lo_full:9": 12.46176846029125, "S2:S_trend:n_lo_rand_hi:5": 5.761392984643465, "S2:S_trend:n_lo_rand_lo:2": 5.720343048756689, "S2:S_both:n_hi_block_hi:2": 2.252887833101908, "S2:S_both:n_hi_block_lo:0": 2.545080252925305, "S2:S_both:n_hi_block_lo:7": 2.178358168510879, "S2:S_both:n_hi_burst:6": 1.7736112058127738, "S2:S_both:n_hi_full:1": 2.3479161582439185, "S2:S_both:n_hi_full:7": 2.191820636769684, "S2:S_both:n_hi_rand_hi:6": 2.3279278758874327, "S2:S_both:n_hi_rand_lo:3": 2.3962251000404056, "S2:S_both:n_lo_block_hi:0": 1.7980929936050583, "S2:S_both:n_lo_block_hi:7": 2.0835829685756995, "S2:S_both:n_lo_block_lo:3": 3.607690232279639, "S2:S_both:n_lo_burst:3": 3.2010663345452968, "S2:S_both:n_lo_burst:8": 2.233733141960908, "S2:S_both:n_lo_full:5": 3.3058619641683955, "S2:S_both:n_lo_rand_hi:2": 2.4210680954771995, "S2:S_both:n_lo_rand_lo:1": 2.4131570831618885, "S2:S_both:n_lo_rand_lo:8": 5.632641800044619, "S2:S_multiseason:n_hi_block_hi:3": 1.6191373161695444, "S2:S_multiseason:n_hi_block_lo:2": 1.0836862774005294, "S2:S_multiseason:n_hi_block_lo:9": 0.46871587864379743, "S2:S_multiseason:n_hi_burst:5": 0.5957322988458736, "S2:S_multiseason:n_hi_full:3": 0.8991183621466257, "S2:S_multiseason:n_hi_rand_hi:0": 0.8883158322262713, "S2:S_multiseason:n_hi_rand_hi:8": 0.9085932064168093, "S2:S_multiseason:n_hi_rand_lo:4": 0.3262082230309039, "S2:S_multiseason:n_lo_block_hi:3": 0.4703935684704732,