{"S2:S_both:n_hi_block_hi:0": 2.3714784182882482, "S2:S_both:n_hi_block_hi:7": 2.3217110294629224, "S2:S_both:n_hi_block_lo:4": 2.3206698858060344, "S2:S_both:n_hi_burst:2": 2.1592452532753144, "S2:S_both:n_hi_burst:9": 3.9971114483348034, "S2:S_both:n_hi_full:4": 2.246718495989465, "S2:S_both:n_hi_rand_hi:2": 2.295251653910802, "S2:S_both:n_hi_rand_lo:1": 2.123015673279256, "S2:S_both:n_hi_rand_lo:7": 2.1511230281109843, "S2:S_both:n_lo_block_hi:5": 2.239591457739797, "S2:S_both:n_lo_block_lo:1": 2.318753654925282, "S2:S_both:n_lo_block_lo:8": 2.3021328260172544, "S2:S_both:n_lo_burst:6": 2.8155132513614474, "S2:S_both:n_lo_full:2": 1.9890018735722426, "S2:S_both:n_lo_rand_hi:0": 2.1558734161214677, "S2:S_both:n_lo_rand_hi:5": 2.1378061576223883, "S2:S_both:n_lo_rand_lo:6": 2.569052993660135, "S2:S_multiseason:n_hi_block_hi:1": 0.7764136028788168, "S2:S_multiseason:n_hi_block_hi:8": 1.1283413115217207, "S2:S_multiseason:n_hi_block_lo:7": 1.0165352896691555, "S2:S_multiseason:n_hi_burst:3": 1.250255029325143, "S2:S_multiseason:n_hi_full:1": 0.8062894654112182, "S2:S_multiseason:n_hi_full:8": 0.6719576934249397, "S2:S_multiseason:n_hi_rand_hi:6": 1.0459999613353934, "S2:S_multiseason:n_hi_rand_lo:2": 0.8342362113406016, "S2:S_multiseason:n_hi_rand_lo:7": 0.7679549053304162, "S2:S_multiseason:n_lo_block_hi:7": 0.8400432408031023, "S2:S_multiseason:n_lo_block_lo:2": 1.387644694954992, "S2:S_multiseason:n_lo_burst:0": 1.2044981355081301, "S2:S_multiseason:n_lo_burst:7": 1.5581165515173943, "S2:S_multiseason:n_lo_full:5": 0.7083425961692899, "S2:S_multiseason:n_lo_rand_hi:3": 0.6309187291186161, "S2:S_multiseason:n_lo_rand_hi:8": 1.4358154315614933, "S2:S_multiseason:n_lo_rand_lo:6": 1.000412023138592, "S2:S_regime:n_hi_block_hi:3": 8.33661356730803, "S2:S_regime:n_hi_block_lo:0": 3.556652805829997, "S2:S_regime:n_hi_block_lo:8": 6.63077459832919, "S2:S_regime:n_hi_burst:3": 4.456079474200397, "S2:S_regime:n_hi_full:1": 3.195992743569019, "S2:S_regime:n_hi_full:9": 5.537467156100986, "S2:S_regime:n_hi_rand_hi:6": 4.778325638739808, "S2:S_regime:n_hi_rand_lo:3": 1.196717925996081, "S2:S_regime:n_lo_block_hi:0": 5.049566524749122, "S2:S_regime:n_lo_block_hi:5": 1.2887064086866011, "S2:S_regime:n_lo_block_lo:5": 2.0317188709246907, "S2:S_regime:n_lo_burst:2": 2.946704514886932, "S2:S_regime:n_lo_burst:9": 0.5144838226139272, "S2:S_regime:n_lo_full:5": 1.0748463115804006, "S2:S_regime:n_lo_rand_hi:3": 7.3952003702236375, "S2:S_regime:n_lo_rand_lo:0": 4.965513881584518, "S2:S_regime:n_lo_rand_lo:7": 4.921962192613017, "S2:S_trend:n_hi_block_hi:4": 7.93713228004648, "S2:S_trend:n_hi_block_lo:1": 9.969252618716721, "S2:S_trend:n_hi_block_lo:9": 7.480725599297266, "S2:S_trend:n_hi_burst:6": 8.177589729506018, "S2:S_trend:n_hi_full:2": 7.630411390525477, "S2:S_trend:n_hi_rand_hi:0": 7.232743422451808, "S2:S_trend:n_hi_rand_hi:8": 7.35347197437171, "S2:S_trend:n_hi_rand_lo:6": 7.316314271109362, "S2:S_trend:n_lo_block_hi:3": 12.395333363107436, "S2:S_trend:n_lo_block_hi:9": 8.904948258911912, "S2:S_trend:n_lo_block_lo:6": 8.488829549635852, "S2:S_trend:n_lo_burst:2": 8.074970932998905, "S2:S_trend:n_lo_full:0": 7.109327805430892, "S2:S_trend:n_lo_full:8": 8.013176528078317, "S2:S_trend:n_lo_rand_hi:4": 9.352786992176199, "S2:S_trend:n_lo_rand_lo:1": 8.793784003617816, "S2:S_trend:n_lo_rand_lo:9": 10.054852603793318, "S2:S_both:n_hi_block_hi:1": 2.1657615760363464, "S2:S_both:n_hi_block_hi:8": 2.1282871383528006, "S2:S_both:n_hi_block_lo:6": 2.2821345257266468, "S2:S_both:n_hi_burst:4": 2.1573431673502936, "S2:S_both:n_hi_full:0": 2.0589400252430274, "S2:S_both:n_hi_full:5": 2.2322923434560487, "S2:S_both:n_hi_rand_hi:4": 3.0013108228163734, "S2:S_both:n_hi_rand_lo:2": 2.017082002631994, "S2:S_both:n_hi_rand_lo:9": 2.3509039225136052, "S2:S_both:n_lo_block_hi:6": 2.0536992939746255, "S2:S_both:n_lo_block_lo:2": 2.570731639379038, "S2:S_both:n_lo_burst:0": 2.580125877632495, "S2:S_both:n_lo_burst:7": 2.8065202331794628, "S2:S_both:n_lo_full:4": 2.636352691332434, "S2:S_both:n_lo_rand_hi:1": 4.55867457651476, "S2:S_both:n_lo_rand_hi:9": 2.6581841956502292, "S2:S_both:n_lo_rand_lo:7": 2.3766808494390927, "S2:S_multiseason:n_hi_block_hi:2": 1.0624973372648554, "S2:S_multiseason:n_hi_block_lo:0": 1.7761470898238816, "S2:S_multiseason:n_hi_block_lo:8": 0.8845047455268537, "S2:S_multiseason:n_hi_burst:4": 1.5296090874554287, "S2:S_multiseason:n_hi_full:2": 1.2388226593500524, "S2:S_multiseason:n_hi_full:9": 0.9714011163010694, "S2:S_multiseason:n_hi_rand_hi:7": 0.5143400984023164, "S2:S_multiseason:n_hi_rand_lo:3": 1.6463351473767667, "S2:S_multiseason:n_lo_block_hi:1": 1.2722265874276033, "S2:S_multiseason:n_lo_block_hi:8": 0.8346045119284191, "S2:S_multiseason:n_lo_block_lo:3": 1.2493051812225997, "S2:S_multiseason:n_lo_burst:2": 1.2702387160245454, "S2:S_multiseason:n_lo_burst:8": 0.9224518977278569, "S2:S_multiseason:n_lo_full:6": 1.4956017636743373, "S2:S_multiseason:n_lo_rand_hi:4": 1.1231989737170553, "S2:S_multiseason:n_lo_rand_lo:0": 1.0347946742773695, "S2:S_multiseason:n_lo_rand_lo:7": 0.9945671423719449, "S2:S_regime:n_hi_block_hi:6": 2.8905127927179013, "S2:S_regime:n_hi_block_lo:2": 6.33107460431077, "S2:S_regime:n_hi_block_lo:9": 2.3502508257523242, "S2:S_regime:n_hi_burst:4": 6.706456482365852, "S2:S_regime:n_hi_full:3": 1.792545465572256, "S2:S_regime:n_hi_rand_hi:1": 1.2950941126759399, "S2:S_regime:n_hi_rand_hi:8": 1.8164663381890607, "S2:S_regime:n_hi_rand_lo:4": 1.1259125350724124, "S2:S_regime:n_lo_block_hi:1": 2.706328657107225, "S2:S_regime:n_lo_block_hi:7": 10.71576257368596, "S2:S_regime:n_lo_block_lo:6": 1.9685331066540068, "S2:S_regime:n_lo_burst:3": 1.2427070359428558, "S2:S_regime:n_lo_full:0": 1.3355079382554356, "S2:S_regime:n_lo_full:7": 2.139214646183861, "S2:S_regime:n_lo_rand_hi:4": 1.238147576693577, "S2:S_regime:n_lo_rand_lo:1": 2.8379526240215527, "S2:S_regime:n_lo_rand_lo:9": 1.394991641373074, "S2:S_trend:n_hi_block_hi:5": 7.378779482026156, "S2:S_trend:n_hi_block_lo:3": 7.456650692001316, "S2:S_trend:n_hi_burst:0": 7.747051078668842, "S2:S_trend:n_hi_burst:8": 7.64048699123251, "S2:S_trend:n_hi_full:6": 7.320797087704457, "S2:S_trend:n_hi_rand_hi:2": 7.311747236306736, "S2:S_trend:n_hi_rand_hi:9": 9.68926472031895, "S2:S_trend:n_hi_rand_lo:7": 7.290739204537659, "S2:S_trend:n_lo_block_hi:5": 8.176632475495877, "S2:S_trend:n_lo_block_lo:1": 8.362398272221057, "S2:S_trend:n_lo_block_lo:7": 9.01306973122789, "S2:S_trend:n_lo_burst:5": 7.137866149801963, "S2:S_trend:n_lo_full:1": 7.099586692139948, "S2:S_trend:n_lo_full:9": 9.436487438775663, "S2:S_trend:n_lo_rand_hi:5": 7.690956993349939, "S2:S_trend:n_lo_rand_lo:2": 8.019470916335361, "S2:S_both:n_hi_block_hi:2": 2.293361872590808, "S2:S_both:n_hi_block_lo:0": 2.239331057120244, "S2:S_both:n_hi_block_lo:7": 2.298318924947559, "S2:S_both:n_hi_burst:6": 1.8749769699747525, "S2:S_both:n_hi_full:1": 2.2313696663435563, "S2:S_both:n_hi_full:7": 2.16766542321606, "S2:S_both:n_hi_rand_hi:6": 2.246079274610997, "S2:S_both:n_hi_rand_lo:3": 2.313564108123713, "S2:S_both:n_lo_block_hi:0": 2.13043986973573, "S2:S_both:n_lo_block_hi:7": 2.474019168785579, "S2:S_both:n_lo_block_lo:3": 2.717367657760404, "S2:S_both:n_lo_burst:3": 2.886878180111553, "S2:S_both:n_lo_burst:8": 2.328519257999443, "S2:S_both:n_lo_full:5": 2.507441466164524, "S2:S_both:n_lo_rand_hi:2": 2.4387842146618075, "S2:S_both:n_lo_rand_lo:1": 2.057478955523758, "S2:S_both:n_lo_rand_lo:8": 1.9549414804968346, "S2:S_multiseason:n_hi_block_hi:3": 1.5805539601558074, "S2:S_multiseason:n_hi_block_lo:2": 1.1297766048612035, "S2:S_multiseason:n_hi_block_lo:9": 0.9124375337203363, "S2:S_multiseason:n_hi_burst:5": 0.8366685096630728, "S2:S_multiseason:n_hi_full:3": 1.1627828720132425, "S2:S_multiseason:n_hi_rand_hi:0": 1.1665251166266342, "S2:S_multiseason:n_hi_rand_hi:8": 1.1349740321468729, "S2:S_multiseason:n_hi_rand_lo:4": 0.4432105336323685, "S2:S_multiseason:n_lo_block_hi:3": 1.0699113259092294,