{"S2:S_both:n_hi_block_hi:0": 2.14541329636286, "S2:S_both:n_hi_block_hi:7": 1.9805681757120406, "S2:S_both:n_hi_block_lo:4": 2.0048729587326233, "S2:S_both:n_hi_burst:2": 1.9642531879176186, "S2:S_both:n_hi_burst:9": 2.9619816492991746, "S2:S_both:n_hi_full:4": 2.0741685440477444, "S2:S_both:n_hi_rand_hi:2": 2.236658730366677, "S2:S_both:n_hi_rand_lo:1": 2.0278117778478055, "S2:S_both:n_hi_rand_lo:7": 2.069413766213052, "S2:S_both:n_lo_block_hi:5": 1.9612593459421568, "S2:S_both:n_lo_block_lo:1": 2.072608397456326, "S2:S_both:n_lo_block_lo:8": 2.58502024188313, "S2:S_both:n_lo_burst:6": 2.4068161554542087, "S2:S_both:n_lo_full:2": 2.1009353711310457, "S2:S_both:n_lo_rand_hi:0": 1.8942884657524095, "S2:S_both:n_lo_rand_hi:5": 2.0404711786931204, "S2:S_both:n_lo_rand_lo:6": 2.8402210568623913, "S2:S_multiseason:n_hi_block_hi:1": 0.6297491817346414, "S2:S_multiseason:n_hi_block_hi:8": 1.1277056764549889, "S2:S_multiseason:n_hi_block_lo:7": 1.1124114701626606, "S2:S_multiseason:n_hi_burst:3": 1.18096209314661, "S2:S_multiseason:n_hi_full:1": 0.7084750874629013, "S2:S_multiseason:n_hi_full:8": 0.5908881788889597, "S2:S_multiseason:n_hi_rand_hi:6": 0.972874137770282, "S2:S_multiseason:n_hi_rand_lo:2": 0.7597004675276924, "S2:S_multiseason:n_hi_rand_lo:7": 0.7420733932166751, "S2:S_multiseason:n_lo_block_hi:7": 0.4624319293280503, "S2:S_multiseason:n_lo_block_lo:2": 1.226869556766575, "S2:S_multiseason:n_lo_burst:0": 0.9251948408746956, "S2:S_multiseason:n_lo_burst:7": 1.3620452420910547, "S2:S_multiseason:n_lo_full:5": 0.4565581375287362, "S2:S_multiseason:n_lo_rand_hi:3": 0.635901094146106, "S2:S_multiseason:n_lo_rand_hi:8": 1.003613336801253, "S2:S_multiseason:n_lo_rand_lo:6": 0.7119607964687229, "S2:S_regime:n_hi_block_hi:3": 7.832400623058338, "S2:S_regime:n_hi_block_lo:0": 3.262678573257225, "S2:S_regime:n_hi_block_lo:8": 6.292478247111274, "S2:S_regime:n_hi_burst:3": 4.211908263406381, "S2:S_regime:n_hi_full:1": 2.9727223412731387, "S2:S_regime:n_hi_full:9": 5.654169149650106, "S2:S_regime:n_hi_rand_hi:6": 4.696352464228859, "S2:S_regime:n_hi_rand_lo:3": 1.257728317760406, "S2:S_regime:n_lo_block_hi:0": 4.442363019409977, "S2:S_regime:n_lo_block_hi:5": 0.9392356512028525, "S2:S_regime:n_lo_block_lo:5": 2.0735888727610727, "S2:S_regime:n_lo_burst:2": 2.7971301847128256, "S2:S_regime:n_lo_burst:9": 0.8720837451354744, "S2:S_regime:n_lo_full:5": 1.1419543895303208, "S2:S_regime:n_lo_rand_hi:3": 4.576285349945182, "S2:S_regime:n_lo_rand_lo:0": 4.6793040153405805, "S2:S_regime:n_lo_rand_lo:7": 4.00012794676973, "S2:S_trend:n_hi_block_hi:4": 7.087335034526019, "S2:S_trend:n_hi_block_lo:1": 8.505128002539434, "S2:S_trend:n_hi_block_lo:9": 7.244491460705013, "S2:S_trend:n_hi_burst:6": 7.140521035581546, "S2:S_trend:n_hi_full:2": 7.138186901629057, "S2:S_trend:n_hi_rand_hi:0": 6.979799709356055, "S2:S_trend:n_hi_rand_hi:8": 7.357538904934148, "S2:S_trend:n_hi_rand_lo:6": 7.180370276534544, "S2:S_trend:n_lo_block_hi:3": 12.074811251040007, "S2:S_trend:n_lo_block_hi:9": 8.558639542262194, "S2:S_trend:n_lo_block_lo:6": 8.588063807954398, "S2:S_trend:n_lo_burst:2": 8.063386532553572, "S2:S_trend:n_lo_full:0": 7.98817738847764, "S2:S_trend:n_lo_full:8": 5.693318249264895, "S2:S_trend:n_lo_rand_hi:4": 10.290137618097921, "S2:S_trend:n_lo_rand_lo:1": 5.762109574703826, "S2:S_trend:n_lo_rand_lo:9": 9.325195443763324, "S2:S_both:n_hi_block_hi:1": 1.995614851340801, "S2:S_both:n_hi_block_hi:8": 1.950561123314807, "S2:S_both:n_hi_block_lo:6": 2.1136187448844557, "S2:S_both:n_hi_burst:4": 1.9152280788330962, "S2:S_both:n_hi_full:0": 1.9017440529068206, "S2:S_both:n_hi_full:5": 1.8854960463630057, "S2:S_both:n_hi_rand_hi:4": 3.177415817789341, "S2:S_both:n_hi_rand_lo:2": 1.8855154627890467, "S2:S_both:n_hi_rand_lo:9": 1.2140450488151022, "S2:S_both:n_lo_block_hi:6": 2.020857797425632, "S2:S_both:n_lo_block_lo:2": 1.692708961056006, "S2:S_both:n_lo_burst:0": 2.4229718471019335, "S2:S_both:n_lo_burst:7": 1.7466442131651834, "S2:S_both:n_lo_full:4": 1.91454504772225, "S2:S_both:n_lo_rand_hi:1": 3.738508230102752, "S2:S_both:n_lo_rand_hi:9": 2.797224798768333, "S2:S_both:n_lo_rand_lo:7": 2.652249619779056, "S2:S_multiseason:n_hi_block_hi:2": 1.0810077509768803, "S2:S_multiseason:n_hi_block_lo:0": 1.6983326191409718, "S2:S_multiseason:n_hi_block_lo:8": 0.640052848953721, "S2:S_multiseason:n_hi_burst:4": 1.6016832242780075, "S2:S_multiseason:n_hi_full:2": 1.240005650285366, "S2:S_multiseason:n_hi_full:9": 0.7964581679251443, "S2:S_multiseason:n_hi_rand_hi:7": 0.3493104898665905, "S2:S_multiseason:n_hi_rand_lo:3": 1.5620588563938422, "S2:S_multiseason:n_lo_block_hi:1": 1.2905393367466889, "S2:S_multiseason:n_lo_block_hi:8": 0.5823014282434, "S2:S_multiseason:n_lo_block_lo:3": 0.9909909240071755, "S2:S_multiseason:n_lo_burst:2": 0.7886422491441313, "S2:S_multiseason:n_lo_burst:8": 0.7666399907629294, "S2:S_multiseason:n_lo_full:6": 1.246429032337988, "S2:S_multiseason:n_lo_rand_hi:4": 0.8037076082018013, "S2:S_multiseason:n_lo_rand_lo:0": 0.6406559686977794, "S2:S_multiseason:n_lo_rand_lo:7": 0.7170073592073424, "S2:S_regime:n_hi_block_hi:6": 1.4793395355005912, "S2:S_regime:n_hi_block_lo:2": 6.303873932080389, "S2:S_regime:n_hi_block_lo:9": 2.3388262852576918, "S2:S_regime:n_hi_burst:4": 6.285397404143638, "S2:S_regime:n_hi_full:3": 1.6881871940353106, "S2:S_regime:n_hi_rand_hi:1": 1.2912424050126234, "S2:S_regime:n_hi_rand_hi:8": 2.022914181889802, "S2:S_regime:n_hi_rand_lo:4": 1.073052339653091, "S2:S_regime:n_lo_block_hi:1": 3.1299115536329642, "S2:S_regime:n_lo_block_hi:7": 10.075454062455234, "S2:S_regime:n_lo_block_lo:6": 1.7271726624759638, "S2:S_regime:n_lo_burst:3": 1.2601817700241043, "S2:S_regime:n_lo_full:0": 1.1738984323229784, "S2:S_regime:n_lo_full:7": 2.5708532107809723, "S2:S_regime:n_lo_rand_hi:4": 1.4306892939193492, "S2:S_regime:n_lo_rand_lo:1": 2.836402381763944, "S2:S_regime:n_lo_rand_lo:9": 1.293752133420218, "S2:S_trend:n_hi_block_hi:5": 7.183474936774381, "S2:S_trend:n_hi_block_lo:3": 7.545737507576293, "S2:S_trend:n_hi_burst:0": 7.439288720750148, "S2:S_trend:n_hi_burst:8": 7.2057819980713385, "S2:S_trend:n_hi_full:6": 7.0018962465547485, "S2:S_trend:n_hi_rand_hi:2": 6.993364008468775, "S2:S_trend:n_hi_rand_hi:9": 8.772772988838316, "S2:S_trend:n_hi_rand_lo:7": 7.103848467379924, "S2:S_trend:n_lo_block_hi:5": 7.134262850060863, "S2:S_trend:n_lo_block_lo:1": 8.646994886464471, "S2:S_trend:n_lo_block_lo:7": 8.734414437372514, "S2:S_trend:n_lo_burst:5": 6.56377945609911, "S2:S_trend:n_lo_full:1": 6.639198418190073, "S2:S_trend:n_lo_full:9": 7.980187768832592, "S2:S_trend:n_lo_rand_hi:5": 6.3853728804601895, "S2:S_trend:n_lo_rand_lo:2": 6.089349473462533, "S2:S_both:n_hi_block_hi:2": 2.0297744448987807, "S2:S_both:n_hi_block_lo:0": 2.085929315799911, "S2:S_both:n_hi_block_lo:7": 2.074580371751921, "S2:S_both:n_hi_burst:6": 1.2914690870860894, "S2:S_both:n_hi_full:1": 1.988194161244909, "S2:S_both:n_hi_full:7": 2.1546554689635014, "S2:S_both:n_hi_rand_hi:6": 2.0002592964992276, "S2:S_both:n_hi_rand_lo:3": 2.21679579368382, "S2:S_both:n_lo_block_hi:0": 2.0791612029209747, "S2:S_both:n_lo_block_hi:7": 1.5700229163775632, "S2:S_both:n_lo_block_lo:3": 2.6966602937846096, "S2:S_both:n_lo_burst:3": 2.682311468217562, "S2:S_both:n_lo_burst:8": 2.5114474440982915, "S2:S_both:n_lo_full:5": 2.9553850118058103, "S2:S_both:n_lo_rand_hi:2": 2.037095601118939, "S2:S_both:n_lo_rand_lo:1": 1.7840048068832441, "S2:S_both:n_lo_rand_lo:8": 2.477252316433465, "S2:S_multiseason:n_hi_block_hi:3": 1.5863397607328145, "S2:S_multiseason:n_hi_block_lo:2": 1.1111248702284233, "S2:S_multiseason:n_hi_block_lo:9": 0.9323442745835868, "S2:S_multiseason:n_hi_burst:5": 0.7744326592620098, "S2:S_multiseason:n_hi_full:3": 1.122269887448533, "S2:S_multiseason:n_hi_rand_hi:0": 1.1766300480896885, "S2:S_multiseason:n_hi_rand_hi:8": 1.1966061919334918, "S2:S_multiseason:n_hi_rand_lo:4": 0.4053221659819288, "S2:S_multiseason:n_lo_block_hi:3": 0.8564353590103209,