{"S2:S_both:n_hi_block_hi:0": 2.1107519477306718, "S2:S_both:n_hi_block_hi:7": 1.9141006587973417, "S2:S_both:n_hi_block_lo:4": 1.8786670727560981, "S2:S_both:n_hi_burst:2": 1.9090918277647742, "S2:S_both:n_hi_burst:9": 1.9606123951236627, "S2:S_both:n_hi_full:4": 2.005702815971963, "S2:S_both:n_hi_rand_hi:2": 2.14989469957063, "S2:S_both:n_hi_rand_lo:1": 1.8925645210955102, "S2:S_both:n_hi_rand_lo:7": 1.999490504361492, "S2:S_both:n_lo_block_hi:5": 1.8882542723547837, "S2:S_both:n_lo_block_lo:1": 1.4877055222117417, "S2:S_both:n_lo_block_lo:8": 1.9935128667721667, "S2:S_both:n_lo_burst:6": 1.9970596908252383, "S2:S_both:n_lo_full:2": 2.6327340995977475, "S2:S_both:n_lo_rand_hi:0": 1.6702735938997793, "S2:S_both:n_lo_rand_hi:5": 2.069907421111013, "S2:S_both:n_lo_rand_lo:6": 2.8055947139911006, "S2:S_multiseason:n_hi_block_hi:1": 0.07332104771581585, "S2:S_multiseason:n_hi_block_hi:8": 0.8672239884742896, "S2:S_multiseason:n_hi_block_lo:7": 1.5141743908358467, "S2:S_multiseason:n_hi_burst:3": 0.903062140909855, "S2:S_multiseason:n_hi_full:1": 0.3642894428671674, "S2:S_multiseason:n_hi_full:8": 0.3310065173645395, "S2:S_multiseason:n_hi_rand_hi:6": 0.6493872404266832, "S2:S_multiseason:n_hi_rand_lo:2": 0.4669718035398572, "S2:S_multiseason:n_hi_rand_lo:7": 0.5031989823239148, "S2:S_multiseason:n_lo_block_hi:7": 0.4029430568344817, "S2:S_multiseason:n_lo_block_lo:2": 1.353937301143564, "S2:S_multiseason:n_lo_burst:0": 0.40568671360080805, "S2:S_multiseason:n_lo_burst:7": 1.0727879974598498, "S2:S_multiseason:n_lo_full:5": 0.34330297125750553, "S2:S_multiseason:n_lo_rand_hi:3": 0.3034182876959806, "S2:S_multiseason:n_lo_rand_hi:8": 0.9249546045644029, "S2:S_multiseason:n_lo_rand_lo:6": 0.3525593701315889, "S2:S_regime:n_hi_block_hi:3": 7.327516235252321, "S2:S_regime:n_hi_block_lo:0": 3.234206760702797, "S2:S_regime:n_hi_block_lo:8": 7.365210895314546, "S2:S_regime:n_hi_burst:3": 3.669262144864592, "S2:S_regime:n_hi_full:1": 2.7289781903028034, "S2:S_regime:n_hi_full:9": 5.076425867107274, "S2:S_regime:n_hi_rand_hi:6": 4.44356257226472, "S2:S_regime:n_hi_rand_lo:3": 1.1925722431376367, "S2:S_regime:n_lo_block_hi:0": 4.2056134593832875, "S2:S_regime:n_lo_block_hi:5": 1.3173644512832918, "S2:S_regime:n_lo_block_lo:5": 2.809465323545631, "S2:S_regime:n_lo_burst:2": 2.6067082558873573, "S2:S_regime:n_lo_burst:9": 1.3783113558519988, "S2:S_regime:n_lo_full:5": 1.2767730252676106, "S2:S_regime:n_lo_rand_hi:3": 3.8176198216404655, "S2:S_regime:n_lo_rand_lo:0": 4.636565398324286, "S2:S_regime:n_lo_rand_lo:7": 3.465318321174927, "S2:S_trend:n_hi_block_hi:4": 6.618593032002511, "S2:S_trend:n_hi_block_lo:1": 9.568395905881761, "S2:S_trend:n_hi_block_lo:9": 6.608594954911405, "S2:S_trend:n_hi_burst:6": 6.688813155165602, "S2:S_trend:n_hi_full:2": 6.521707408509822, "S2:S_trend:n_hi_rand_hi:0": 6.410733630797875, "S2:S_trend:n_hi_rand_hi:8": 6.77507074416241, "S2:S_trend:n_hi_rand_lo:6": 6.559473576716349, "S2:S_trend:n_lo_block_hi:3": 12.314070622838244, "S2:S_trend:n_lo_block_hi:9": 8.259855727503796, "S2:S_trend:n_lo_block_lo:6": 6.620415348340653, "S2:S_trend:n_lo_burst:2": 7.815252550542513, "S2:S_trend:n_lo_full:0": 10.05284839542713, "S2:S_trend:n_lo_full:8": 4.410334712761372, "S2:S_trend:n_lo_rand_hi:4": 7.875463474726855, "S2:S_trend:n_lo_rand_lo:1": 4.063474700273303, "S2:S_trend:n_lo_rand_lo:9": 8.607594058654264, "S2:S_both:n_hi_block_hi:1": 1.7979900941319096, "S2:S_both:n_hi_block_hi:8": 1.945527955028241, "S2:S_both:n_hi_block_lo:6": 2.0518758349456863, "S2:S_both:n_hi_burst:4": 1.845554750153536, "S2:S_both:n_hi_full:0": 1.8689186995613152, "S2:S_both:n_hi_full:5": 1.8124404251179662, "S2:S_both:n_hi_rand_hi:4": 1.886130910004697, "S2:S_both:n_hi_rand_lo:2": 1.9532207044386207, "S2:S_both:n_hi_rand_lo:9": 1.8650811978830715, "S2:S_both:n_lo_block_hi:6": 1.5780175333222064, "S2:S_both:n_lo_block_lo:2": 1.543148858463676, "S2:S_both:n_lo_burst:0": 2.4365729813435713, "S2:S_both:n_lo_burst:7": 1.743899553967008, "S2:S_both:n_lo_full:4": 3.083093024744627, "S2:S_both:n_lo_rand_hi:1": 1.6925522261525223, "S2:S_both:n_lo_rand_hi:9": 2.6672167615316877, "S2:S_both:n_lo_rand_lo:7": 1.54687539418032, "S2:S_multiseason:n_hi_block_hi:2": 0.9519255248561405, "S2:S_multiseason:n_hi_block_lo:0": 1.438668402173952, "S2:S_multiseason:n_hi_block_lo:8": 0.41222361940359203, "S2:S_multiseason:n_hi_burst:4": 1.3800521979680813, "S2:S_multiseason:n_hi_full:2": 1.005605619001271, "S2:S_multiseason:n_hi_full:9": 0.4376669445742806, "S2:S_multiseason:n_hi_rand_hi:7": 0.2473685546044319, "S2:S_multiseason:n_hi_rand_lo:3": 1.3948874150882864, "S2:S_multiseason:n_lo_block_hi:1": 1.1491287767617913, "S2:S_multiseason:n_lo_block_hi:8": 0.7741486310566968, "S2:S_multiseason:n_lo_block_lo:3": 0.9844412670076845, "S2:S_multiseason:n_lo_burst:2": 0.8463025100211874, "S2:S_multiseason:n_lo_burst:8": 0.9288626122498987, "S2:S_multiseason:n_lo_full:6": 0.9520761641291975, "S2:S_multiseason:n_lo_rand_hi:4": 0.6410302546346716, "S2:S_multiseason:n_lo_rand_lo:0": 0.56338086390022, "S2:S_multiseason:n_lo_rand_lo:7": 0.36978622952172857, "S2:S_regime:n_hi_block_hi:6": 2.2620842410972397, "S2:S_regime:n_hi_block_lo:2": 6.388566539102726, "S2:S_regime:n_hi_block_lo:9": 2.589068709925903, "S2:S_regime:n_hi_burst:4": 6.0865067353350595, "S2:S_regime:n_hi_full:3": 1.541234529916191, "S2:S_regime:n_hi_rand_hi:1": 1.3774859291523256, "S2:S_regime:n_hi_rand_hi:8": 2.163197269284107, "S2:S_regime:n_hi_rand_lo:4": 1.0501233769768084, "S2:S_regime:n_lo_block_hi:1": 3.249751755472445, "S2:S_regime:n_lo_block_hi:7": 12.30670784261872, "S2:S_regime:n_lo_block_lo:6": 1.8068256480864107, "S2:S_regime:n_lo_burst:3": 1.21570311080137, "S2:S_regime:n_lo_full:0": 1.183408723068362, "S2:S_regime:n_lo_full:7": 3.5457746292708436, "S2:S_regime:n_lo_rand_hi:4": 1.9108008170723192, "S2:S_regime:n_lo_rand_lo:1": 3.1110717612766368, "S2:S_regime:n_lo_rand_lo:9": 1.322410367318325, "S2:S_trend:n_hi_block_hi:5": 6.7517308668309886, "S2:S_trend:n_hi_block_lo:3": 6.9432914431392945, "S2:S_trend:n_hi_burst:0": 7.000771125974398, "S2:S_trend:n_hi_burst:8": 6.889356827083387, "S2:S_trend:n_hi_full:6": 6.498113332472032, "S2:S_trend:n_hi_rand_hi:2": 6.336959062859103, "S2:S_trend:n_hi_rand_hi:9": 11.269598319419089, "S2:S_trend:n_hi_rand_lo:7": 6.624844516072774, "S2:S_trend:n_lo_block_hi:5": 6.182202243313491, "S2:S_trend:n_lo_block_lo:1": 10.46112779490738, "S2:S_trend:n_lo_block_lo:7": 7.2883654286427015, "S2:S_trend:n_lo_burst:5": 4.579216512707838, "S2:S_trend:n_lo_full:1": 5.901212115202569, "S2:S_trend:n_lo_full:9": 6.558896035276974, "S2:S_trend:n_lo_rand_hi:5": 5.5218469296572295, "S2:S_trend:n_lo_rand_lo:2": 4.9252167568774, "S2:S_both:n_hi_block_hi:2": 2.036795946875581, "S2:S_both:n_hi_block_lo:0": 1.870457199871611, "S2:S_both:n_hi_block_lo:7": 1.99280566081947, "S2:S_both:n_hi_burst:6": 2.006058825954871, "S2:S_both:n_hi_full:1": 1.895749359732523, "S2:S_both:n_hi_full:7": 2.1064048807276134, "S2:S_both:n_hi_rand_hi:6": 1.9700823771733467, "S2:S_both:n_hi_rand_lo:3": 2.1772736030618534, "S2:S_both:n_lo_block_hi:0": 1.7886526383426615, "S2:S_both:n_lo_block_hi:7": 1.4826800071642874, "S2:S_both:n_lo_block_lo:3": 3.1421602782509157, "S2:S_both:n_lo_burst:3": 2.557693565301108, "S2:S_both:n_lo_burst:8": 2.6058382083330573, "S2:S_both:n_lo_full:5": 1.986762887205454, "S2:S_both:n_lo_rand_hi:2": 2.107281446652377, "S2:S_both:n_lo_rand_lo:1": 1.6608383248188874, "S2:S_both:n_lo_rand_lo:8": 2.3944639568914603, "S2:S_multiseason:n_hi_block_hi:3": 1.6060434174349993, "S2:S_multiseason:n_hi_block_lo:2": 0.7384511792897489, "S2:S_multiseason:n_hi_block_lo:9": 0.17259374478435396, "S2:S_multiseason:n_hi_burst:5": 0.14559258082317283, "S2:S_multiseason:n_hi_full:3": 0.8864690226048199, "S2:S_multiseason:n_hi_rand_hi:0": 0.8209019247264436, "S2:S_multiseason:n_hi_rand_hi:8": 0.8072159171537291, "S2:S_multiseason:n_hi_rand_lo:4": 0.18237175334105635, "S2:S_multiseason:n_lo_block_hi:3": 1.2544452782527178,