{"S2:S_both:n_hi_block_hi:0": 2.206687903042068, "S2:S_both:n_hi_block_hi:7": 2.33764923941383, "S2:S_both:n_hi_block_lo:4": 2.4139620717599732, "S2:S_both:n_hi_burst:2": 1.8815207874318438, "S2:S_both:n_hi_burst:9": 4.777225181737517, "S2:S_both:n_hi_full:4": 2.2199564647439143, "S2:S_both:n_hi_rand_hi:2": 2.544074677734677, "S2:S_both:n_hi_rand_lo:1": 2.0642709916990336, "S2:S_both:n_hi_rand_lo:7": 2.00135649766996, "S2:S_both:n_lo_block_hi:5": 1.5727884557801246, "S2:S_both:n_lo_block_lo:1": 1.4895215026952564, "S2:S_both:n_lo_block_lo:8": 3.005778494429986, "S2:S_both:n_lo_burst:6": 2.6686079211534373, "S2:S_both:n_lo_full:2": 2.509867271818306, "S2:S_both:n_lo_rand_hi:0": 2.8663073334935496, "S2:S_both:n_lo_rand_hi:5": 1.9856847538314557, "S2:S_both:n_lo_rand_lo:6": 3.359201116424169, "S2:S_multiseason:n_hi_block_hi:1": 0.697397754713408, "S2:S_multiseason:n_hi_block_hi:8": 0.8282905771564762, "S2:S_multiseason:n_hi_block_lo:7": 2.0230701638775015, "S2:S_multiseason:n_hi_burst:3": 0.8645080869460499, "S2:S_multiseason:n_hi_full:1": 0.49023991124888444, "S2:S_multiseason:n_hi_full:8": 0.35635203972966245, "S2:S_multiseason:n_hi_rand_hi:6": 0.608531308685561, "S2:S_multiseason:n_hi_rand_lo:2": 0.5218718711389209, "S2:S_multiseason:n_hi_rand_lo:7": 0.549764797460376, "S2:S_multiseason:n_lo_block_hi:7": 0.3132279205028468, "S2:S_multiseason:n_lo_block_lo:2": 1.1346708604036517, "S2:S_multiseason:n_lo_burst:0": 0.429475494319518, "S2:S_multiseason:n_lo_burst:7": 1.221376897189012, "S2:S_multiseason:n_lo_full:5": 0.5131156845045248, "S2:S_multiseason:n_lo_rand_hi:3": 0.173735886613953, "S2:S_multiseason:n_lo_rand_hi:8": 0.7626225906219471, "S2:S_multiseason:n_lo_rand_lo:6": 0.8868095812231516, "S2:S_regime:n_hi_block_hi:3": 7.871503386842998, "S2:S_regime:n_hi_block_lo:0": 3.417666479413946, "S2:S_regime:n_hi_block_lo:8": 8.411771546284141, "S2:S_regime:n_hi_burst:3": 3.834868570414501, "S2:S_regime:n_hi_full:1": 2.7774515166207707, "S2:S_regime:n_hi_full:9": 5.490191038919065, "S2:S_regime:n_hi_rand_hi:6": 4.534199983994195, "S2:S_regime:n_hi_rand_lo:3": 1.2048100009690113, "S2:S_regime:n_lo_block_hi:0": 4.450558427315915, "S2:S_regime:n_lo_block_hi:5": 1.3513718864608513, "S2:S_regime:n_lo_block_lo:5": 3.04964420607348, "S2:S_regime:n_lo_burst:2": 2.302682756763376, "S2:S_regime:n_lo_burst:9": 1.3576199053167122, "S2:S_regime:n_lo_full:5": 1.2619562161551288, "S2:S_regime:n_lo_rand_hi:3": 6.25651969725831, "S2:S_regime:n_lo_rand_lo:0": 4.780646581174419, "S2:S_regime:n_lo_rand_lo:7": 3.9422659566251212, "S2:S_trend:n_hi_block_hi:4": 6.5919053955627405, "S2:S_trend:n_hi_block_lo:1": 11.865526563975006, "S2:S_trend:n_hi_block_lo:9": 7.464561045210561, "S2:S_trend:n_hi_burst:6": 8.035386298091717, "S2:S_trend:n_hi_full:2": 7.313192092216841, "S2:S_trend:n_hi_rand_hi:0": 5.927188056723882, "S2:S_trend:n_hi_rand_hi:8": 6.204800002186292, "S2:S_trend:n_hi_rand_lo:6": 6.633857469337266, "S2:S_trend:n_lo_block_hi:3": 11.945414275461262, "S2:S_trend:n_lo_block_hi:9": 8.413455877756375, "S2:S_trend:n_lo_block_lo:6": 6.268136101177778, "S2:S_trend:n_lo_burst:2": 7.804066955956769, "S2:S_trend:n_lo_full:0": 11.142692319658416, "S2:S_trend:n_lo_full:8": 5.104733435379718, "S2:S_trend:n_lo_rand_hi:4": 10.566643109920811, "S2:S_trend:n_lo_rand_lo:1": 4.647764296463577, "S2:S_trend:n_lo_rand_lo:9": 9.50616822587548, "S2:S_both:n_hi_block_hi:1": 2.3511292104090415, "S2:S_both:n_hi_block_hi:8": 2.2610405609364244, "S2:S_both:n_hi_block_lo:6": 2.553625902598736, "S2:S_both:n_hi_burst:4": 2.248260035216568, "S2:S_both:n_hi_full:0": 2.2375334850786492, "S2:S_both:n_hi_full:5": 2.433178025651967, "S2:S_both:n_hi_rand_hi:4": 2.7308633472616464, "S2:S_both:n_hi_rand_lo:2": 1.7747316511823281, "S2:S_both:n_hi_rand_lo:9": 1.3644186831348748, "S2:S_both:n_lo_block_hi:6": 1.8115923005621266, "S2:S_both:n_lo_block_lo:2": 2.4964550899435927, "S2:S_both:n_lo_burst:0": 2.4639260066413584, "S2:S_both:n_lo_burst:7": 1.5470305699384164, "S2:S_both:n_lo_full:4": 1.673248862142298, "S2:S_both:n_lo_rand_hi:1": 4.452028609402846, "S2:S_both:n_lo_rand_hi:9": 2.9085941308668732, "S2:S_both:n_lo_rand_lo:7": 1.7655710307986272, "S2:S_multiseason:n_hi_block_hi:2": 1.0771303677288442, "S2:S_multiseason:n_hi_block_lo:0": 1.408057765857807, "S2:S_multiseason:n_hi_block_lo:8": 0.7239961358085557, "S2:S_multiseason:n_hi_burst:4": 1.2625295194185593, "S2:S_multiseason:n_hi_full:2": 0.9920740218158771, "S2:S_multiseason:n_hi_full:9": 0.37940949525436474, "S2:S_multiseason:n_hi_rand_hi:7": 0.23450241758488255, "S2:S_multiseason:n_hi_rand_lo:3": 1.3504987254758511, "S2:S_multiseason:n_lo_block_hi:1": 1.2906360786757918, "S2:S_multiseason:n_lo_block_hi:8": 0.34974997474194514, "S2:S_multiseason:n_lo_block_lo:3": 0.791166430588585, "S2:S_multiseason:n_lo_burst:2": 1.1794269893450648, "S2:S_multiseason:n_lo_burst:8": 0.7405933502641703, "S2:S_multiseason:n_lo_full:6": 2.637269143538914, "S2:S_multiseason:n_lo_rand_hi:4": 0.3462562816137084, "S2:S_multiseason:n_lo_rand_lo:0": 0.6171779903258339, "S2:S_multiseason:n_lo_rand_lo:7": 0.9110236777076189, "S2:S_regime:n_hi_block_hi:6": 3.9737312676401007, "S2:S_regime:n_hi_block_lo:2": 6.410838561291756, "S2:S_regime:n_hi_block_lo:9": 2.698236944761935, "S2:S_regime:n_hi_burst:4": 6.567015425888815, "S2:S_regime:n_hi_full:3": 1.6100234108907918, "S2:S_regime:n_hi_rand_hi:1": 1.3993805159049035, "S2:S_regime:n_hi_rand_hi:8": 2.072241048905341, "S2:S_regime:n_hi_rand_lo:4": 1.570936673648489, "S2:S_regime:n_lo_block_hi:1": 3.6162907926636247, "S2:S_regime:n_lo_block_hi:7": 14.313478892786627, "S2:S_regime:n_lo_block_lo:6": 2.026489463474101, "S2:S_regime:n_lo_burst:3": 2.157715784557511, "S2:S_regime:n_lo_full:0": 1.1608513045439526, "S2:S_regime:n_lo_full:7": 3.4592900073373807, "S2:S_regime:n_lo_rand_hi:4": 1.9400898255168555, "S2:S_regime:n_lo_rand_lo:1": 3.6103637631096235, "S2:S_regime:n_lo_rand_lo:9": 1.331583700418202, "S2:S_trend:n_hi_block_hi:5": 6.374276330249494, "S2:S_trend:n_hi_block_lo:3": 7.10980077327429, "S2:S_trend:n_hi_burst:0": 6.620066194029863, "S2:S_trend:n_hi_burst:8": 7.64083214604077, "S2:S_trend:n_hi_full:6": 6.451273776917785, "S2:S_trend:n_hi_rand_hi:2": 6.2969338178861385, "S2:S_trend:n_hi_rand_hi:9": 16.15011913661207, "S2:S_trend:n_hi_rand_lo:7": 5.737442767988001, "S2:S_trend:n_lo_block_hi:5": 7.053151017650571, "S2:S_trend:n_lo_block_lo:1": 11.581457156646977, "S2:S_trend:n_lo_block_lo:7": 10.758732711019555, "S2:S_trend:n_lo_burst:5": 4.913578651813078, "S2:S_trend:n_lo_full:1": 6.699171863727665, "S2:S_trend:n_lo_full:9": 10.609512683536249, "S2:S_trend:n_lo_rand_hi:5": 6.509773801436539, "S2:S_trend:n_lo_rand_lo:2": 5.789389624287629, "S2:S_both:n_hi_block_hi:2": 2.0254756333790147, "S2:S_both:n_hi_block_lo:0": 2.4241196917927286, "S2:S_both:n_hi_block_lo:7": 2.110136216573314, "S2:S_both:n_hi_burst:6": 2.0749931496000227, "S2:S_both:n_hi_full:1": 2.3215047408098073, "S2:S_both:n_hi_full:7": 2.157934405966339, "S2:S_both:n_hi_rand_hi:6": 2.3290081874935136, "S2:S_both:n_hi_rand_lo:3": 2.33816476075558, "S2:S_both:n_lo_block_hi:0": 1.9429435653778677, "S2:S_both:n_lo_block_hi:7": 2.20371893151229, "S2:S_both:n_lo_block_lo:3": 3.522302647996576, "S2:S_both:n_lo_burst:3": 3.221704235599819, "S2:S_both:n_lo_burst:8": 2.3152961625794948, "S2:S_both:n_lo_full:5": 3.470673845850963, "S2:S_both:n_lo_rand_hi:2": 2.2605454782954095, "S2:S_both:n_lo_rand_lo:1": 2.4163562000726944, "S2:S_both:n_lo_rand_lo:8": 4.349509524379259, "S2:S_multiseason:n_hi_block_hi:3": 1.6055864094703427, "S2:S_multiseason:n_hi_block_lo:2": 0.9625757961479309, "S2:S_multiseason:n_hi_block_lo:9": 0.5830401327282666, "S2:S_multiseason:n_hi_burst:5": 0.5730396473338556, "S2:S_multiseason:n_hi_full:3": 0.8602312344080084, "S2:S_multiseason:n_hi_rand_hi:0": 0.8227181103098534, "S2:S_multiseason:n_hi_rand_hi:8": 0.8321555403430279, "S2:S_multiseason:n_hi_rand_lo:4": 0.2586766871705899, "S2:S_multiseason:n_lo_block_hi:3": 0.3708018327688193,