{
  "best_fixed_program": "denoise_stl",
  "c1_argmin_by_condition_ex_covid": {
    "block|0.12": "winsorize",
    "block|0.24": "winsorize",
    "gaussian|0.5": "winsorize",
    "level_shift|0.05": "denoise_stl",
    "local_permutation|0.05": "denoise_stl",
    "natural|0.0": "denoise_stl",
    "scattered|0.12": "denoise_stl",
    "spike|0.01": "denoise_stl",
    "spike|0.03": "denoise_stl"
  },
  "c1_distinct_winners_ex_covid": [
    "denoise_stl",
    "winsorize"
  ],
  "c1_survives_ex_covid": true,
  "condition_means_vs_raw_all": {
    "block|0.12": {
      "denoise_median": 0.1521555511992041,
      "denoise_savgol": -0.3304718326304909,
      "denoise_stl": 0.08065364462300932,
      "denoise_wavelet": 0.08423759548500881,
      "forward_fill": -0.06160141543320576,
      "h_ref": 0.07641842957800844,
      "oracle_insample_retrained": -0.678337526435808,
      "oracle_transfer_retrained": -0.13555627194709155,
      "raw": 0.0,
      "seasonal_fill": 0.14478252401469935,
      "winsorize": 1.2816186886608256
    },
    "block|0.24": {
      "denoise_median": 0.16568954994262616,
      "denoise_savgol": 0.3727238040874161,
      "denoise_stl": 0.7787453814950788,
      "denoise_wavelet": 0.06565617083816828,
      "forward_fill": 1.2589662800616166,
      "h_ref": 0.9394997616050408,
      "oracle_insample_retrained": -0.0835798101343395,
      "oracle_transfer_retrained": -0.06486661070891916,
      "raw": 0.0,
      "seasonal_fill": 1.7180459990806902,
      "winsorize": 1.3539284435814944
    },
    "gaussian|0.5": {
      "denoise_median": -0.6505230643547476,
      "denoise_savgol": -0.03777735540613583,
      "denoise_stl": -0.7505450515999609,
      "denoise_wavelet": -0.09102279869401515,
      "forward_fill": -0.0002456226083128898,
      "h_ref": -0.0036644880603136634,
      "oracle_insample_retrained": -0.9088584944374081,
      "oracle_transfer_retrained": -0.2491799883737255,
      "raw": 0.0,
      "seasonal_fill": 0.0001906174796847413,
      "winsorize": 0.10682799177671128
    },
    "level_shift|0.05": {
      "denoise_median": 0.17401207481275174,
      "denoise_savgol": 0.22139400166832363,
      "denoise_stl": -0.5840139387480896,
      "denoise_wavelet": 0.10140369560844492,
      "forward_fill": -0.00023048821882610895,
      "h_ref": -0.02414491379697965,
      "oracle_insample_retrained": -0.6280855171372287,
      "oracle_transfer_retrained": -0.6248411009350908,
      "raw": 0.0,
      "seasonal_fill": 9.19606269332491e-05,
      "winsorize": -0.04994932825077456
    },
    "local_permutation|0.05": {
      "denoise_median": -0.11359737136305799,
      "denoise_savgol": -0.624418208459376,
      "denoise_stl": -0.8498449736045635,
      "denoise_wavelet": 0.09536529366308619,
      "forward_fill": -0.00019804830211253842,
      "h_ref": 0.028134495211016883,
      "oracle_insample_retrained": -1.138236552773924,
      "oracle_transfer_retrained": -0.9054163702973985,
      "raw": 0.0,
      "seasonal_fill": -4.0828182246888766e-05,
      "winsorize": 0.825720256570404
    },
    "natural|0.0": {
      "denoise_median": -0.028609487227449815,
      "denoise_savgol": -0.5514811138157599,
      "denoise_stl": -0.8449121802105861,
      "denoise_wavelet": 0.09870078843510857,
      "forward_fill": -0.00031978553874664994,
      "h_ref": 0.035027746423582015,
      "oracle_insample_retrained": -1.0762039287246208,
      "oracle_transfer_retrained": -0.9082185960921789,
      "raw": 0.0,
      "seasonal_fill": -9.585572406624313e-05,
      "winsorize": 0.8449248161209759
    },
    "scattered|0.12": {
      "denoise_median": 0.06143283369723171,
      "denoise_savgol": -0.2591661241221118,
      "denoise_stl": -1.099250636395398,
      "denoise_wavelet": 0.09168780364474578,
      "forward_fill": 0.13357205861362087,
      "h_ref": 0.0011512463405876452,
      "oracle_insample_retrained": -1.2631061255329503,
      "oracle_transfer_retrained": -1.1565478991013338,
      "raw": 0.0,
      "seasonal_fill": 0.5701267901575492,
      "winsorize": 0.9042878551388042
    },
    "spike|0.01": {
      "denoise_median": -0.5929425452804193,
      "denoise_savgol": 0.3741763351939804,
      "denoise_stl": -0.046226078915663674,
      "denoise_wavelet": 0.059150353504096344,
      "forward_fill": -0.00012417714580838514,
      "h_ref": -0.001429875230115202,
      "oracle_insample_retrained": -0.7473755474291158,
      "oracle_transfer_retrained": -0.6987984647293418,
      "raw": 0.0,
      "seasonal_fill": 0.00023313200592729163,
      "winsorize": 0.11547252662022471
    },
    "spike|0.03": {
      "denoise_median": -2.871767779198125,
      "denoise_savgol": 0.09186301084179904,
      "denoise_stl": -3.1891566943789953,
      "denoise_wavelet": 0.0483899409677772,
      "forward_fill": -7.10389501571554e-05,
      "h_ref": -0.005576766955266467,
      "oracle_insample_retrained": -3.4973703677048023,
      "oracle_transfer_retrained": -3.431777679843923,
      "raw": 0.0,
      "seasonal_fill": 0.00045060490670315327,
      "winsorize": -1.1950712512045403
    }
  },
  "condition_means_vs_raw_ex_covid": {
    "block|0.12": {
      "denoise_median": 0.06087037758522979,
      "denoise_savgol": 0.25576416089065046,
      "denoise_stl": 0.06918368830904115,
      "denoise_wavelet": 0.10314261529450125,
      "forward_fill": -0.009885223077399558,
      "h_ref": 1.7975873144016602e-05,
      "oracle_insample_retrained": -0.10674512537636739,
      "oracle_transfer_retrained": -0.10314638560423962,
      "raw": 0.0,
      "seasonal_fill": 0.00018907740806044186,
      "winsorize": -0.02899926009263924
    },
    "block|0.24": {
      "denoise_median": 0.06946984047999959,
      "denoise_savgol": 0.25644395921878327,
      "denoise_stl": 0.1101795877418753,
      "denoise_wavelet": 0.07806783748484869,
      "forward_fill": 0.0006805820719146538,
      "h_ref": -4.193235488823301e-05,
      "oracle_insample_retrained": -0.08730981204056933,
      "oracle_transfer_retrained": -0.08574850420862377,
      "raw": 0.0,
      "seasonal_fill": 0.009236174583551632,
      "winsorize": -0.023619260039484793
    },
    "gaussian|0.5": {
      "denoise_median": 0.021423622441082864,
      "denoise_savgol": 0.16017777518225124,
      "denoise_stl": 0.19698946195823389,
      "denoise_wavelet": 0.17765031971048117,
      "forward_fill": -0.00028276923734786385,
      "h_ref": 0.0,
      "oracle_insample_retrained": -0.0876813851084116,
      "oracle_transfer_retrained": -0.08319624363537517,
      "raw": 0.0,
      "seasonal_fill": 0.0002194454318592855,
      "winsorize": -0.01994304897420444
    },
    "level_shift|0.05": {
      "denoise_median": 0.03740879017792503,
      "denoise_savgol": 0.2550073621002623,
      "denoise_stl": -0.05977903622353457,
      "denoise_wavelet": 0.10869695682757881,
      "forward_fill": -0.00026534600500660073,
      "h_ref": 0.0,
      "oracle_insample_retrained": -0.11051576072708043,
      "oracle_transfer_retrained": -0.10678067664252042,
      "raw": 0.0,
      "seasonal_fill": 0.00010586825261142566,
      "winsorize": -0.020307036369674434
    },
    "local_permutation|0.05": {
      "denoise_median": 0.010265689297236426,
      "denoise_savgol": 0.17330534634169814,
      "denoise_stl": -0.06475392822515053,
      "denoise_wavelet": 0.10075548739856592,
      "forward_fill": -0.00022800005150610132,
      "h_ref": 0.0,
      "oracle_insample_retrained": -0.13572103533734098,
      "oracle_transfer_retrained": -0.1287296410844945,
      "raw": 0.0,
      "seasonal_fill": -4.700281474718985e-05,
      "winsorize": -0.03357016798546938
    },
    "natural|0.0": {
      "denoise_median": 0.02000734345403698,
      "denoise_savgol": 0.20654826820526895,
      "denoise_stl": -0.05194050325405715,
      "denoise_wavelet": 0.1082509093724913,
      "forward_fill": -0.0003681481665200631,
      "h_ref": 0.0,
      "oracle_insample_retrained": -0.1312423794283123,