{
 "oracle": {
  "n_records": 672,
  "n_actionable": 624,
  "actionable_rate": 0.9285714285714286,
  "raw_action": "v_none",
  "margin": 0.0
 },
 "policies": {
  "raw": {
   "n_records": 672,
   "n_valid": 672,
   "coverage": 1.0,
   "abstain_rate": 0.0,
   "mean_regret": 0.4004955429190321,
   "mean_gain_vs_raw": 0.0,
   "top1_oracle_rate": 0.07142857142857142,
   "harm_rate": 0.0,
   "mean_harm_when_harmed": null,
   "readiness_precision": null,
   "readiness_recall": 0.0,
   "readiness_f1": null,
   "readiness_accuracy": 0.07142857142857142,
   "tp": 0,
   "fp": 0,
   "tn": 48,
   "fn": 624
  },
  "global": {
   "n_records": 672,
   "n_valid": 672,
   "coverage": 1.0,
   "abstain_rate": 0.0,
   "mean_regret": 0.4264289903749465,
   "mean_gain_vs_raw": -0.02593344745591441,
   "top1_oracle_rate": 0.08779761904761904,
   "harm_rate": 0.3169642857142857,
   "mean_harm_when_harmed": 0.35191629865864077,
   "readiness_precision": 1.0,
   "readiness_recall": 0.30448717948717946,
   "readiness_f1": 0.4668304668304668,
   "readiness_accuracy": 0.3541666666666667,
   "tp": 190,
   "fp": 0,
   "tn": 48,
   "fn": 434
  },
  "d_lookup": {
   "n_records": 672,
   "n_valid": 672,
   "coverage": 1.0,
   "abstain_rate": 0.0,
   "mean_regret": 0.414742825067961,
   "mean_gain_vs_raw": -0.014247282148928944,
   "top1_oracle_rate": 0.07291666666666667,
   "harm_rate": 0.46726190476190477,
   "mean_harm_when_harmed": 0.27721498548087636,
   "readiness_precision": 1.0,
   "readiness_recall": 0.4791666666666667,
   "readiness_f1": 0.647887323943662,
   "readiness_accuracy": 0.5163690476190477,
   "tp": 299,
   "fp": 0,
   "tn": 48,
   "fn": 325
  },
  "dp_gbdt": {
   "n_records": 672,
   "n_valid": 672,
   "coverage": 1.0,
   "abstain_rate": 0.0,
   "mean_regret": 0.29650440524096433,
   "mean_gain_vs_raw": 0.10399113767806774,
   "top1_oracle_rate": 0.1949404761904762,
   "harm_rate": 0.3288690476190476,
   "mean_harm_when_harmed": 0.2875333145769478,
   "readiness_precision": 1.0,
   "readiness_recall": 0.5993589743589743,
   "readiness_f1": 0.749498997995992,
   "readiness_accuracy": 0.6279761904761905,
   "tp": 374,
   "fp": 0,
   "tn": 48,
   "fn": 250
  },
  "dp_abstain": {
   "n_records": 672,
   "n_valid": 672,
   "coverage": 1.0,
   "abstain_rate": 0.34226190476190477,
   "mean_regret": 0.27622276524754014,
   "mean_gain_vs_raw": 0.12427277767149147,
   "top1_oracle_rate": 0.17410714285714285,
   "harm_rate": 0.3913690476190476,
   "mean_harm_when_harmed": 0.2302637230173066,
   "readiness_precision": 1.0,
   "readiness_recall": 0.6041666666666666,
   "readiness_f1": 0.7532467532467533,
   "readiness_accuracy": 0.6324404761904762,
   "tp": 377,
   "fp": 0,
   "tn": 48,
   "fn": 247
  },
  "P1b-static": {
   "n_records": 672,
   "n_valid": 672,
   "coverage": 1.0,
   "abstain_rate": 0.0,
   "mean_regret": 0.296505324360637,
   "mean_gain_vs_raw": 0.10399021855839517,
   "top1_oracle_rate": 0.22767857142857142,
   "harm_rate": 0.34375,
   "mean_harm_when_harmed": 0.29450178967619844,
   "readiness_precision": 1.0,
   "readiness_recall": 0.6089743589743589,
   "readiness_f1": 0.7569721115537847,
   "readiness_accuracy": 0.6369047619047619,
   "tp": 380,
   "fp": 0,
   "tn": 48,
   "fn": 244
  },
  "oracle": {
   "n_records": 672,
   "n_valid": 672,
   "coverage": 1.0,
   "abstain_rate": 0.0,
   "mean_regret": 0.0,
   "mean_gain_vs_raw": 0.4004955429190321,
   "top1_oracle_rate": 1.0,
   "harm_rate": 0.0,
   "mean_harm_when_harmed": null,
   "readiness_precision": 1.0,
   "readiness_recall": 1.0,
   "readiness_f1": 1.0,
   "readiness_accuracy": 1.0,
   "tp": 624,
   "fp": 0,
   "tn": 48,
   "fn": 0
  }
 },
 "policy_ranking": [
  "oracle",
  "dp_abstain",
  "dp_gbdt",
  "P1b-static",
  "raw",
  "d_lookup",
  "global"
 ],
 "config": {
  "records_path": "C:\\Users\\辉\\Desktop\\Agent\\SelfEvolvingHarnessTS\\results\\Stage2\\S2_replication\\records_s2.jsonl",
  "record_arm_names": [
   "global",
   "d_lookup",
   "dp_gbdt",
   "dp_abstain"
  ],
  "external_pick_paths": {
   "P1b-static": "C:\\Users\\辉\\Desktop\\Agent\\SelfEvolvingHarnessTS\\results\\Stage2\\SkillSliceV2\\bplus_picks.json"
  }
 }
}